{
  "n": 60,
  "seed": 42,
  "universe": [
    "069540",
    "069260",
    "459550",
    "090430",
    "066570",
    "023960",
    "281740",
    "054920",
    "121600",
    "094860",
    "272290",
    "024900",
    "057540",
    "048770",
    "078600",
    "432470",
    "451800",
    "126880",
    "243840",
    "252990",
    "432320",
    "256840",
    "015230",
    "023790",
    "122640",
    "225190",
    "442570",
    "332570",
    "330350",
    "090470",
    "094800",
    "272450",
    "030610",
    "005690",
    "475150",
    "201490",
    "020560",
    "022100",
    "033170",
    "096770",
    "035250",
    "219390",
    "365550",
    "249420",
    "027050",
    "456600",
    "412350",
    "099220",
    "024880",
    "347700",
    "094970",
    "289930",
    "063440",
    "323410",
    "044450",
    "024850",
    "089890",
    "092790",
    "443670",
    "189860"
  ],
  "results": {
    "f_zone": {
      "active": 34,
      "trades": 59,
      "win_rate": 44.06779661016949,
      "avg_ret": 2.4781565995796706,
      "sum_ret": 146.21123937520056,
      "holdout_avg": 3.507931977626622,
      "drop1_stable": true,
      "verdict": "PASS",
      "fails": []
    },
    "sf_zone": {
      "active": 15,
      "trades": 18,
      "win_rate": 72.22222222222221,
      "avg_ret": 2.2431346485015364,
      "sum_ret": 40.37642367302765,
      "holdout_avg": -3.287074564738307,
      "drop1_stable": true,
      "verdict": "FAIL",
      "fails": [
        "trades 18<30"
      ]
    },
    "gold_zone": {
      "active": 54,
      "trades": 644,
      "win_rate": 49.84472049689441,
      "avg_ret": 2.158171964205863,
      "sum_ret": 1389.8627449485757,
      "holdout_avg": 2.1395890280133245,
      "drop1_stable": true,
      "verdict": "PASS",
      "fails": []
    }
  }
}