theme_id,theme_name,stock_order,stock_keyword_idx,stock_code,stock_name,type_stock,type_stock_market_inferred,diff_pct,price,volume,trade_value,news_count,description
153735,D램,1,1268,024850,HLB이노베이션,2,kosdaq,1.01,11970,0,0,0,스탬핑방식 리드프레임 공급업체
153735,D램,2,2172,061970,LB세미콘,2,kosdaq,0.12,4120,0,0,0,"반도체 후공정 전문 기업/비메모리 반도체 디스플레이를 구동하는 DDI, CIS 테스트사업 영위"
153735,D램,3,2652,095340,ISC,2,kosdaq,-1.7,150100,0,0,0,반도체 테스트소켓 사업 영위
153735,D램,4,2753,104830,원익머트리얼즈,2,kosdaq,-4.26,36000,0,0,0,반도체 제조 공정용 특수가스 제조/삼성전자에 납품
153735,D램,5,2909,131290,티에스이,2,kosdaq,-4.5,233500,0,0,0,반도체 검사장비 제조
153735,D램,6,3223,241790,티이엠씨씨엔에스,2,kosdaq,-5.12,4820,0,0,0,"반도체 제조소재 케미칼,반도체 케미칼 장비 제조"
153735,D램,7,150543,319660,피에스케이,2,kosdaq,-5.27,161800,0,0,0,반도체장비 사업 영위
153735,D램,8,1463,033160,엠케이전자,2,kosdaq,-5.87,14440,0,0,0,LPDDR 계열 메모리와 첨단 패키징 수요 증가로 본딩와이어 생산
153735,D램,9,3269,281820,케이씨텍,1,kospi,-5.97,92900,0,0,0,반도체 제조용 장비 제조
153735,D램,10,334,000660,SK하이닉스,1,kospi,-6.06,2201000,0,0,0,"메모리 반도체 (DRAM, NAND Flash, MCP) 생산"
153735,D램,11,666,005930,삼성전자,1,kospi,-6.92,296000,0,0,0,D램 제품 생산
153735,D램,12,162765,402340,SK스퀘어,1,kospi,-9.3,1356000,0,0,0,
162078,DDR5,1,3165,219130,타이거일렉,2,kosdaq,1.6,63500,0,0,0,반도체 테스트용 PCB 공급. DDR5 전환시 수혜 기대
162078,DDR5,2,2652,095340,ISC,2,kosdaq,-1.7,150100,0,0,0,메모리반도체 테스트 소켓 생산. DDR5 전환시 수혜 기대
162078,DDR5,3,751,007660,이수페타시스,1,kospi,-3.26,98000,0,0,0,핸드셋·통신·서버 등에 활용되는 MLB(다층인쇄회로기판) 제조
162078,DDR5,4,498,003160,디아이,1,kospi,-3.56,23000,0,0,0,DDR5용 번 인 테스터 공급
162078,DDR5,5,2617,092870,엑시콘,2,kosdaq,-3.8,16700,0,0,0,DDR5 메모리 테스트 장비 제조
162078,DDR5,6,2436,080580,오킨스전자,2,kosdaq,-3.9,13550,0,0,0,반도체 검사부품인 번인소켓 생산. DDR5 전환시 수혜 기대
162078,DDR5,7,159298,356860,티엘비,2,kosdaq,-4.24,67800,0,0,0,PCB(인쇄회로기판) 생산. DDR5 전환시 수혜 기대.메모리 모듈 메인보드 업그레이드에 대한 단가 상승시 수혜 기대
162078,DDR5,8,1555,036010,아비코전자,2,kosdaq,-4.84,6690,0,0,0,메탈파워 인덕터 생산. DDR5 전환시 수혜 기대
162078,DDR5,9,2685,098120,마이크로컨텍솔,2,kosdaq,-5.16,22050,0,0,0,"메모리반도체 테스트용 번인소켓, 모듈소켓 공급. DDR5 전환시 수혜 기대"
162078,DDR5,10,3203,232140,와이씨,2,kosdaq,-5.82,11000,0,0,0,메모리 웨이퍼 테스터 공급. DDR5 전환시 수혜 기대
162078,DDR5,11,1463,033160,엠케이전자,2,kosdaq,-5.87,14440,0,0,0,
162078,DDR5,12,159546,353200,대덕전자,1,kospi,-5.89,116700,0,0,0,전 종류 기판 생산
162078,DDR5,13,334,000660,SK하이닉스,1,kospi,-6.06,2201000,0,0,0,DDR5 생산
162078,DDR5,14,666,005930,삼성전자,1,kospi,-6.92,296000,0,0,0,DDR5 메모리 모듈 개발
162078,DDR5,15,2522,086390,유니테스트,2,kosdaq,-7.41,10740,0,0,0,"메모리 모듈 테스터, 메모리 컴포넌트 테스터 공급. DDR5 전환시 수혜 기대"
162078,DDR5,16,3179,222800,심텍,2,kosdaq,-8.52,108400,0,0,0,"DRAM 패키지용 BOC 기판, 메모리 모듈 PCB 제조. DDR5 전환시 수혜 기대"
153117,3D 낸드,1,1028,014680,한솔케미칼,1,kospi,1.01,251000,0,0,0,"과산화수소 생산. 삼성전자, SK하이닉스 등 반도체 업체들의 3D NAND 설비 확장 계획에 따른 반도체용 과산화수소 매출 증가 기대."
153117,3D 낸드,2,150544,031980,피에스케이홀딩스,2,kosdaq,0.31,127600,0,0,0,"반도체 후공정 장비 사업을 주요 사업으로 영위. 삼성전자, SK하이닉스 등 반도체 업체들의 3D NAND 설비 확장 계획에 따른 장비 수요 증가 기대."
153117,3D 낸드,3,2366,074600,원익QnC,2,kosdaq,-1.28,30750,0,0,0,"원익그룹 계열로 반도체 생산시 사용되는 세라믹제품을 제조. 삼성전자, SK하이닉스 등 반도체 업체들의 3D NAND 설비 확장 계획에 따른 제품 수요 증가 기대."
153117,3D 낸드,4,2408,079370,제우스,2,kosdaq,-2.19,9380,0,0,0,"반도체 및 디스플레이 관련 생산장비 제조 업체. 삼성전자, SK하이닉스 등 반도체 업체들의 3D NAND 설비 확장 계획에 따른 장비 수요 증가 기대."
153117,3D 낸드,5,1850,045100,한양이엔지,2,kosdaq,-3.27,31100,0,0,0,반도체 생산설비에 필수적인 고순도(UHP) 특수가스설비 제공. 삼성전자 등 반도체 업체들의 3D NAND 설비 확장 계획에 따른 장비 수요 증가 기대.
153117,3D 낸드,6,1596,036830,솔브레인홀딩스,2,kosdaq,-3.46,34850,0,0,0,"삼성전자, SK하이닉스 등 국내 반도체 제조사에 공정용 화학 재료 등을 공급. 반도체 업체들의 3D NAND 설비 확장 계획에 따른 제품 수요 증가 기대."
153117,3D 낸드,7,2753,104830,원익머트리얼즈,2,kosdaq,-4.26,36000,0,0,0,"삼성전자, SK하이닉스 등에 반도체 공정용 특수가스 공급. 삼성전자, SK하이닉스 등 반도체 업체들의 3D NAND 설비 확장 계획에 따른 제품 수요 증가 기대."
153117,3D 낸드,8,150543,319660,피에스케이,2,kosdaq,-5.27,161800,0,0,0,"주요 제품으로 Dry Strip, Dry Cleaning, New Hard Mask Strip, Etch Back 등 제조. 반도체 업체들의 3D NAND 설비 확장 계획에 따른 장비 수요 증가 기대."
153117,3D 낸드,9,2606,092070,디엔에프,2,kosdaq,-5.58,13210,0,0,0,"3D NAND용 HCDS를 공급. 삼성전자, SK하이닉스 등 반도체 업체들의 3D NAND 설비 확장 계획에 따른 제품 수요 증가 기대."
153117,3D 낸드,10,3269,281820,케이씨텍,1,kospi,-5.97,92900,0,0,0,디스플레이 및 반도체 공정에 사용되는 전공정 장비 및 소모성 재료 생산/판매.
153117,3D 낸드,11,334,000660,SK하이닉스,1,kospi,-6.06,2201000,0,0,0,세계적인 메모리 반도체 전문 제조업체. 업계 최초로 72단 3D NAND FLASH 개발.
153117,3D 낸드,12,666,005930,삼성전자,1,kospi,-6.92,296000,0,0,0,낸드 플래시 시장 점유율 1위 및 3D NAND를 탑재하는 SSD의 세계 시장 점유율 1위. 5세대로 분류되는 96단 3D NAND 양산에 성공.
153117,3D 낸드,13,2496,084370,유진테크,2,kosdaq,-7.24,146100,0,0,0,"전공정의 반도체기판(wafer)위에 박막을 형성하는 장비 제공. 삼성전자, SK하이닉스 등 반도체 업체들의 3D NAND 설비 확장 계획에 따른 장비 수요 증가 기대."
153117,3D 낸드,14,2522,086390,유니테스트,2,kosdaq,-7.41,10740,0,0,0,"반도체 검사 장비를 전문으로 개발, 생산하는 업체. 삼성전자, SK하이닉스 등 반도체 업체들의 3D NAND 설비 확장 계획에 따른 장비 수요 증가 기대."
153117,3D 낸드,15,3179,222800,심텍,2,kosdaq,-8.52,108400,0,0,0,"반도체용 인쇄회로기판(PCB) 사업 영위. 삼성전자, SK하이닉스 등 반도체 업체들의 3D NAND 설비 확장 계획에 따른 제품 수요 증가 기대."
153117,3D 낸드,16,3216,240810,원익IPS,2,kosdaq,-9.48,112700,0,0,0,원익그룹 계열사로 반도체 증착장비 및 장치 제조. 삼성전자의 핵심장비 공급 업체로 삼성전자의 3D NAND 추가 설비확장 등에 따른 수혜 전망.
153117,3D 낸드,17,2655,095610,테스,2,kosdaq,-9.6,145000,0,0,0,"반도체 전공정 핵심장비 CVD, ETCH장비 제조. 삼성전자, SK하이닉스 등 반도체 업체들의 3D NAND 설비 확장 계획에 따른 장비 수요 증가 기대."
153117,3D 낸드,18,2555,089030,테크윙,2,kosdaq,-10.85,41100,0,0,0,"반도체 후공정 검사장비인 테스트 핸들러 제조. 삼성전자, SK하이닉스 등 반도체 업체들의 3D NAND 설비 확장 계획에 따른 장비 수요 증가 기대."
153117,3D 낸드,19,2624,093370,후성,1,kospi,-12.59,11590,0,0,0,반도체용 특수가스 C4F6 등 제조.
3363,방산,1,2859,123010,알엔티엑스,2,kosdaq,10.45,1554,0,0,0,
3363,방산,2,167216,140430,카티스,2,kosdaq,5.93,1948,0,0,0,"동사가 개발한 경계선침입탐지시스템(PIDS)은 국가중요시설 외곽경계에 설치 및 침입감지을 위해 개발돼 국내 국방, 국가시설에 공급"
3363,방산,3,2666,096630,에스코넥,2,kosdaq,4.88,1913,0,0,0,방사청에 리튬전지 납품
3363,방산,4,884,010770,평화홀딩스,1,kospi,2.56,4010,0,0,0,"스마트 모빌리티를 위한 XR 솔루션 기업으로 스마트 모빌리티 시뮬레이터, XR 가상훈련, XR 디바이스 및 XR 실감 콘텐츠를 주력 사업으로 영위"
3363,방산,5,3037,175140,휴먼테크놀로지,2,kosdaq,1.51,2350,0,0,0,세계 최장거리의 드론 탐지 레이다를 개발한 토리스 스퀘어와 협력
3363,방산,6,517,003490,대한항공,1,kospi,1.39,29150,0,0,0,"국내 최대 항공운송회사로 헬기 및 군용항공기 정비사업도 영위. 정부 주관의 특수임무항공기 개발사업에 항공기 분야 개발업체로 참여하고 있으며, 차세대 군용 무인기 개발, 한국형 기동헬기(KUH) 공동개발 등 진행 경험 보유."
3363,방산,7,2650,095270,웨이브일렉트로,2,kosdaq,0.97,3650,0,0,0,"이동통신 기지국 및 중계기용 전력증폭기와 RRH, 무선 통신 시스템의 RF 송신부의 핵심모듈을 공급. 방산사업 부문에서 유도무기용 신호처리장치 제조/판매."
3363,방산,8,162255,273640,와이엠텍,2,kosdaq,0.93,5450,0,0,0,"미사일, 전함 등의 직류 전력제어장치용 Relay 공급"
3363,방산,9,162848,310870,디와이씨,2,kosdaq,0.93,1199,0,0,0,방산 부품 제작 기업인 신세계정공을 인수해 방위산업 시장에 본격 진출
3363,방산,10,2292,068790,DMS,2,kosdaq,0.49,6100,0,0,0,자회사 ㈜오이티가 국방부 산하기관에서 영상증폭관 개발 및 운용시험에 최종 합격하는 등 세계에서 다섯번째로 군사용 야간투시경 핵심부품 국산화에 성공한 바 있음.
3363,방산,11,1531,035420,NAVER,1,kospi,0.31,197200,0,0,0,국방 AI 전담 조직 신설 및 국방 분야 AX 사업 진출
3363,방산,12,167378,0015G0,그린광학,2,kosdaq,0,0,0,0,0,"대표 소재인 STD-ZnS는 아이언돔 미사일용 핵심 광학 소재이며, MS-ZnS는 고온등방압(HIP) 공정을 적용해 투명도와 투과율을 높인 차세대 소재로 스텔스기 유도무기 등 첨단 방산 시스템의 필수 소재"
3363,방산,13,1738,040300,YTN,2,kosdaq,-0.24,2055,0,0,0,종합보도채널 YTN의 경우 24시간 방송을 통해 전쟁 및 테러 등의 사회적 이슈나 국내외 사건사고를 빠르게 보도하는 등 뉴스전문 방송으로 위상을 공고히 유지.
3363,방산,14,2649,095190,신화프리텍,2,kosdaq,-0.25,2010,0,0,0,"K-9/21부품, T-50항공기 부품 등 방산부품을 생산/납품."
3363,방산,15,1910,047810,한국항공우주,1,kospi,-0.56,160200,0,0,0,"국내 대표 방위산업체로서 수요자인 한국정부(방위사업청)와 계약을 통해 제품(T-50 전투기, KUH헬기, 훈련기, 무인기 등)의 연구개발/생산/성능개량/ 후속지원."
3363,방산,16,723,007120,미래아이앤지,1,kospi,-0.7,1273,0,0,0,"K-9 자주포용 사격지휘 기자재, 105mm 자주곡사포 및 155mm 자주포 부품류 등을 방위사업청과 한화지상방산, 현대위아 등의 완성장비 제조 협력사에 공급."
3363,방산,17,657,005810,풍산홀딩스,1,kospi,-0.85,34900,0,0,0,풍산그룹 지주회사로 방위사업(각종 탄약류 제조)을 영위하는 풍산을 주력 자회사로 보유.
3363,방산,18,3143,214430,아이쓰리시스템,2,kosdaq,-0.96,62000,0,0,0,"군수용(방산제품) 및 민수용(치과용 등) 적외선 영상센서, 엑스레이 영상센서 및 이를 장착한 전자제품의 개발/제조/판매."
3363,방산,19,1262,024740,한일단조,2,kosdaq,-0.96,2060,0,0,0,"국내 방위산업 분야의 핵심인 최첨단 정밀 유도탄 탄체를 비롯하여 탄두 및 중장비 부품, 조선/항공산업 부품 등을 생산."
3363,방산,20,487,003010,혜인,1,kospi,-1,4450,0,0,0,"건설기계 및 육상용 발전기, 선박 및 산업용 엔진/발전기 수입판매 전문업체. 해군 차기고속정 사업 및 훈련지원정 관련사업 영위. 2015년 9월 해군 차기고속정사업 본계약 체결. 18년 1월 한진중공업과 해군 차기고속정(PKX-B) 5~8번함에 탑재할 100억원 규모의 주추진엔진 및 발전기세트 공급사업 본계약 체결."
3363,방산,21,163722,129920,대성하이텍,2,kosdaq,-1.06,4685,0,0,0,이스라엘 최대 방산업체 포함 총 3개의 글로벌 방산 기업에 미사일과 유도탄 부품 외 20여개의 부품을 공급
3363,방산,22,3527,215090,솔디펜스,2,kosdaq,-1.07,1385,0,0,0,방산분야 전자/제어사업 영위. 방위산업의 분류 중 가장 큰 부분을 차지하는 유도무기 및 항공전자 관련 제어 장치를 부품으로 자체 개발/생산.
3363,방산,23,151073,009540,HD한국조선해양,1,kospi,-1.23,360500,0,0,0,"현대중공업, 현대삼호중공업, 현대미포조선 등을 종속회사로 보유한 현대중공업그룹 중간 지주회사. 현대중공업은 방위산업 지정 조선업체로 군함, 잠수함 등 특수선박을 건조하는 방위 산업을 영위."
3363,방산,24,153159,327260,RF머트리얼즈,2,kosdaq,-1.48,46600,0,0,0,방위사업청 주관 '레이저 대공무기용 레이저 다이오드 모듈' 국산화 과제 선정. 레이저 다이오드 모듈 개발
3363,방산,25,886,010820,퍼스텍,1,kospi,-1.52,5840,0,0,0,"후성그룹 계열의 방위산업 전문업체. 항공우주(헬기 및 전투기), 유도무기(미사일), 지상무기(기동 및 화포), 해상수중무기(함포), 자동소화장치, 무인화(휴대용 소형로봇) 등 다양한 분야의 방위사업 영위."
3363,방산,26,2573,090080,평화산업,1,kospi,-1.53,838,0,0,0,자동차 및 일반산업용 전문 부품제조. 방위산업용 특수차량의 부품을 생산하여 방위산업체에 공급. 현대로템에 K2전차 궤도(캐터필러) 공급
3363,방산,27,674,006050,국영지앤엠,2,kosdaq,-1.8,492,0,0,0,방탄용/특수시설 보안용 유리 제조.
3363,방산,28,162098,372910,한컴라이프케어,1,kospi,-1.91,1696,0,0,0,"군용 방독면 K5 공급, 방위사업청과 방탄조끼 납품 계약."
3363,방산,29,2411,079550,LIG디펜스앤에어로스페이스,1,kospi,-1.96,799000,0,0,0,"LIG그룹 계열의 종합방산업체. 대공, 대함/대잠, 대지, 공대지, 수중무기 등 정밀타격 제품, 탐색레이더, 추적레이더, 영상레이더, 전자광학장비, 수중감시체계 등 감시정찰 제품, 항공전자, 함정용/항공기용 전자전, 육군용 전자전 등 항공전자/전자전 제품, 통신단말, 지상/함정 전투체계, Data Link 망관리, 상호운용성 등 지휘통제/통신 제품을 생산하는 종합방산업체. 네덜란드 방산업체와 항공정비 분야 MOU체결"
3363,방산,30,524,003570,SNT다이내믹스,1,kospi,-2.1,35000,0,0,0,"S&T그룹 계열사로 방산용 자동변속기 및 화력장비 등의 방위산업 제품을 생산하고 있으며, 120mm박격포, 81m박격포, LAH용 기관총 등을 개발."
3363,방산,31,2230,065950,웰크론,2,kosdaq,-2.15,1045,0,0,0,"나노섬유 제조기술을 이용하여 2010년 9월부터 방검복을 생산하고 있으며, 방탄복도 개발을 완료하여 방위산업분야로 사업영역 다각화중. 방탄(level Ⅲ) 방검(level Ⅱ) 성능 동시발현이 가능한 경량 하이브리드소재 제조기술 연구."
3363,방산,32,1783,042370,비츠로테크,2,kosdaq,-2.33,8790,0,0,0,"주력 생산 제품인 Li/SOCl₂(리튬염화티오닐전지)가 군용장비(무전기, 어뢰 등)의 주전원에 사용되며, 비축형전지(리저브(Reserve)전지, 앰플(Ampoule)전지 등)은 최첨단 미사일, 폭탄 등의 주전원으로 사용됨."
3363,방산,33,902,011210,현대위아,1,kospi,-2.33,63000,0,0,0,"1970년대부터 우리나라 정부로부터 화포류 전문 생산업체로 지정받아 각종 대형 화포류를 독점 생산하고 있으며, 군함에 탑재되는 함포도 생산중. 중/대구경 화포 및 항공기착륙장치 부문에서 독과점 지위 확보."
3363,방산,34,2549,088800,에이스테크,2,kosdaq,-2.86,1797,0,0,0,"무선통신기술에 기반한 방위사업 영위. 방위산업분야는 레이더, 유도무기체계,지휘통신체계,위성통신,데이터링크등의 방산용안테나 부문에 2008년부터 개발업체로 참여."
3363,방산,35,1534,035460,기산텔레콤,2,kosdaq,-2.97,2125,0,0,0,군 통신장비 및 군 보안장비 전문업체 현대제이콤을 종속회사로 보유.
3363,방산,36,662,005870,휴니드,1,kospi,-3.04,4460,0,0,0,"군사용 전술통신장비, 감시/통제시스템 등의 방산사업 영위. 군사용 무전기 및 특수통신 및 전술통신 장비 생산/공급."
3363,방산,37,161704,303530,이노뎁,2,kosdaq,-3.04,2715,0,0,0,주둔지 경계용 CCTV 사업 참가
3363,방산,38,1060,015710,코콤,2,kosdaq,-3.04,2710,0,0,0,불법 드론 탐지·무력화 시스템 `TADS-i` 개발
3363,방산,39,2199,064960,SNT모티브,1,kospi,-3.14,26200,0,0,0,"K1A기관단총, K2소총, K201유탄발사기, K3경기관총, K4고속유탄기관총, K5권총, K7소음기관단총, K11복합형소총, K-14 저격용소총 등을 개발/생산."
3363,방산,40,3528,012450,한화에어로스페이스,1,kospi,-3.19,1122000,0,0,0,"한화그룹 계열의 항공엔진사업을 영위하는 업체. 국내 군수 엔진시장에서 독점적 지위를 유지. 방산부문 주요 종속회사로 한화디펜스(주), 한화시스템(주)을 보유. 방산부문 종속회사는 K9 자주포를 중심으로 K10 탄약운반장갑차, K55A1 자주포, K56 탄약운반장갑차, K77 사격지휘차 및 원격무장 등을 생산."
3363,방산,41,2213,065450,빅텍,2,kosdaq,-3.23,2995,0,0,0,"방산관련 전자전시스템 방향탐지장치 및 피아식별기, 전원공급기, TICN 제품군 등 다양한 방산제품 등을 제조/판매."
3363,방산,42,2703,100090,SK오션플랜트,1,kospi,-3.37,14610,0,0,0,경비함 등 제조
3363,방산,43,1574,036530,SNT홀딩스,1,kospi,-3.78,50900,0,0,0,"자회사 SNT모티브, K2 소총, K5 권총 등 군사용 무기 생산."
3363,방산,44,2465,082920,비츠로셀,2,kosdaq,-3.89,34600,0,0,0,정밀유도 미사일 · 포탄용 특수 배터리 생산
3363,방산,45,165824,388790,라이콤,2,kosdaq,-3.96,4000,0,0,0,방산 분야 레이저 모듈 관련 독점 지위 확보
3363,방산,46,2830,119500,포메탈,2,kosdaq,-4.04,2495,0,0,0,"종합단조정밀기계부품 생산. 방위산업 관련 각종 ARM류, 휠, 방활구 등을 생산."
3363,방산,47,2760,105550,엣지파운드리,2,kosdaq,-4.04,404,0,0,0,핵심 군사 무기에 탑재되는 적외선 열영상 센서 제조 기술 보유
3363,방산,48,163263,368770,파이버프로,2,kosdaq,-4.15,12700,0,0,0,광섬유 센서와 관성항법장치 분야를 전문으로 하는 기술 기반 기업
3363,방산,49,2739,103140,풍산,1,kospi,-4.22,65900,0,0,0,신동사업과 방산사업을 영위하는 업체. 방산사업 부문에서는 군용탄약 및 스포츠탄약 등을 생산.
3363,방산,50,163576,396270,넥스트칩,2,kosdaq,-4.23,2265,0,0,0,"방산용 드론에 적용되는 비전센서칩 개발을 완료, 방산용 비전센서칩은 회사의 시스템 온 칩(SoC) '아파치6(APACHE6)'를 핵심 기술로 활용"
3363,방산,51,167232,295310,에이치브이엠,2,kosdaq,-4.28,51400,0,0,0,"2022년 연소기 단일 부품 소재를 첫 납품으로 시작해서 현재 로켓 엔진, 프레임 등 4가지 부품 소재로 품목이 확장"
3363,방산,52,167363,484590,삼양컴텍,2,kosdaq,-4.29,6470,0,0,0,"K2 전차 특수장갑, 차륜형 장갑차 부가장갑 등 방위산업용 특수 방탄·방호 복합소재 개발 및 제조"
3363,방산,53,868,010280,아이티센엔텍,2,kosdaq,-4.45,4505,0,0,0,"시스템통합(SI)업체로 SI사업부문(정보시스템 기획/구축 및 운용/유지보수 등), IT인프라부문(네트워크 진단/컨설팅/솔루션 설계 등)을 영위. 해해군전술C4I체계 등 대형 프로젝트의 유지보수 및 유관사업을 영위."
3363,방산,54,167261,474170,루미르,2,kosdaq,-4.53,6950,0,0,0,국방기술진흥연구소가 추진하는 방산혁신기업100 전용 혁신기술 R&D 과제에 최종 선정. 국방 첨단 감시정찰 기술분야의 전략적 혁신을 목표로 하고 있으며 총 46억 원 규모의 연구비가 투입될 예정
3363,방산,55,160736,361390,제노코,2,kosdaq,-4.71,13950,0,0,0,"위성통신부품 제조 업체. 위성탑재체, 위성운용국 및 단말, 전기지상지원장비(EGSE(Electrical Ground Support Equipment)) 사업을 주력으로 영위하고 있으며, 군 전술정보통신체계(TICN)사업의 핵심부품인 비접촉식광전케이블, 소형무장헬기(LAH)사업 및 대한민국 차세대 전투기(KF-X)사업 등의 항공전자장비, 점검장비 등 방위사업도 영위하고 있으며, 주요 고객은 한화시스템(주), 한국항공우주산업(주) 등임."
3363,방산,56,2188,064350,현대로템,1,kospi,-4.75,186400,0,0,0,"국내 유일의 전차 개발 및 생산업체. 전투차량, 무인 무기체계 등을 생산하는 방위사업을 영위. 전차(K1A1, K2 등), 교량전차, 구난전차 등의 지상 군수장비를 생산."
3363,방산,57,2953,140670,알에스오토메이션,2,kosdaq,-4.75,9420,0,0,0,유도무기에 필요한 핵심 부품인 초소형 정전용량식 엔코더를 개발 완료
3363,방산,58,166344,448710,코츠테크놀로지,2,kosdaq,-4.83,10840,0,0,0,"싱글보드컴퓨터 및 군용전시기, 무기체계탑재용 컴퓨터장치, 주변기기, 무기체계 시스템 등의 방위산업 무기체계의 중요 모듈 설계 및 제조를 주업종으로 함."
3363,방산,59,167280,474610,RF시스템즈,2,kosdaq,-5.17,6600,0,0,0,"안테나 시스템, 레이다 시스템, 환경제어 시스템 등을 개발하고 공급하는 방산 전문기업"
3363,방산,60,3164,218410,RFHIC,2,kosdaq,-5.18,54900,0,0,0,레이더용 GaN 전력증폭기 등 공급.
3363,방산,61,149914,100590,머큐리,2,kosdaq,-5.34,3460,0,0,0,
3363,방산,62,1000,013810,스페코,2,kosdaq,-6.02,1765,0,0,0,"구축함용 함 안정기, 워터젯, 함안정조타기 등 생산. 함안정기(항해 중 파도,바람에 의해 발생되는 함정의 횡동요를 감쇄시키는 설비)를 방산물자로 지정받아 대한민국 해군에 독점 공급."
3363,방산,63,150898,242040,나무기술,2,kosdaq,-6.52,4230,0,0,0,세계 최고 방산기업 록히드마틴과 레드햇 군사AI 개발. 과거 나무기술은 레드헷과 협력해 클라우드 플랫폼 출시
3363,방산,64,154528,274090,켄코아에어로스페이스,2,kosdaq,-6.6,10610,0,0,0,"항공기부품 제조/판매. 항공기 설계/제조. 항공기 부품 관련 가공 및 조립 매출액의 대부분을 차지하고 있으며, 해당 매출은 방산 부문과 민수부분으로 구분. 미국 내 매출액 비중이 과반 이상을 차지."
3363,방산,65,1446,032820,우리기술,2,kosdaq,-6.7,10870,0,0,0,"자회사 케이에스씨, 케이알씨가 육군 인공지능 기반 차세대 지상전투체계 핵심인 차륜형 지휘소 차량 개발 프로젝트 참여."
3363,방산,66,1650,038060,루멘스,2,kosdaq,-6.81,725,0,0,0,"군통신장비(MST, 전술통신, 전자전, 레이다 솔루션 등) 개발/생산업체 엘아이씨티 지분 보유."
3363,방산,67,152605,084850,아이티엠반도체,2,kosdaq,-7.06,8820,0,0,0,한화에어로스페이스와 손잡고 수출 목적의 잠수함용 셀 트레이(용기) 개발을 위한 협약을 체결. 국방기술진흥연구소 무기체계 제조개발 지원사업의 수출 잠수함용 리튬전지체계개발 사업에서 셀 트레 개발 전문업체로 아이티엠반도체가 낙점
3363,방산,68,2774,108380,대양전기공업,2,kosdaq,-7.1,17000,0,0,0,"국내최초 6,000m급 심해 무인 잠수정을 개발하였고, 해군에 방위산업 관련 조명등기구, 전기/전자 제품, 함내외 통신체계 등 공급. 잠수함용 연축전지 제조 등 방위산업을 주요 사업으로 영위하는 한국특수전지(주)를 종속회사로 보유."
3363,방산,69,167331,081180,쎄크,2,kosdaq,-7.35,5670,0,0,0,엑스레이 검사장비 전문 기업으로 방산 산업용 LINAC(선형가속기) System 검사장비 보유
3363,방산,70,2672,097230,HJ중공업,1,kospi,-7.62,17590,0,0,0,"조선(신조선, 특수선, 수리선, 조선플랜트 등) 및 건설사업(토목공사, 건축공사, 플랜트공사, 분양 등) 영위. 1972년 국내 최초의 국산 경비정 학생호 건조를 시작으로 1974년 국내방위산업체 1호 기업으로 지정된 이래, 대형수송함 독도함, 초계함, 상륙함, 공기부양선, 경비정 등 국내 최다 함정 건조실적을 보유."
3363,방산,71,349,000880,한화,1,kospi,-7.87,101800,0,0,0,"방위사업 전문업체로 화약류(방산품, 산업화약 등)의 제조/판매. 방산업체 한화시스템을 주요 종속회사로 보유."
3363,방산,72,167421,288180,케이피항공산업,2,kosdaq,-8.68,8630,0,0,0,"고체 연료 기반 유도무기 추진기관 제작에 필요한 독자적인 핵심 기술(분할식 맨드릴 금형 등)을 기반으로 천궁-II, 현무 등 주요 국산 유도무기 체계의 핵심 부품을 안정적으로 양산"
3363,방산,73,167286,484870,엠앤씨솔루션,1,kospi,-9.13,32350,0,0,0,"국내 최초로 방산용 서보밸브 개발·양산에 성공하였으며, 미세한 전류 신호를 활용해 유량과 압력을 정밀 제어해주기 때문에 방산, 항공, 우주, 로봇 등 다양한 분야에서 활용"
3363,방산,74,2380,077970,STX엔진,1,kospi,-9.48,26250,0,0,0,"민수사업(선박용 엔진, 육상발전용 엔진, 산업 엔진 등), 특수사업(방위산업용 엔진 등), 전자통신사업(해군 레이다/통신체계, 기상청 기상레이다 등)을 영위하는 업체. 주요 매출처는 삼성중공업, 방위사업청, 한화디펜스 주식회사, (주)한진중공업, 대우조선해양, 현대로템주식회사 등."
3363,방산,75,167205,437730,삼현,2,kosdaq,-10.27,33200,0,0,0,"다목적 무인차량 ‘호플론’을 개발. 호플론은 삼현의 구동모터, 제어기, 감속기 기술이 통합된 3-in-1 파워트레인(EPT)을 기반으로 함"
3363,방산,76,2377,077360,덕산하이메탈,2,kosdaq,-10.53,8500,0,0,0,"자회사 덕산넵코어스, 누리호 시험발사체에 GNSS 항법장치를 공급. 소형무장헬기 부품 국산화 주관사 선정"
3363,방산,77,166228,321370,센서뷰,2,kosdaq,-12.48,1620,0,0,0,"국내 주요 방산 기업과 수출향 무기 체계에 적용되는 밴드패스 필터(Band Pass Filter, BPF) 공급계약 체결. 항공기, 전투함, 레이다시스템용 안테나 등의 제품 공급에 이어 송수신 필터까지 공급 품목을 확대."
3363,방산,78,155477,272210,한화시스템,1,kospi,-12.98,70400,0,0,0,"한화그룹 계열의 방위산업 시스템 업체. 주요 고객인 한국정부(방위사업청, 국방과학연구소, 각군 등)와 계약을 통해 제품의 연구개발, 생산, 성능개량, 후속지원 등을 주요 사업으로 하는 방위산업 분야 시스템 사업 영위. 1978년 야간투시경 방산업체 지정부터 현재 감시정찰분야 중심 전자광학, 레이다, 항공전자, 전투체계 등 방위사업 핵심분야에 주도적으로 참여 중."
3363,방산,79,166048,274400,이노시뮬레이션,2,kosdaq,-13.49,2180,0,0,0,국방훈련체계 시스템 개발 및 수출
3363,방산,80,167422,477850,마키나락스,2,kosdaq,-19.41,24500,0,0,0,
3363,방산,81,1792,042660,한화오션,1,kospi,-22.65,89800,0,0,0,"방위산업 지정 조선업체로서 잠수함, 구축함 등 특수선 건조사업 영위."
150313,비메모리 반도체,1,163417,399720,가온칩스,2,kosdaq,17.95,48950,0,0,0,시스템반도체 전문 디자인 솔루션 제공
150313,비메모리 반도체,2,1872,045970,코아시아,2,kosdaq,4.49,2910,0,0,0,시스템반도체 파운드리 디자인솔루션 전문업체인 코아시아 세미를 자회사로 보유한 사업지주회사. 코아시아 세미를 통해 20년 4월 삼성전자 파운드리 사업부의 SAFE DSP(디자인 솔루션 파트너)로 등록.
150313,비메모리 반도체,3,3098,200710,에이디테크놀로지,2,kosdaq,3.63,31400,0,0,0,"반도체소자 설계 및 제조(ASIC)를 주요사업으로 영위. 세계 최고 파운드리 기업인 TSMC로부터 VCA(Value Chain Aggregator)로 지정. 고사양/고집적도 시스템 반도체를 개발 및 양산중이며, 저전력 시스템반도체 개발을 위한 인프라를 확보하고 있음."
150313,비메모리 반도체,4,2633,094170,동운아나텍,2,kosdaq,1.69,33000,0,0,0,비메모리용 반도체 제조
150313,비메모리 반도체,5,158770,330860,네패스아크,2,kosdaq,0.92,32950,0,0,0,"시스템반도체 생태계의 중요한 한 축을 담당하는 반도체 테스트 전문기업. PMIC(Power Management IC), DDI(Display Driver IC), SoC(System on Chip) 등 영역의 반도체 테스트를 주력으로 영위하고 있으며, 특히 PMIC에 대해서는 국내 독점적 지위 확보. 네패스를 모회사를 두고 네패스 고객사(삼성전자 등)의 Test 물량을 확보해 웨이퍼 테스트(Wafer Test), Package Test, Final Test(FT)를 진행."
150313,비메모리 반도체,6,2773,108320,LX세미콘,1,kospi,0.9,39300,0,0,0,"평판 디스플레이용 시스템 반도체 부품 제조업체. 생산설비가 없는 팹리스(Fabless)업체로 전량 반도체 전문생산업체(Foundry)에서 외주생산. 주요제품으로 다양한 방식의 디스플레이 구동에 필요한 핵심부품인 패널 구동 IC 와 Data 신호전달 및 제어부품(T-CON), 전원관리IC(PMIC) 등."
150313,비메모리 반도체,7,2538,087600,픽셀플러스,2,kosdaq,0.25,3955,0,0,0,이미지센서 등 설계.
150313,비메모리 반도체,8,2172,061970,LB세미콘,2,kosdaq,0.12,4120,0,0,0,비메모리 반도체 DDI&광반도체 범핑 및 테스트사업 영위.
150313,비메모리 반도체,9,2720,101400,엔시트론,2,kosdaq,-0.84,1771,0,0,0,음향용 비메모리 반도체 판매
150313,비메모리 반도체,10,150850,000990,DB하이텍,1,kospi,-0.97,111800,0,0,0,비메모리 반도체 특화 파운드리 업체.
150313,비메모리 반도체,11,1464,033170,시그네틱스,2,kosdaq,-1.26,471,0,0,0,비메모리 패키징 사업 영위.
150313,비메모리 반도체,12,167193,452430,사피엔반도체,2,kosdaq,-1.38,28550,0,0,0,"비메모리 반도체(ASIC, Display Driver IC 등) 설계·용역·생산·판매를 주력사업으로 함"
150313,비메모리 반도체,13,161574,383800,LX홀딩스,1,kospi,-1.41,7690,0,0,0,"자회사 실리콘웍스, 디스플레이 Driver IC 등 설계."
150313,비메모리 반도체,14,3437,303030,지니틱스,2,kosdaq,-1.73,1474,0,0,0,"시스템 반도체 팹리스 설계 회사로, 시스템 반도체의 가장 기본이 되며 핵심인 터치 컨트롤러 IC(Touch Controller IC), Auto Focus & OIS Driver IC (‘AF Driver IC’), Haptic IC, Fintech MST IC, AMOLED DC-DC IC 등을 개발."
150313,비메모리 반도체,15,165358,389020,자람테크놀로지,2,kosdaq,-1.75,22450,0,0,0,"통신용 반도체와 광부품·네트워크 장비 등 정보기술, 통신기기 장비를 자체 설계 및 제조"
150313,비메모리 반도체,16,2825,117670,알파칩스,2,kosdaq,-1.85,9000,0,0,0,"시스템반도체 개발 전문기업. 다양한 분야(모바일, 자동차, CCTV 등)에서 시스템반도체 제품을 설계하는 팹리스 회사에 IP 및 개발에 필요한 모든 솔루션을 제공중. 삼성전자와 디자인서비스 Partner 계약을 체결하여 팹리스 회사에 완성된 시스템반도체 제품을 공급중. 제품 생산은 삼성전자에 위탁생산을 진행."
150313,비메모리 반도체,17,167143,445090,에이직랜드,2,kosdaq,-1.91,19050,0,0,0,고객사 반도체 논리회로 설계를 펩리스 공정에 맞게 재설계
150313,비메모리 반도체,18,1679,038880,아이에이,2,kosdaq,-1.93,2540,0,0,0,비메모리 반도체 설계사업 영위.
150313,비메모리 반도체,19,2628,093520,매커스,2,kosdaq,-2.06,16600,0,0,0,비메모리 반도체 FPGA 반도체(PLD 반도체)와 아날로그 반도체 판매 및 비메모리 반도체 솔루션 업체
150313,비메모리 반도체,20,152149,317120,라닉스,2,kosdaq,-2.12,1339,0,0,0,자동차와 사물인터넷(IoT)의 핵심기술인 무선통신과 보안 및 인증 관련 시스템반도체 및 LPWAN(Low-Power Wide-Area Network) 플랫폼 사업 등을 영위하는 토털 시스템반도체 솔루션 업체.
150313,비메모리 반도체,21,2010,052860,아이앤씨,2,kosdaq,-2.17,4290,0,0,0,"팹리스(Fabless) 반도체 업체. 스마트에너지사업(한전 AMI, 민수 AMI, LED조명제어), 무선사업(IoT, Wi-Fi 칩&모듈), 멀티미디어사업(Mobile TV, Digital Radio) 등을 주요 사업으로 영위."
150313,비메모리 반도체,22,2069,054450,텔레칩스,2,kosdaq,-2.29,10230,0,0,0,MCU칩 개발.
150313,비메모리 반도체,23,2433,080520,오디텍,2,kosdaq,-2.45,2790,0,0,0,"비메모리반도체 칩과 센서, 센서모듈 생산."
150313,비메모리 반도체,24,2378,077500,유니퀘스트,1,kospi,-2.52,5810,0,0,0,MCU칩 개발.
150313,비메모리 반도체,25,1575,036540,SFA반도체,2,kosdaq,-2.67,5100,0,0,0,"반도체 조립 및 TEST 제품을 주력으로 생산하는 반도체 후공정 전문업체. 과거 Low level 비메모리 반도체 생산에서 점차 경박단소, 적층, 고용량의 High-end 제품생산 및 SiP(System-in-Package), SSD용 부품 등 차세대 제품을 생산중."
150313,비메모리 반도체,26,150906,059120,아진엑스텍,2,kosdaq,-2.71,5030,0,0,0,"모션제어 칩을 핵심경쟁력으로 하는 Fab-less 반도체 설계 전문업체. 모션제어 칩(Chip)을 이용해 다양한 모션제어 모듈, 모션제어 시스템, 로봇제어기 제품을 자체 기술로 개발/제조/판매/서비스중. 반도체 장비 및 스마트폰 장비와 같은 제조/검사 자동화 장비의 제어기 국산화 및 제조용 로봇제어기 전문기업."
150313,비메모리 반도체,27,1492,033640,네패스,2,kosdaq,-3.05,20650,0,0,0,비메모리반도체 후공정 및 Fan-out WLP(FOWLP) 기술 보유.
150313,비메모리 반도체,28,2950,140070,서플러스글로벌,2,kosdaq,-3.23,1620,0,0,0,"평판 디스플레이용 시스템 반도체 부품 제조업체. 생산설비가 없는 팹리스(Fabless)업체로 전량 반도체 전문생산업체(Foundry)에서 외주생산. 주요제품으로 다양한 방식의 디스플레이 구동에 필요한 핵심부품인 패널 구동 IC 와 Data 신호전달 및 제어부품(T-CON), 전원관리IC(PMIC) 등."
150313,비메모리 반도체,29,2833,119830,아이텍,2,kosdaq,-3.27,5320,0,0,0,시스템 반도체 테스트 전문업체. 패키지테스트(조립이 완료된 반도체에 대한 최종 양품/불량 판정 테스트)와 웨이퍼테스트(Fab에서 나온 Wafer를 조립진행 전 양품/불량 판정 테스트)를 주요사업으로 영위.
150313,비메모리 반도체,30,2914,131970,두산테스나,2,kosdaq,-3.37,103200,0,0,0,"시스템반도체 테스트 전문업체. Logic 및 Mixed Signal IC를 포함한 SoC, CMOS 이미지센서(CIS), Micro Controller/Smart Card IC 및 Analog 반도체 테스트를 주요 사업 영역으로 영위."
150313,비메모리 반도체,31,165609,424980,마이크로투나노,2,kosdaq,-3.47,6680,0,0,0,SK하이닉스를 주력 매출처로 하는 낸드플래시용 프로브카드 생산.
150313,비메모리 반도체,32,2614,092600,앤씨앤,2,kosdaq,-3.52,2330,0,0,0,영상보안장비에 특화된 멀티미디어 팹리스(Fabless) 반도체 설계업체. CCTV카메라와 DVR과 같은 영상보안기기의 영상처리 반도체를 주로 생산.
150313,비메모리 반도체,33,498,003160,디아이,1,kospi,-3.56,23000,0,0,0,삼성전자에 비메모리반도체 검사장비 공급 이력.
150313,비메모리 반도체,34,163825,394280,오픈엣지테크놀로지,2,kosdaq,-3.62,10920,0,0,0,시스템 반도체 설계자산(IP) 전문업체. 반도체 칩 개발에 필요한 설계도 제작해 반도체 회사에 공급
150313,비메모리 반도체,35,2671,096870,엘디티,2,kosdaq,-3.63,2255,0,0,0,SoC용 반도체 개발
150313,비메모리 반도체,36,2636,094360,칩스앤미디어,2,kosdaq,-3.87,12180,0,0,0,MCU칩 설계.
150313,비메모리 반도체,37,162569,321260,프로이천,2,kosdaq,-3.94,1730,0,0,0,비메모리용 MEMS 프로브카드 제조
150313,비메모리 반도체,38,2629,093640,케이알엠,2,kosdaq,-4,3360,0,0,0,MCU칩 개발사업 영위.
150313,비메모리 반도체,39,2123,058470,리노공업,2,kosdaq,-4.01,71900,0,0,0,"검사용 PROBE(SPRING CONTACT PROBE:LEENO PIN)와 반도체 검사용 소켓(IC TEST SOCKET)을 자체브랜드로 개발하여, 제조 판매하는 사업을 영위하는 업체. 다품종 소량의 비메모리 반도체 칩에 대응할 수 있는 IC TEST SOCKET의 수요가 증가중."
150313,비메모리 반도체,40,163576,396270,넥스트칩,2,kosdaq,-4.23,2265,0,0,0,자율주행차용 비메모리 반도체 팹리스 업체
150313,비메모리 반도체,41,1594,036810,에프에스티,2,kosdaq,-4.3,22250,0,0,0,비메모리반도체 부품 포토마스크용 보호막인 펠리클 생산.
150313,비메모리 반도체,42,2267,067310,하나마이크론,2,kosdaq,-4.49,37250,0,0,0,비메모리반도체 플렉시블 패키징 기술 보유.
150313,비메모리 반도체,43,161464,252990,샘씨엔에스,2,kosdaq,-4.69,11390,0,0,0,일본이 독과점한 비메모리용 테스트 프로브카드 국산화에 따른 실적 기대 보유
150313,비메모리 반도체,44,166290,172670,에이엘티,2,kosdaq,-4.73,9070,0,0,0,"비메모리반도체 중에서 Display Drive IC, CMOS 이미지센서, Power Management IC 등 고난이도 제품의 테스트를 주 사업으로 영위."
150313,비메모리 반도체,45,2688,098460,고영,2,kosdaq,-4.75,27100,0,0,0,전자제품 및 반도체 생산용 검사장비업체(3차원 정밀측정 검사 기술 보유). 주요 제품으로 3D SPI 장비와 3D AOI 장비 등을 보유.
150313,비메모리 반도체,46,2731,102120,어보브반도체,2,kosdaq,-5.09,7460,0,0,0,반도체 칩(MCU) 생산.
150313,비메모리 반도체,47,163420,365590,하이딥,2,kosdaq,-5.21,892,0,0,0,시스템반도체 펩리스 사업 영위
150313,비메모리 반도체,48,2876,123860,아나패스,2,kosdaq,-5.5,14270,0,0,0,비메모리반도체인 주문형 반도체(ASIC)를 주력으로 공급.
150313,비메모리 반도체,49,159546,353200,대덕전자,1,kospi,-5.89,116700,0,0,0,삼성전자와 비메모리 반도체 핵심 부품 생산
150313,비메모리 반도체,50,334,000660,SK하이닉스,1,kospi,-6.06,2201000,0,0,0,"SK그룹 계열의 세계적인 메모리 반도체 전문 제조업체. 주력 생산제품은 DRAM과 낸드플래시 및 MCP(Multi-chip Package)와 같은 메모리 반도체 제품이나, 2007년부터는 시스템 LSI 분야인 CIS(CMOS Image Sensor) 사업에 재진출하여 종합반도체 회사로 영역을 확대중."
150313,비메모리 반도체,51,166316,429270,시지트로닉스,2,kosdaq,-6.16,3580,0,0,0,
150313,비메모리 반도체,52,666,005930,삼성전자,1,kospi,-6.92,296000,0,0,0,"DS 사업부문(DRAM, NAND Flash, 모바일AP, TFT-LCD, OLED 등)에서 반도체 사업을 영위. 미국 오스틴의 시스템반도체(LSI) 전용라인을 보유. 신규 시스템반도체 라인인 화성 17라인을 보유."
150313,비메모리 반도체,53,1794,042700,한미반도체,1,kospi,-7.06,210500,0,0,0,"반도체, 태양광 및 LED 제조장비의 제조, 판매 업체. 반도체 제조용 장비를 국내외 반도체 관련 제조업체에 공급중. 반도체 후공정 장비업체로 시스템 반도체 투자 확대에 따른 수혜."
150313,비메모리 반도체,54,2522,086390,유니테스트,2,kosdaq,-7.41,10740,0,0,0,"자회사 테스티안, 비메모리 부문 전류 검사장비 제조."
150313,비메모리 반도체,55,162765,402340,SK스퀘어,1,kospi,-9.3,1356000,0,0,0,"자회사 SK하이닉스, CIS 이미지센서 등 비메모리반도체 생산"
150313,비메모리 반도체,56,2555,089030,테크윙,2,kosdaq,-10.85,41100,0,0,0,비메모리반도체 테스트핸들러 장비 공급.
155428,거푸집(데크플레이트),1,2784,109610,에스와이,2,kosdaq,29.95,2560,0,0,0,자회사 에스와이스틸텍 데크플레이트 제조
155428,거푸집(데크플레이트),2,167142,365330,에스와이스틸텍,2,kosdaq,14.49,2070,0,0,0,"데크 플레이트 설계, 시공, 유통"
155428,거푸집(데크플레이트),3,3434,058730,다스코,1,kospi,13.31,4000,0,0,0,데크플레이트 생산시설 투자.
155428,거푸집(데크플레이트),4,3073,192390,윈하이텍,2,kosdaq,4.95,1801,0,0,0,데크플레이트 생산.
155428,거푸집(데크플레이트),5,1144,018310,삼목에스폼,2,kosdaq,-0.07,14980,0,0,0,"커푸집류인 알루미늄폼, 갱폼, 유로폼 제조."
155428,거푸집(데크플레이트),6,1014,014280,금강공업,1,kospi,-0.24,4185,0,0,0,"커푸집류인 알루미늄폼, 갱폼, 유로폼 제조."
155428,거푸집(데크플레이트),7,1648,038010,제일테크노스,2,kosdaq,-0.51,5900,0,0,0,데크플레이트 생산.
155428,거푸집(데크플레이트),8,2580,090410,덕신이피씨,2,kosdaq,-1.87,840,0,0,0,데크플레이트 생산.
154420,영상 콘텐츠,1,152417,317530,에피소드컴퍼니,2,kosdaq,8.52,2865,0,0,0,"어린이 방송국 캐리TV를 운영중인 키즈/패밀리 콘텐츠 제작업체. TV와 모바일의 자체 운영 채널을 중심으로 한 어린이 가족분야의 콘텐츠 사업(영상 콘텐츠, 애니메이션, 음악, 영화 등)과 캐릭터IP 및 미디어 기반의 사업(공연, MD 상품, 라이선스 상품, 교육상품, 키즈카페 등) 등을 영위."
154420,영상 콘텐츠,2,155003,310200,애니플러스,2,kosdaq,6,2385,0,0,0,"유스 애니메이션을 핵심 콘텐츠로 하는 'ANIPLUS' 방송사업을 주 사업으로 영위하고 있으며, VOD 사업, 극장판 애니메이션 배급 사업, 전시 이벤트 사업 등 관련 사업 영역으로 다각화. 싱가포르 종속회사인 PLUS MEDIA NETWORKS ASIA PTE. LTD.를 통해 동남아시아 시장에서 해외 애니메이션 방송 및 콘텐츠 유통사업도 영위."
154420,영상 콘텐츠,3,3237,253450,스튜디오드래곤,2,kosdaq,5.72,23100,0,0,0,"CJ그룹 계열의 드라마 등 방송영상물제작업체. 드라마 콘텐츠를 기획/제작하여 미디어 플랫폼에 배급하고 VOD, OTT 등을 통한 유통사업 등 영위."
154420,영상 콘텐츠,4,3034,173940,에프엔씨엔터,2,kosdaq,3.26,2215,0,0,0,"미디어콘텐츠 제작 사업을 영위하는 ㈜에프엔씨프로덕션, ㈜지니픽처스, ㈜에프엔씨스토리를 종속회사로 보유."
154420,영상 콘텐츠,5,3537,035760,CJ ENM,2,kosdaq,2.97,32900,0,0,0,"CJ오쇼핑과 CJ E&M과의 합병법인. 헐리우드 메이저 스튜디오인 드림웍스의 외화를 직접 배급. 케이블TV Mnet 채널을 중심으로 자체제작 콘텐츠를 공급. KT, SK브로드밴드, LG유플러스의 IPTV에 영상콘텐츠를 실시간으로 제공."
154420,영상 콘텐츠,6,148888,299900,위지윅스튜디오,2,kosdaq,2.22,230,0,0,0,"VFX, ANIMATION, INTERACTIVE MEDIA, VR & AR 등 CG 기술로 표현될 수 있는 모든 종류의 콘텐츠를 제작하는 종합 콘텐츠 미디어 제작업체. 영화, 드라마 등에 대한 영상 기술 제작 서비스 뿐 아니라 뉴미디어 콘텐츠에 대한 영상 기획/제작 서비스를 포괄적으로 제공."
154420,영상 콘텐츠,7,2075,054780,키이스트,2,kosdaq,1.69,1448,0,0,0,"엔터테인먼트 사업영위 업체. 울랄라 부부, 학교, 비밀, 응급남녀, 신의 선물, 밤을 걷는 선비, 보이스 등을 방영하는 주요자회사 (주)콘텐츠케이를 흡수합병."
154420,영상 콘텐츠,8,3116,206560,덱스터,2,kosdaq,1.62,1189,0,0,0,
154420,영상 콘텐츠,9,167380,403850,더핑크퐁컴퍼니,2,kosdaq,1.49,10880,0,0,0,"콘텐츠 IP(핑크퐁, 아기상어, 베베핀 등)를 기반으로 완구·애니메이션·공연·라이선스 등 다양한 사업을 펼치는 글로벌 미디어 기업"
154420,영상 콘텐츠,10,1541,035620,바른손이앤에이,2,kosdaq,1.4,722,0,0,0,영화사업 및 온라인/모바일게임 개발 업체. 2015년 바른손필름을 흡수합병해 영화사업에 진출.
154420,영상 콘텐츠,11,1550,035900,JYP Ent.,2,kosdaq,0.93,54400,0,0,0,"연예매니지먼트, 영화, 드라마, 음반기획/제작 발매사업을 영위하는 업체. 트와이스, GOT7, ITZY, Stray Kids 등 소속가수 및 연예인들의 엔터테인먼트 활동(광고, 드라마출연, 공연 등)과 음반(CD), 음원의 제작 및 판매를 주요사업으로 영위."
154420,영상 콘텐츠,12,2534,086980,쇼박스,2,kosdaq,0.74,2045,0,0,0,"국내 굴지의 영화 제작, 투자 및 배급사."
154420,영상 콘텐츠,13,151596,241840,에이스토리,2,kosdaq,0.61,2480,0,0,0,"방송프로그램 제작 및 공급업체. 기존 지상파 및 유료방송뿐만 아니라, NETFLIX의 국내 첫 오리지널 드라마인 및 후속 시리즈 , 두번째 오리지널 드라마 등이 있음."
154420,영상 콘텐츠,14,160737,289220,자이언트스텝,2,kosdaq,0.44,1373,0,0,0,"AI기반 리얼타임 콘텐츠 솔루션 전문업체. 국내 유일하게 디즈니 Audit(2016), 넷플릭스 4K 기술 test(2018), TPN(Trusted Partner Network)의 보안평가프로그램(2019)을 모두 통과한 VFX기업으로, 광고VFX 및 영상VFX, 리얼타임 콘텐츠 솔루션에 이르기까지 다양한 콘텐츠를 제작"
154420,영상 콘텐츠,15,164302,419530,SAMG엔터,2,kosdaq,0,24600,0,0,0,어린이용 영상 제작 및 배급. 애니메이션 '반짝반짝 캐치! 티니핑'이 중국 온라인 동영상 서비스(OTT) 공개 하루 만에 인기 급상승 순위 1위
154420,영상 콘텐츠,16,160095,321820,아티스트컴퍼니,2,kosdaq,0,2420,0,0,0,배급업 신고 및 ‘아티스트스튜디오’ 상표권을 출원. 콘텐츠 제작·투자·배급 등의 스튜디오 사업을 시작.
154420,영상 콘텐츠,17,1931,048910,대원미디어,2,kosdaq,0,4755,0,0,0,애니메이션 및 캐릭터산업의 국내 선두기업. 애니메이션 전문 위성방송국 및 케이블방송국을 운영중. 대원방송(주) 등을 종속회사로 보유.
154420,영상 콘텐츠,18,1978,051780,큐로홀딩스,2,kosdaq,0,3000,0,0,0,"영화·드라마 등 영상 콘텐츠 제작, 연예인 매니지먼트 등의 엔터테인먼트 사업을 주요사업으로 영위."
154420,영상 콘텐츠,19,1503,034120,SBS,1,kospi,-0.08,12490,0,0,0,"방송된 지상파콘텐츠를 해외 및 국내 케이블PP, 위성방송, 인터넷, IPTV 등에 판매."
154420,영상 콘텐츠,20,1557,036030,케이티알파,2,kosdaq,-0.22,4535,0,0,0,KT그룹 계열의 모바일인터넷 서비스 및 콘텐츠 플랫폼 서비스 제공업체로 쿠팡의 OTT 서비스인 쿠팡플레이와 영화 콘텐츠 부분 협업 추진.
154420,영상 콘텐츠,21,166230,432430,와이랩,2,kosdaq,-0.23,2160,0,0,0,웹툰 IP를 활용한 영상 제작.
154420,영상 콘텐츠,22,163321,389140,포바이포,2,kosdaq,-0.4,4950,0,0,0,"8K TV, 미디어월, 옥외광고에 실리는 콘텐츠 제작"
154420,영상 콘텐츠,23,3544,063440,SM Life Design,2,kosdaq,-0.44,1139,0,0,0,"영화콘텐츠(DVD, Blu-ray 등) 사업 등을 영위하는 업체. 홈비디오사업 파트는 월트디즈니, 쇼박스, 워너브러더스 코리아, 판씨네마 등 주요 영화사와 부가판권 판권 계약을 맺어 DVD와 Blu-ray, 4K UHD를 대여점, 음반매장, 주요 서점 및 대형 할인매장을 통해 유통."
154420,영상 콘텐츠,24,164989,408900,스튜디오미르,2,kosdaq,-0.62,1125,0,0,0,애니메이션 제작 및 기획 사업 영위
154420,영상 콘텐츠,25,1911,047820,초록뱀미디어,2,kosdaq,-0.73,3405,0,0,0,"TV드라마 제작을 중심으로 하는 컨텐츠 제작사업과 드라마 컨텐츠를 기반으로 하는 각종 부가사업(OST, 컬러링, 캐릭터상품, 테마파크 개발) 등을 영위하는 업체."
154420,영상 콘텐츠,26,1883,046390,삼화네트웍스,2,kosdaq,-0.74,1890,0,0,0,"드라마제작을 중심으로 한 엔터테인먼트 업체. 함부로 애틋하게, 그래 그런거야, 구가의 서, 제빵왕 김탁구, 여우각시별 등을 제작."
154420,영상 콘텐츠,27,2851,122450,KX,2,kosdaq,-1.44,2745,0,0,0,"방송송출서비스사업 및 방송채널사업을 영위하는 업체. 케이블TV, 위성방송, IPTV, 위성DMB 등 국내에서 서비스되고 있는 모든 유료방송 플랫폼에 방송채널사용사업자(PP)의 프로그램을 실시간 송출. 자체 채널을 포함하여 현재 250~260개 이상의 채널을 송출중."
154420,영상 콘텐츠,28,162906,200350,아티스트스튜디오,2,kosdaq,-2.12,2075,0,0,0,드라마 제작사업 영위
154420,영상 콘텐츠,29,167249,476080,M83,2,kosdaq,-2.44,3795,0,0,0,VFX(시각특수효과) 전문기업. 영화 '노량 죽음의바다' '한산 용의출현' '승리호'를 포함해 드라마 '빈센조' '스위트 홈' 등 메인 스튜디오로서 대규모 시각효과를 진행
154420,영상 콘텐츠,30,3010,160550,NEW,2,kosdaq,-2.53,1154,0,0,0,"2008년 영화투자배급사로 설립. 영화, 비디오물 및 방송프로그램 배급업을 주요사업으로 영위중. 천만 관객 이상의 <7번방의 선물(2013)>, , 과 , 등의 영화와 드라마 를 흥행시켰으며, 방송프로그램 기획, 투자 및 제작(스튜디오앤뉴), 영화 부가판권 유통대행(콘텐츠판다), 음원 투자 및 유통(뮤직앤뉴), 스포츠마케팅/매니지먼트(브라보앤뉴), 영화 등 영상콘텐츠 VFX 제작(엔진비주얼웨이브) 사업을 통해 종합 미디어컨텐츠 그룹으로 성장."
154420,영상 콘텐츠,31,167274,473980,노머스,2,kosdaq,-2.69,10870,0,0,0,"아티스트 지식 재산권(IP)을 활용해 국내외 투어, 팬덤 플랫폼 ‘프롬(fromm)’와 커머스·콘텐츠 등의 서비스를 제공"
154420,영상 콘텐츠,32,2122,058450,한주에이알티,2,kosdaq,-2.71,4670,0,0,0,"온라인동영상서비스(OTT) 채널 작품 소품 제작에 참여. 디즈니플러스와 tvN, 쿠팡플레이 등의 작품에 참여"
154420,영상 콘텐츠,33,2281,068050,팬엔터테인먼트,2,kosdaq,-2.94,1156,0,0,0,"드라마, 교양/예능프로그램 등의 방송영상물제작 등의 사업을 영위."
154420,영상 콘텐츠,34,1925,048550,SM C&C,2,kosdaq,-3.07,1549,0,0,0,"(주)에스엠엔터테인먼트의 글로벌 네트워크를 통한 영상 콘텐츠 제작(드라마, 예능프로그램 등), 매니지먼트 사업 등을 영위하는 업체."
154420,영상 콘텐츠,35,159338,322780,코퍼스코리아,2,kosdaq,-16.91,1853,0,0,0,"영화, 비디오물, 방송프로그램 제작 및 배급업체. 방송 콘텐츠 판권 확보 후 영상, 음향, 자막 등을 자체 처리(커스터마이징)하여 VOD/OTT등 플랫폼사에 배급하거나 확보한 권리 일부를 타 배급사등에 양도(서브라이선스)하는 배급사업을 주 사업목적으로 영위. 드라마 제작사 김종학프로덕션 인수"
154420,영상 콘텐츠,36,1569,036420,콘텐트리중앙,1,kospi,-23.75,1220,0,0,0,"중앙일보 계열사로 지주사업과 영화 및 방송 콘텐츠 투자사업을 영위하는 업체. 멀티플렉스 극장(메가박스 등) 운영사업을 영위하는 메가박스중앙(주)과 드라마 제작 및 콘텐츠 유통사업 등을 영위하는 제이티비씨스튜디오(주) 등을 자회사로 보유. 자회사 제이티비씨스튜디오(주)의 드라마 제작부문의 경우 2008년 SBS를 통해 방영된 '바람의 화원'을 시작으로 '아내의자격', '밀회', '맨투맨', '품위있는 그녀' 등 다양한 작품활동을 지속중."
154420,영상 콘텐츠,37,166423,210120,캔버스엔,2,kosdaq,-29.06,930,0,0,0,"발리에서 생긴 일, 기황후 등 20% 이상의 시청률을 기록한 화제작을 포함한 다수의 방송프로그램을 제작하여 방송국 및 해외시장에 공급하는 방송 프로그램 제작 및 공급업을 영위"
161672,조선/LNG선,1,2733,102260,동성케미컬,1,kospi,1.4,3625,0,0,0,초저온보냉재 생산.
161672,조선/LNG선,2,3532,267250,HD현대,1,kospi,0.72,210500,0,0,0,자회사 HD한국조선해양을 보유하고 있으며 조선사업 및 LNG 추진선 제조사업 영위.
161672,조선/LNG선,3,3456,038540,상상인,2,kosdaq,-0.23,2125,0,0,0,LNG 추진선 제조.
161672,조선/LNG선,4,2521,086280,현대글로비스,1,kospi,-0.31,196100,0,0,0,호주 에너지 기업인 우드사이드와 LNG(액화 천연 가스) 장기운송 15년 계약 체결
161672,조선/LNG선,5,2836,120030,조선선재,1,kospi,-0.8,86800,0,0,0,용접재료 생산 및 판매. 피복용접봉 국내 점유율 1위
161672,조선/LNG선,6,151073,009540,HD한국조선해양,1,kospi,-1.23,360500,0,0,0,"현대중공업, 현대삼호중공업, 현대미포조선 등을 종속회사로 보유한 현대중공업그룹 중간 지주회사로 LNG 추진선 제조사업 영위"
161672,조선/LNG선,7,1484,033500,동성화인텍,2,kosdaq,-2.11,17150,0,0,0,LNG 연료탱크용 보냉재 생산.
161672,조선/LNG선,8,167359,439260,대한조선,1,kospi,-2.5,50800,0,0,0,"중형 및 준대형 선박의 설계 및 건조에 특화된 기업으로 원유운반선, 석유제품운반선, 컨테이너선 등 다양한 선박을 건조하는 조선 전문회사"
161672,조선/LNG선,9,2613,092460,한라IMS,2,kosdaq,-3.24,14920,0,0,0,Gas Safety System 공급.
161672,조선/LNG선,10,167218,443060,HD현대마린솔루션,1,kospi,-3.37,201000,0,0,0,"조선 건조 후 인도된 선박과 엔진 등 주요 기자재에 대한 정비, 수리 개조 등 선박 생애주기 전반에 필요한 서비스를 제공, 선박 전 생애주기에 걸친 통합 서비스를 제공하는 회사는 전세계에서 HD 현대마린솔루션이 유일"
161672,조선/LNG선,11,1244,023790,동일스틸럭스,2,kosdaq,-3.51,1101,0,0,0,"동일스틸럭스는 대선조선을 인수한 컨소시엄 중 최대 지분을 보유, 대선조선은 소형 선박의 건조 및 수리업을 영위"
161672,조선/LNG선,12,1135,017960,한국카본,1,kospi,-4.11,24500,0,0,0,LNG 연료탱크용 보냉재 생산.
161672,조선/LNG선,13,2331,071970,HD현대마린엔진,1,kospi,-4.11,60600,0,0,0,LNG선 기자재인 대형엔진 공급.
161672,조선/LNG선,14,864,010140,삼성중공업,1,kospi,-5.27,22450,0,0,0,"삼성그룹 계열의 대형 조선업체. 쇄빙유조선, LNG, 드릴쉽, 초대형컨테이너선, FPSO 등의 고부가가치 선박에 특화된 대형 조선사로 LNG 추진선을 제조함"
161672,조선/LNG선,15,162232,329180,HD현대중공업,1,kospi,-5.32,552000,0,0,0,조선사업 영위 및 LNG 추진선 제조
161672,조선/LNG선,16,3241,258610,케일럼,2,kosdaq,-5.61,1077,0,0,0,Suction Vessel 등 공급.
161672,조선/LNG선,17,2506,085310,엔케이,1,kospi,-5.73,8230,0,0,0,세계 최초 오존방식 선박평형수 처리장치 승인 취득
161672,조선/LNG선,18,2663,096350,대창솔루션,2,kosdaq,-6.15,1571,0,0,0,"LNG 연료공급시스템, LNG 연료탱크 공급."
161672,조선/LNG선,19,160507,333430,일승,2,kosdaq,-6.31,3190,0,0,0,LNG RU (LNG재기화 설비)등 선박 장비 공급.
161672,조선/LNG선,20,2370,075580,세진중공업,1,kospi,-7.58,12310,0,0,0,LNG선 등의 필수설비인 FGSS(Fuel Gas Supply System) 공급.
161672,조선/LNG선,21,2672,097230,HJ중공업,1,kospi,-7.62,17590,0,0,0,"조선(신조선, 특수선, 수리선, 조선플랜트 등) 사업 영위."
161672,조선/LNG선,22,2462,082740,한화엔진,1,kospi,-7.66,48850,0,0,0,LNG선용 전자제어식 이중연료 저속엔진 제조.
161672,조선/LNG선,23,1792,042660,한화오션,1,kospi,-22.65,89800,0,0,0,LNG선과 해양플랜트 부문에서 높은 경쟁력을 보유한 조선업체로 LNG 추진선 제조 및 LNG 운반선용 핵심 기자재 국산화 성공
161672,조선/LNG선,24,167335,136150,원일티엔아이,2,kosdaq,-26.03,8470,0,0,0,잠수함에 사용되는 고체 형태의 수소저장합금 기술을 국내 조선사의 해외 시장 진출과 수소 기반 건설장비 분야로 확장 시도
155287,반도체 장비,1,2201,065130,탑엔지니어링,2,kosdaq,5.84,3170,0,0,0,"반도체, LCD, LED Chip 제조 및 OLED 공정장비 제조를 주력사업으로 영위. 반도체 Package 장비를 독자 개발하여, 국내 반도체 제조업체에 공급."
155287,반도체 장비,2,162454,159010,아스플로,2,kosdaq,4.07,18650,0,0,0,"반도체장비용 튜브, 파이프, 피팅, 밸브 등 생산.  반도체 공정 가스 공급에 사용되는 고청정 튜브 국내 최초 국산화"
155287,반도체 장비,3,2434,080530,코디,2,kosdaq,3.91,2390,0,0,0,반도체 검사 장비인 Probe Card(반도체칩 회로 설계 검사장비) 등을 생산.
155287,반도체 장비,4,2668,096690,에이루트,2,kosdaq,1.7,5390,0,0,0,자회사 NSRC의 고부가 반도체 장비 중심 포트폴리오 다변화 가속
155287,반도체 장비,5,3063,187870,디바이스,2,kosdaq,1.49,13600,0,0,0,"반도체 및 디스플레이(OLED 등) 세정장비 제조 및 판매업체. 주요 제품으로는 OLED 유기발광층 증착용 FM(Fine Metal) MASK 세정장비, 반도체 웨이퍼 보관용기(FOUP) 세정장비, 반도체 웨이퍼 매엽세정용 약액공급장치 등이 있음."
155287,반도체 장비,6,150901,227950,엔투텍,2,kosdaq,0.58,1204,0,0,0,"반도체, FPD(Flat Panel Display, LCD/OLED) 공정 장비 부품인 진공 Chamber와 해당 Chamber에 사용되는 특수 진공 밸브 제조를 주요 사업으로 영위. 주요 매출처는 삼성전자, SK하이닉스, BOE 등임."
155287,반도체 장비,7,150544,031980,피에스케이홀딩스,2,kosdaq,0.31,127600,0,0,0,"반도체 후공정 장비 사업을 주요 사업으로 영위하며, 주요 제품으로는 WLP/FOWLP/FOPLP Descum, Reflow 장비 등이 있음. 주요 매출처는 삼성전자, SK하이닉스 등."
155287,반도체 장비,8,167424,0017J0,세미티에스,2,kosdaq,0,0,0,0,0,"반도체 자동화 설비 토털 솔루션 공급 업체. 주요 제품으로 클린 컨베이어 시스템, 질소퍼지시스템"
155287,반도체 장비,9,3228,246720,아스타,2,kosdaq,0,6070,0,0,0,반도체 제조 공정에 사용되는 고속 잔류 기체 분석기
155287,반도체 장비,10,158549,347000,센코,2,kosdaq,-0.11,1773,0,0,0,"반도체 팹(생산 공장)에 필수인 가스경보기를 공급 중, 중국 내 파운드리 업체인 SMIC와 공급 계약"
155287,반도체 장비,11,2954,140860,파크시스템스,2,kosdaq,-0.37,271000,0,0,0,반도체 공정 모니터링 장비 등 생산
155287,반도체 장비,12,163572,323280,태성,2,kosdaq,-0.39,38350,0,0,0,"PCB자동화 생산에 필요한 핵심설비인 습식설비 전문 생산하여 삼성전기, LG이노텍, 대덕전자 및 글로벌 PCB업계 1위인 폭스콘의 자회사 펑딩(구. ZDT) 등 세계적인 PCB 제조사에  제품 납품"
155287,반도체 장비,13,151475,256630,포인트엔지니어링,2,kosdaq,-0.94,4225,0,0,0,"표면처리 전문업체. 디스플레이(LCD 및 OLED) 및 반도체 공정에 사용되는 공정장비의 핵심부품을 제작, 가공 및 표면처리를 중점사업으로 영위. 주요 제품으로는 Diffuser(Shower Head) 및 Susceptor, Shadow Frame 등이 있음."
155287,반도체 장비,14,3019,161580,필옵틱스,2,kosdaq,-1.09,31850,0,0,0,반도체 웨이퍼 본딩 장비 양산.
155287,반도체 장비,15,3255,264660,씨앤지하이테크,2,kosdaq,-1.34,12490,0,0,0,"반도체 및 디스플레이(LCD, OLED 등)용 화학약품 혼합/재생장치 생산. 화학약품을 최종 양산 설비에 자동화로 공급하는 장치인 CCSS를 주요제품으로 생산."
155287,반도체 장비,16,167196,360350,코셈,2,kosdaq,-1.49,7280,0,0,0,"주사전자현미경(SEM) 전문기업으로이온밀러(CP), 이온코터(SPT-20) 등의 제품군을 보유하고 있으며, 이를 통해 이차전지와 반도체, 디스플레이, 고분자 복합 소재와 같은 산업에 진출 추진"
155287,반도체 장비,17,160382,322310,오로스테크놀로지,2,kosdaq,-1.78,18800,0,0,0,"반도체 제조 전공정 중 노광공정 장비인 반도체 Wafer의 MI(Overlay Metrology, Inspection) 장비 제조를 주력 사업으로 영위하는 업체. 주력으로 개발하고 있는 Overlay 계측 장비란, 반도체 전공정상 설계된 Pattern을 노광기를 이용하여 Wafer상에 형성하는 노광(Photo Lithography)공정에서 노광 공정의 성능에 영향을 주는 주된 요소 중 하나인 수직정렬도를 제어하기 위한 계측장비임. 주요 매출처는 삼성전자, SK하이닉스 등."
155287,반도체 장비,18,3445,217500,러셀,2,kosdaq,-1.81,1414,0,0,0,"반도체 중고장비 리퍼비시(박막증착 공정장비) 사업 영위. 주요 매출처는 SK하이닉스, 매그나칩, 인피니온(독일) 등."
155287,반도체 장비,19,3520,073570,리튬포어스,2,kosdaq,-1.86,1579,0,0,0,"반도체 검사장비 제조. 주력제품은 PCB검사장비 및 반도체 부품 C.O.K., Socket 등."
155287,반도체 장비,20,3509,089890,코세스,2,kosdaq,-2.02,26700,0,0,0,"반도체 장비 제조. 반도체 후공정장비인 Solder Ball Attach System장비, Laser응용장비, Conversion Kit 등을 제조. 주요 매출처로 삼성전자, SK하이닉스, 아이티엠반도체 등이 있음."
155287,반도체 장비,21,158611,348350,위드텍,2,kosdaq,-2.05,8140,0,0,0,"반도체 및 디스플레이 공정 오염 모니터링 장비 개발/제조/판매. 암모니아, 산성가스, 휘발성 유기화합물 등 AMCs로 인해 야기되는 반도체 및 디스플레이의 품질 저하 문제가 기술의 발전에 따라 더욱 심각해짐에 따라 이를 통합적으로 관측, 감시할 수 있도록 하는 시스템 장비를 삼성전자, SK하이닉스 등 고객사에 주문납품(P/O) 방식으로 생산, 판매 중."
155287,반도체 장비,22,1951,049950,미래컴퍼니,2,kosdaq,-2.16,10400,0,0,0,웨이퍼 가공 장비
155287,반도체 장비,23,2408,079370,제우스,2,kosdaq,-2.19,9380,0,0,0,반도체 습식 세정장비 제조
155287,반도체 장비,24,152677,254120,자비스,2,kosdaq,-2.32,800,0,0,0,X-ray 검사장비 전문업체로 Xscan 반도체 검사장비 사업을 영위. 주력 제품은 In-line 플립칩 법프 검사 장비로 반도체 후공정 패키지 공정 단계에서 발생하는 결함을 검사하기 위해 사용.
155287,반도체 장비,25,167259,209640,와이제이링크,2,kosdaq,-2.38,3685,0,0,0,"표면실장기술(SMT) 장비기업. 주력 제품은 SMT 스마트 공정 장비로, 이는 PCB 이송 및 추적 장비, SMT 후공정 장비, 스마트팩토리 솔루션 등 SMT 공정 전 과정을 지원하는 솔루션을 포함"
155287,반도체 장비,26,3257,265520,AP시스템,2,kosdaq,-2.4,20350,0,0,0,반도체장비(급속열처리장비 등) 제조.
155287,반도체 장비,27,167224,323350,다원넥스뷰,2,kosdaq,-2.41,8900,0,0,0,"핵심 부품 등의 양산 제조에 필요한 자동화 장비를 첨단 레이저 공정 기술을 솔루션으로 응용하여 개발 및 제조. 대표기술은 LSMB이며, LSMB는 반도체 테스트 및 패키징 공정에 적용되는 미세 마이크로 접합 공정 솔루션으로 반도체 테스트장비인 pLSMB와 반도체 패키징 장비인 sLSMB 등으로 분류."
155287,반도체 장비,28,167307,212710,아이에스티이,2,kosdaq,-2.48,9430,0,0,0,"SK하이닉스, 삼성전자, 실트론을 포함한 국내외 13개 기업에 반도체 주력 장비인 풉 클리너(FOUP Cleaner) 장비를 공급"
155287,반도체 장비,29,3042,178320,서진시스템,2,kosdaq,-2.56,45750,0,0,0,"친환경, 경량화의 대표 소재인 알루미늄을 주요 원재료로 사용하여 반도체 식각/증착 장비의 구동장치, 구조물 등 생산."
155287,반도체 장비,30,1711,039440,에스티아이,2,kosdaq,-2.63,25950,0,0,0,"반도체 및 Display용 관련 장비 제조/판매. 주요 제품으로는 반도체 및 Display용 CCSS(중앙약품 공급시스템), WET System(세정, 식각, 현상 시스템) 등."
155287,반도체 장비,31,148876,253590,네오셈,2,kosdaq,-2.77,9840,0,0,0,메모리반도체의 제조 공정 중 제품의 성능과 신뢰성을 검사하는 장비 사업 영위. 크게 SSD(SOLID STATE DRIVE)의 성능 및 신뢰성을 검사하는 사업과 메모리반도체에 가혹 조건을 적용하여 검사하는 MBT(MONITORING BURN-IN TESTER) 장비 사업으로 구분됨.
155287,반도체 장비,32,2095,056190,SFA,2,kosdaq,-2.88,21950,0,0,0,"자동화설비전문업체로 OLED/LCD 제조장비사업과 물류시스템사업, 반도체 패키징사업을 주된 사업으로 영위."
155287,반도체 장비,33,1854,045300,성우테크론,2,kosdaq,-2.92,2490,0,0,0,"반도체 검사장비, 부품 제조 업체. 반도체 구성재료인 리드프레임 후 공정가공 및 최종 검사 사업(LOC사업), PCB사업, 반도체 관련장비 사업(LOC, PCB 검사장비) 등을 영위. 주요 매출처로 삼성전기, LG이노텍 등."
155287,반도체 장비,34,1934,049080,기가레인,2,kosdaq,-2.97,4900,0,0,0,RF통신부품 및 반도체장비 제조업체로 반도체 장비 중 전공정 식각 장비에 해당하는 DRIE Etcher 장비를 생산.
155287,반도체 장비,35,3465,036170,에이치엠넥스,2,kosdaq,-3.16,2910,0,0,0,반도체 장비 회사 에스엠아이 인수
155287,반도체 장비,36,3528,012450,한화에어로스페이스,1,kospi,-3.19,1122000,0,0,0,종속회사인 한화정밀기계가 반도체 장비(고속 칩마운터 장비) 사업을 영위.
155287,반도체 장비,37,2950,140070,서플러스글로벌,2,kosdaq,-3.23,1620,0,0,0,"반도체 전공정, 후공정 중고장비 매입/매각 전문업체. 반도체 중고 장비 유통 글로벌 1위 업체로, 주요 거래처는 미국의 Macquari사, AG Semiconductor와 반도체 장비 회사인 Applied Materials, LAM Research, 일본의 Sumitomo Mitsui Financial Leasing 등임."
155287,반도체 장비,38,1850,045100,한양이엔지,2,kosdaq,-3.27,31100,0,0,0,반도체/디스플레이 유틸리티 설비 및 관련 장비 제조 업체. 반도체 및 디스플레이 생산설비에 필수적인 고순도(UHP) 특수가스설비 및 기타 엔지니어링 서비스 제공.
155287,반도체 장비,39,167160,402490,그린리소스,2,kosdaq,-3.3,7920,0,0,0,반도체 건식 시간 장비용 코팅 및 코팅 소재 생산. 전세계 유일 초고밀도(PVD) 코팅 양산기술 보유.
155287,반도체 장비,40,165048,418550,제이오,2,kosdaq,-3.3,4395,0,0,0,차세대 극자외선(EUV) 펠리클용 CNT 멤브레인 기술 개발 추진
155287,반도체 장비,41,1604,036930,주성엔지니어링,2,kosdaq,-3.36,175600,0,0,0,"SD CVD(CVD&ALD), HDP CVD, Dry Etch, MO CVD, UHV CVD, SDP CVD(CVD&ALD) 등의 제품을 공급하는 반도체 전공정 장비 제조."
155287,반도체 장비,42,3096,200470,에이팩트,2,kosdaq,-3.38,5720,0,0,0,반도체 제조 관련 테스트 서비스업체. 메모리 반도체 후공정 중 테스트 외주사업을 영위. 2007년 SK하이닉스 협력업체 협의회가 공동 출자해 설립.
155287,반도체 장비,43,164111,405100,큐알티,2,kosdaq,-3.42,11000,0,0,0,반도체 검사 장비 제조. 첨단 신뢰성 평가 장비 개발.
155287,반도체 장비,44,934,011930,신성이엔지,1,kospi,-3.49,17140,0,0,0,"클린룸 사업 부문에서 반도체 및 평판디스플레이, 이와 관련한 소재 및 제품 등의 제조공간에 공기청정도를 제어하는 장비를 생산, 설치하는 사업 영위."
155287,반도체 장비,45,2195,064760,티씨케이,2,kosdaq,-3.56,230500,0,0,0,"반도체 제조공정에 사용되는 장비의 부분품과 반도체 소자제조 공정 장비용 부분품 생산. 구체적인 제품으로 반도체 Device업체에서 사용하는 장비의 Solid SiC Wafer, Ring 및 SiC제품도 판매중. 또한, SiC coating사업으로 반도체 ALD 장비에 들어가는 Susceptor류를 제조, 판매."
155287,반도체 장비,46,498,003160,디아이,1,kospi,-3.56,23000,0,0,0,"반도체 검사장비 등 초정밀 시험장비의 제조 및 수입업을 영위. 주요제품으로는 Monitoring Burn-In Tester(MBT), Test Burn-In Tester(TBT) 등의 반도체 검사장비, Burn-In Board(BIB), Wafer Test Board(WTB) 등의 반도체 검사보드 등."
155287,반도체 장비,47,2968,143540,영우디에스피,2,kosdaq,-3.67,972,0,0,0,반도체 웨이퍼 범프(Wafer Bump) 3D 검사장비의 국산화 개발에 성공
155287,반도체 장비,48,2617,092870,엑시콘,2,kosdaq,-3.8,16700,0,0,0,"반도체 검사장비 제조 및 반도체 검사 용역 사업을 영위하는 업체. 주요 제품의 품목군은 Memory Tester, Storage Tester 및 Test Service로 구분."
155287,반도체 장비,49,157571,320000,한울반도체,2,kosdaq,-3.82,11330,0,0,0,"반도체 부품인 적층세라믹콘덴서(MLCC) 검사장비, 분당 8000개의 MLCC 검사가 가능한 초고속 외관검사기기가 각광받으면서 삼성전기를 비롯한 유수의 글로벌 기업들과 제품 공급 계약"
155287,반도체 장비,50,162569,321260,프로이천,2,kosdaq,-3.94,1730,0,0,0,
155287,반도체 장비,51,2187,064290,인텍플러스,2,kosdaq,-3.94,46350,0,0,0,"머신비젼을 이용한 비접촉 2D, 3D 외관 검사장비 제조 전문 기업으로 외관 검사장비 및 모듈을 개발하여 판매."
155287,반도체 장비,52,2123,058470,리노공업,2,kosdaq,-4.01,71900,0,0,0,검사용 PROBE(SPRING CONTACT PROBE:LEENO PIN)와 반도체 검사용 소켓(IC TEST SOCKET)을 자체브랜드로 개발하여 제조/판매.
155287,반도체 장비,53,158142,053080,케이엔솔,2,kosdaq,-4.17,8960,0,0,0,"반도체,디스플레이,2차전지,바이오 등 미세 공정 필수 설비인 클린룸 공급. 삼성전자 및 SK하이닉스 등 국내외 주요 반도체 생산업체에 공급 중."
155287,반도체 장비,54,2320,071280,로체시스템즈,2,kosdaq,-4.22,6580,0,0,0,반도체 및 TFT-LCD용 제조 장비 생산 전문업체. 주력제품은 FPD 및 반도체 이송장치.
155287,반도체 장비,55,167023,396470,워트,2,kosdaq,-4.23,5430,0,0,0,"반도체 공정환경제어 장비 개발 및 제조. THC(초정밀 온습도 제어장비), TCU(항온기 장치), FFU(공기정화 장치)등 반도체 장비 제조."
155287,반도체 장비,56,1594,036810,에프에스티,2,kosdaq,-4.3,22250,0,0,0,반도체 재료/장비 전문업체. 포토마스크용 보호막인 펠리클(Pellicle)과 반도체공정중 온도조절장비인 칠러(Chiller)를 주력으로 생산.
155287,반도체 장비,57,164029,417840,저스템,2,kosdaq,-4.42,10370,0,0,0,"반도체 장비 및 부품 개발, 공급"
155287,반도체 장비,58,167388,950250,테라뷰,2,kosdaq,-4.44,2580,0,0,0,테라헤르츠(1초에 1조번 진동) 기반 반도체 패키징 초정밀 검사장비 전문.
155287,반도체 장비,59,2267,067310,하나마이크론,2,kosdaq,-4.49,37250,0,0,0,"삼성전자 반도체 부문에서 분사한 반도체(메모리/비메모리) 패키징 전문 업체. 반도체 산업의 후공정 분야인 반도체 조립 및 TEST 제품을 주력으로 생산하고 있으며, 삼성전자, SK하이닉스 등이 주요 거래처임. 삼전과 패키징, 테스트장비 설비 임대 논의 진행 소식에 강세 이력 보유"
155287,반도체 장비,60,2909,131290,티에스이,2,kosdaq,-4.5,233500,0,0,0,"반도체 및 디스플레이(OLED/LED) 검사장비 제조/판매 업체. 주요제품으로 Interface Board(메모리 반도체 검사장비), Probe Card(반도체 웨이퍼 검사장비), Total Test Solution, OLED Tester 등이 있음."
155287,반도체 장비,61,167256,381620,제닉스로보틱스,2,kosdaq,-4.69,5690,0,0,0,반도체 산업용 소재 및 부품을 적재·관리하는 스마트자동창고(스토커) 관련 기술 및 제조
155287,반도체 장비,62,167425,153890,져스텍,2,kosdaq,-4.73,13300,0,0,0,기계 움직임을 제어하는 초정밀 모션시스템을 전문으로 양산
155287,반도체 장비,63,2688,098460,고영,2,kosdaq,-4.75,27100,0,0,0,전자제품 및 반도체 생산용 검사장비업체(3차원 정밀측정 검사 기술 보유). 주요 제품으로 3D SPI 장비와 3D AOI 장비 등을 보유. SMT 전체 검사장비 시장(SPI+AOI) 세계시장 점유율 1위.
155287,반도체 장비,64,2953,140670,알에스오토메이션,2,kosdaq,-4.75,9420,0,0,0,반도체 물류라인 제어장치 수주 이력 보유
155287,반도체 장비,65,3183,224060,더코디,2,kosdaq,-4.81,5140,0,0,0,"반도체 및 디스플레이 장비사업 영위. 세정장비, 도포·현상장비, 접착장비 등 반도체 장비와 HP/CP 등 디스플레이 장비 등을 생산."
155287,반도체 장비,66,2386,078150,HB테크놀러지,2,kosdaq,-4.86,1998,0,0,0,"LCD 및 AMOLED, 반도체 검사장비의 제품을 생산/판매."
155287,반도체 장비,67,167255,489790,한화비전,1,kospi,-4.86,47000,0,0,0,"한화에어로스페이스에서 시큐리티, 칩마운터, 반도체장비 등의 사업부문을 인적분할해 만든 회사로 한화그룹의 인더스트리얼 솔루션 사업을 이끌어갈 지주회사 역할 수행"
155287,반도체 장비,68,2469,083310,엘오티베큠,2,kosdaq,-4.97,8990,0,0,0,"반도체, 디스플레이(LCD, OLED), 태양광 셀 제조, 2차전지, 철강 및 일반산업 등에 사용되는 Fore Vacuum용 건식진공펌프 생산/판매."
155287,반도체 장비,69,2583,090470,제이스로보틱스,2,kosdaq,-5.03,3870,0,0,0,"디스플레이장비, 반도체장비, 레이저장비 사업을 영위중이며, 디스플레이장비 부문이 매출액의 대부분을 차지. 워터젯 세정도금장비 부문에서 독보적인 기술과 위치를 차지하고 있으며, 반도체 도금장비는 Meco 등 세계적인 업체들과 경쟁."
155287,반도체 장비,70,3223,241790,티이엠씨씨엔에스,2,kosdaq,-5.12,4820,0,0,0,반도체 공정재료(케미칼) 및 공정재료 장비 업체. 반도체 제조 공정에 필요한 공정재료를 공급하는 장비 C.C.S.S와 반도체 제조 공정 중 후공정에 필요한 Slurry을 공급하는 장비 S.S.S 등을 생산.
155287,반도체 장비,71,1563,036200,유니셈,2,kosdaq,-5.15,8650,0,0,0,"GAS SCRUBBER(반도체/LCD 제조 공정상 발생하는 유해가스를 정화시켜주는 장치), CHILLER UNIT 등 반도체 장비 생산. 반도체 장비인 스크러버(Scrubber) 국내 최초개발 업체로서 주요 매출처는 삼성전자 등."
155287,반도체 장비,72,167161,452160,제이엔비,2,kosdaq,-5.21,3365,0,0,0,진공챔버와 진공펌프를 연결하는 핵심 유틸리티 플랫폼 개발 및 제조. 고정밀 진공펌프 가공 부품 공급. 주력 전방 산업은 반도체 산업으로 공급 장비는 반도체 생산 공정 효율 증대
155287,반도체 장비,73,150543,319660,피에스케이,2,kosdaq,-5.27,161800,0,0,0,"기존 피에스케이에서 반도체 전공정 장비 사업부문이 인적분할됨에 따라 재상장된 업체. 주요 제품으로 Dry Strip, Dry Cleaning, New Hard Mask Strip, Etch Back 등이 있으며, 특히 주력 제품인 Dry Strip 장비는 글로벌 시장 1위임. 주요 국내 매출처는 S사, H사 등이고, 해외 매출처는 M사를 포함하여 약 10개사 이상."
155287,반도체 장비,74,3040,177350,베셀,2,kosdaq,-5.28,628,0,0,0,산업통상자원부 국책과제 'PIM 인공지능 반도체 핵심기술개발(R&D)' 사업에 해당하는 '몰드 웨이퍼 표면 그라인더개발'과 관련해 주관연구개발기관으로 참여하면서 AI 반도체 관련주로 부각
155287,반도체 장비,75,2476,083450,GST,2,kosdaq,-5.43,44450,0,0,0,"반도체나 FPD(Flat Panel Display) 공정 및 기타 LED, Solar Cell 공정에서 사용후 배출되는 가스들을 정화시켜주는 가스정화장치인 Scrubber와 반도체 Main 공정상에 안정적인 온도유지를 제공하는 온도조절 장치인 Chiller제품 제조를 주요 사업으로 영위."
155287,반도체 장비,76,166832,451220,아이엠티,2,kosdaq,-5.43,9750,0,0,0,반도체 공정장비 기업으로 건식세정 장비 사업과 국내 유일의 극자외선 마스크 레이저 베이킹(EUV Mask Laser Baking) 장비 사업 영위.
155287,반도체 장비,77,1623,037350,성도이엔지,2,kosdaq,-5.57,8650,0,0,0,"하이테크산업설비(반도체, 디스플레이 등 첨단산업의 크린룸 설비공사) 및 플랜트(Plant) 전문 시공업체. 반도체 장비 업체 에스티아이 지분 보유."
155287,반도체 장비,78,161703,232680,라온로보틱스,2,kosdaq,-5.61,8910,0,0,0,반도체 웨이퍼 이송 로봇 제조.
155287,반도체 장비,79,150915,117730,티로보틱스,2,kosdaq,-5.62,12420,0,0,0,반도체 웨이퍼 이송용 진공로봇 생산
155287,반도체 장비,80,2578,090360,로보스타,2,kosdaq,-5.76,72000,0,0,0,제조용 로봇 및 자동화 장비 개발/생산하는 산업용 로봇 전문업체. 반도체 공정의 핵심 역할인 이송 및 적재용으로 활용되는 트랜스퍼 로봇을 생산.
155287,반도체 장비,81,3203,232140,와이씨,2,kosdaq,-5.82,11000,0,0,0,반도체 제조공정 중 EDS 테스트 공정에서 필요로 하는 반도체 메모리 검사 장비를 제작/판매. 주요 제품으로는 메모리 웨이퍼 테스터로 삼성전자에 납품하는 MT6133/MT6122임.
155287,반도체 장비,82,3440,110990,디아이티,2,kosdaq,-5.93,17140,0,0,0,급속어닐링(RTA) 대비 뒤틀림 등 불량을 개선한 공정인 레이저 어닐링 장비를 SK하이닉스에 공급
155287,반도체 장비,83,3269,281820,케이씨텍,1,kospi,-5.97,92900,0,0,0,"디스플레이 및 반도체 공정에 사용되는 전공정 장비 및 소모성 재료 생산, 판매."
155287,반도체 장비,84,1451,032940,원익,2,kosdaq,-6.08,5720,0,0,0,반도체 공정 장비와 관련된 다양한 계열사 보유
155287,반도체 장비,85,2038,053610,프로텍,2,kosdaq,-6.3,64000,0,0,0,"반도체장비, 표면실장공정(SMT) 및 LED 장비 제조업체. 반도체 후공정에 사용되는 Dispenser M/C 등을 생산."
155287,반도체 장비,86,162539,382800,지앤비에스 에코,2,kosdaq,-6.49,4540,0,0,0,"반도체 공정내 스크러버(Scrubber, 유해가스 처리장치) 및 트랩(Trap), 플라즈마백연제거 설비 등 친환경 장비 전문제조업체. 주력장비는 반도체, 디스플레이, 태양광 제조 공정에서 발생하는 유해가스저감 장치 스크러버와 공정의 원활한 가동을 위한 파우더 트랩 솔루션을 제공."
155287,반도체 장비,87,3054,183300,코미코,2,kosdaq,-6.57,72500,0,0,0,"반도체, 태양광, 디스플레이 산업부문의 정밀세정 및 특수 코팅 사업을 영위. 반도체 공정장비에 대한 세정, 코팅 사업이 전체 매출액의 약 90% 창출. 주요 매출처는 삼성전자, 인텔 등."
155287,반도체 장비,88,158420,348210,넥스틴,2,kosdaq,-6.74,40850,0,0,0,APS그룹 계열의 반도체 전(前)공정 패턴 결함 검사 장비사업 영위. 반도체 소자의 회로 제작 공정에서 발생하는 미소 패턴 결함을 검출하는 웨이퍼 미소 패턴 결함 검사 장비(AEGIS-DP 등) 제조/판매.
155287,반도체 장비,89,163599,403870,HPSP,2,kosdaq,-6.74,41500,0,0,0,"반도체 전공정 장비인 고압 열처리 장비, 고압 어닐링 장비 개발 및 판매"
155287,반도체 장비,90,167375,469610,이노테크,2,kosdaq,-6.82,13800,0,0,0,"반도체용 소재 및 부품에 대한 신뢰성 검사 장비 개발 및 제작, 반도체 신뢰성 검사장비의 경우, 고객사의 요구에 따라 MLCC·SSD 등 소재·부품에 대한 맞춤형 장비를 개발·납품하며 신규 매출원 창출"
155287,반도체 장비,91,2569,089790,제이티,2,kosdaq,-6.88,4125,0,0,0,"반도체 검사 장비 전문 제조 업체. 주력 제품으로 반도체 검사 장비는 Test Handler, Burn-In Sorter 등이 있으며, burn-in sorter의 경우 국내시장에서 높은 시장점유율을 보유하고 있음."
155287,반도체 장비,92,1689,039030,이오테크닉스,2,kosdaq,-6.92,370000,0,0,0,"반도체 레이저마커, 레이저응용기기 제조/판매. 레이저를 이용하여 반도체, PCB, Display, 휴대폰 산업의 주요 생산 장비를 제조하여 국내외로 공급중. 반도체 생산 장비인 Laser Marker, Laser Cutter 등이 주요제품."
155287,반도체 장비,93,167332,364950,에이아이코리아,2,kosdaq,-6.95,3815,0,0,0,공정 자동화 설비를 전문적으로 개발·제조하는 기업으로 반도체 건식 플라즈마 세정장비·초음파 세정기(USC) 및 정밀 부품 가공 솔루션 제공
155287,반도체 장비,94,1794,042700,한미반도체,1,kospi,-7.06,210500,0,0,0,"반도체, 태양광 및 LED 제조장비의 제조 및 판매 등을 주요 사업으로 영위. 주요 제품으로 Sawing & Placement, Laser Mark/Cutting/Ablation 등을 보유."
155287,반도체 장비,95,152605,084850,아이티엠반도체,2,kosdaq,-7.06,8820,0,0,0,‘온디바이스AI & 발열 제어’ 수혜주로 부각. 배터리 발열 제어 핵심 부품 생산
155287,반도체 장비,96,2496,084370,유진테크,2,kosdaq,-7.24,146100,0,0,0,"반도체 전공정단계에서 ""박막(Thin Film)형성"" 공정에 필요한 장비를 개발 중. 주력제품으로는 Single Thermal LPCVD(Low Pressure Chemical Vapor Deposition) System인 BlueJay™, Plasma Treatment System인 Albatross™ 등이 있음. 주요 매출처는 SK하이닉스, 삼성전자 등."
155287,반도체 장비,97,3157,217190,제너셈,2,kosdaq,-7.26,4980,0,0,0,"반도체제조 후공정에 적용되는 pick & place, Inspection, Test Handler, Laser Marking 등 다양한 반도체 후공정 검사 및 이송장비를 설계, 제조."
155287,반도체 장비,98,167331,081180,쎄크,2,kosdaq,-7.35,5670,0,0,0,"산업용 전자빔 기술을 기반으로 고전압 회로 개발 및 제어 기술, 전자빔 해석 및 공학 설계 기술 등을 보유/ 반도체 및 배터리 산업용 X-ray System 제조"
155287,반도체 장비,99,594,004710,한솔테크닉스,1,kospi,-7.39,8770,0,0,0,반도체 검사장비 기업 '월테크놀러지' 인수
155287,반도체 장비,100,2522,086390,유니테스트,2,kosdaq,-7.41,10740,0,0,0,"반도체 검사 장비를 전문으로 개발/생산. 특히, 반도체 후공정의 핵심이라고 할 수 있는 메모리 모듈 테스터 및 메모리 컴포넌트 테스터를 국내 업계 최초로 개발 완료 및 상용화."
155287,반도체 장비,101,154086,306620,지아이에스,2,kosdaq,-7.56,2080,0,0,0,"자동화 설비(FA System) 중 제어장치 및 모터 상품 제조, 반도체/LED/MLCC용 절단 장비 제조 등을 주력 사업으로 영위. 반도체/LED/MLCC용 절단 장비 부문 주요 제품으로는 Dicing Saw(반도체/LED), Saw & Sorter(반도체/PCB), MLCC Cutter(MLCC), Micro LED Cutting(PCB Panel) 등이 있음."
155287,반도체 장비,102,165749,420770,기가비스,2,kosdaq,-7.59,140000,0,0,0,반도체 기판 자동광학검사기(AOI)및 자동광학수리기(AOR)를 제작/판매하는 글로벌 반도체 장비 업체
155287,반도체 장비,103,758,007810,코리아써키트,1,kospi,-8.26,68900,0,0,0,반도체 Package용 PCB 생산
155287,반도체 장비,104,165744,271830,팸텍,2,kosdaq,-8.56,1047,0,0,0,테스트 핸들러 등 반도체 장비 납품
155287,반도체 장비,105,1288,025560,미래산업,1,kospi,-8.64,41750,0,0,0,반도체 검사장비(Test Handler)및 표면실장장비(Chip Mounter) 생산.
155287,반도체 장비,106,2852,122640,예스티,2,kosdaq,-8.76,27600,0,0,0,"디스플레이(LCD, LED, OLED) 및 반도체 장비 제조/판매. 주요 제품으로 삼성전자 반도체 생산공정과 삼성디스플레이의 FPD 패널 생산공정에 투입되는 열처리, 온도제어 및 검사장비 등이 있음. 주요고객사는 삼성전자, 삼성디스플레이."
155287,반도체 장비,107,3029,170920,엘티씨,2,kosdaq,-9.26,44600,0,0,0,반도체 장비인 CCSS(중앙약품공급시스템) 공급
155287,반도체 장비,108,3216,240810,원익IPS,2,kosdaq,-9.48,112700,0,0,0,반도체용 플라즈마 화학기상 증착장비(PE-CVD) 공급. 주요 매출품목으로는 PE-CVD 등의 반도체장비가 있음. 삼성전자의 핵심장비 공급 업체.
155287,반도체 장비,109,2655,095610,테스,2,kosdaq,-9.6,145000,0,0,0,"반도체 장비제조 사업(전공정 핵심장비 CVD, ETCH장비 제조 등) 영위. 주요 고객으로 SK하이닉스, 삼성전자 등이 있음."
155287,반도체 장비,110,164254,168360,펨트론,2,kosdaq,-9.8,16010,0,0,0,반도체 검사장비 개발 및 공급
155287,반도체 장비,111,3481,089970,브이엠,2,kosdaq,-10.38,87200,0,0,0,"반도체 제조공정 중 식각 공정에 필요한 장비를 제조/판매. 200mm 및 300mm 금속막(Metal), 실리콘(Polysilicon), 산화막(Oxide) 식각 장비 등을 제조."
155287,반도체 장비,112,2555,089030,테크윙,2,kosdaq,-10.85,41100,0,0,0,"반도체 후공정 검사장비인 테스트 핸들러 전문 제조 기업. 반도체 테스트 핸들러의 설계, 제조, 판매를 주요 사업으로 영위."
155287,반도체 장비,113,150853,160980,싸이맥스,2,kosdaq,-15.29,30750,0,0,0,"반도체장비(웨이퍼 이송장비) 제조업 영위. 주요 제품으로는 Cluster Tool System, EFEM (Equipment Front End Module), LPM (Load Port Module) 등이 있음."
155287,반도체 장비,114,163547,412350,레이저쎌,2,kosdaq,-26,4240,0,0,0,반도체 기판(PCB)을 접합하는 면-레이저 리플로우 장비를 개발
150841,엔터테인먼트,1,942,012170,아센디오,1,kospi,9.76,1102,0,0,0,"엔터테인먼트 사업 영위 업체. 영화(영화 제작, 투자·배급), 드라마(드라마 제작, 투자), 매니지먼트(연예매니지먼트), 공연(공연 기획, 제작), 영상솔루션(영상정보처리를 통한 통합솔루션 제공) 등의 사업을 영위. , 등을 투자ㆍ배급했으며, 최수정, 하희라, 이다해 등의 배우와 전속계약 체결."
150841,엔터테인먼트,2,152417,317530,에피소드컴퍼니,2,kosdaq,8.52,2865,0,0,0,"어린이 방송국 캐리TV를 운영중인 키즈/패밀리 콘텐츠 제작업체. TV와 모바일의 자체 운영 채널을 중심으로 한 어린이 가족분야의 콘텐츠 사업(영상 콘텐츠, 애니메이션, 음악, 영화 등)과 캐릭터IP 및 미디어 기반의 사업(공연, MD 상품, 라이선스 상품, 교육상품, 키즈카페 등) 등을 영위."
150841,엔터테인먼트,3,158415,352820,하이브,1,kospi,7.91,232000,0,0,0,"방탄소년단(BTS)을 보유한 글로벌 엔터테인먼트 업체. 아티스트의 발굴, 육성 및 음악 제작 등을 주요 사업으로 영위. 주요 아티스트로 방탄소년단(BTS), 투모로우바이투게더 등이 있음. 세븐틴, 뉴이스트 등을 보유한 ㈜플레디스엔터테인먼트, 여자친구 등을 보유한 ㈜쏘스뮤직 등을 종속기업으로 보유."
150841,엔터테인먼트,4,1763,041510,에스엠,2,kosdaq,6.09,81900,0,0,0,"음악 전문 종합엔터테인먼트 업체. EXO, 소녀시대, 슈퍼주니어, 샤이니, f(x), 동방신기, 레드벨벳 등의 소속 가수를 보유. 주요사업으로 음반 제작, 퍼블리싱, 공연 기획 및 제작 등의 사업 등."
150841,엔터테인먼트,5,155003,310200,애니플러스,2,kosdaq,6,2385,0,0,0,"유스 애니메이션을 핵심 콘텐츠로 하는 'ANIPLUS' 방송사업을 주 사업으로 영위하고 있으며, VOD 사업, 극장판 애니메이션 배급 사업, 전시 이벤트 사업 등 관련 사업 영역으로 다각화. 싱가포르 종속회사인 PLUS MEDIA NETWORKS ASIA PTE. LTD.를 통해 동남아시아 시장에서 해외 애니메이션 방송 및 콘텐츠 유통사업도 영위."
150841,엔터테인먼트,6,3237,253450,스튜디오드래곤,2,kosdaq,5.72,23100,0,0,0,"CJ그룹 계열의 드라마 등 방송영상물제작업체. 드라마 콘텐츠를 기획/제작하여 미디어 플랫폼에 배급하고 VOD, OTT 등을 통한 유통 및 관련 부가사업 등을 영위. , , , 등을 제작."
150841,엔터테인먼트,7,2399,078860,아이오케이이엔엠,2,kosdaq,4.36,2870,0,0,0,"매니지먼트사업 영위. 소속 아티스트는 고현정, 조인성, 진기주, 장윤정, 이영자, 김숙, 토니안, 이재원, 문희준, 김재덕 등 40여명임."
150841,엔터테인먼트,8,162673,376300,디어유,2,kosdaq,3.6,23000,0,0,0,"아티스트 팬 커뮤니티 플랫폼 '디어유 버블', 'Lysn' 등 운영"
150841,엔터테인먼트,9,3034,173940,에프엔씨엔터,2,kosdaq,3.26,2215,0,0,0,"매니지먼트를 주요사업으로 영위하는 종합엔터테인먼트회사. FT아일랜드, 씨엔블루, AOA, 엔플라잉, SF9, 체리블렛, 유재석, 정형돈, 노홍철, 이국주, 이동건, 윤진서, 정해인 등과 전속계약 체결."
150841,엔터테인먼트,10,3537,035760,CJ ENM,2,kosdaq,2.97,32900,0,0,0,"CJ오쇼핑과 CJ E&M과의 합병법인. 방송, 영화, 음악, 공연 등을 아우르는 종합 엔터테인먼트 사업 영위. 스튜디오드래곤의 최대주주임."
150841,엔터테인먼트,11,148888,299900,위지윅스튜디오,2,kosdaq,2.22,230,0,0,0,"VFX, ANIMATION, INTERACTIVE MEDIA, VR & AR 등 CG 기술로 표현될 수 있는 모든 종류의 콘텐츠를 제작하는 종합 콘텐츠 미디어 제작업체. 영화, 드라마 등에 대한 영상 기술 제작 서비스 뿐 아니라 뉴미디어 콘텐츠에 대한 영상 기획/제작 서비스를 포괄적으로 제공."
150841,엔터테인먼트,12,3089,196450,코아시아씨엠,2,kosdaq,1.75,990,0,0,0,16년1월 오앤엔터테인먼트 지분 취득으로 엔터테인먼트 사업 진출. 16년8월 엔터테인먼트사 에이치이엔엠을 인수해 17년1월 흡수합병 완료.
150841,엔터테인먼트,13,2075,054780,키이스트,2,kosdaq,1.69,1448,0,0,0,"연예인, 아티스트 등의 매니지먼트 사업을 기반으로 각종 엔터테인먼트 파생 상품의 머천다이징/라이센싱 사업, 문화콘텐츠 기획 및 제작 사업 등을 영위하는 업체. 일본상장법인 (주)스트림미디어코퍼레이션(한류콘텐츠 유통 전문회사로 매니지먼트 사업, 공연이벤트 사업 등을 영위하는 업체)을 자회사로 보유."
150841,엔터테인먼트,14,167380,403850,더핑크퐁컴퍼니,2,kosdaq,1.49,10880,0,0,0,"콘텐츠 IP(핑크퐁, 아기상어, 베베핀 등)를 기반으로 완구·애니메이션·공연·라이선스 등 다양한 사업을 펼치는 글로벌 미디어 기업"
150841,엔터테인먼트,15,2856,122870,와이지엔터테인먼트,2,kosdaq,1.49,44200,0,0,0,"국내 및 일본, 중국 등 전 세계에서 매출이 발생하는 글로벌 엔터테인먼트사. 음악 및 기타 오디오물 출판, 신인 아티스트의 육성 및 매니지먼트 등의 사업을 영위. 가수 빅뱅, 악동뮤지션, 위너, 아이콘, 블랙핑크 등과 배우 강동원, 유인나, 차승원, 최지우 등과 전속계약 체결."
150841,엔터테인먼트,16,1541,035620,바른손이앤에이,2,kosdaq,1.4,722,0,0,0,영화사업 및 온라인/모바일게임 개발 업체. 2015년 바른손필름을 흡수합병해 영화사업에 진출.
150841,엔터테인먼트,17,1578,036570,NC,1,kospi,0.99,255000,0,0,0,글로벌 팬덤 플랫폼 '유니버스' 운영
150841,엔터테인먼트,18,1550,035900,JYP Ent.,2,kosdaq,0.93,54400,0,0,0,"연예매니지먼트, 영화, 드라마, 음반기획/제작 발매사업을 영위하는 업체. 트와이스, GOT7, ITZY, Stray Kids 등 소속가수 및 연예인들의 엔터테인먼트 활동(광고, 드라마출연, 공연 등)과 음반(CD), 음원의 제작 및 판매를 주요사업으로 영위."
150841,엔터테인먼트,19,3050,182360,큐브엔터,2,kosdaq,0.82,6150,0,0,0,"음반 기획, 제작 및 매니지먼트업체로 장현승, 허경환, 이휘재, BTOB, CLC, 펜타곤, (여자)아이들 등이 소속되어 있음."
150841,엔터테인먼트,20,2534,086980,쇼박스,2,kosdaq,0.74,2045,0,0,0,"국내 굴지의 영화 제작, 투자 및 배급사."
150841,엔터테인먼트,21,1462,033130,디지틀조선,2,kosdaq,0.73,1945,0,0,0,지드래곤 소속사 '갤럭시코퍼레이션'와 상호 협력 사업 추진 MOU 이력 부각
150841,엔터테인먼트,22,1618,037270,YG PLUS,1,kospi,0.72,3475,0,0,0,"음악, MD, 광고 등 콘텐츠 제작 및 유통"
150841,엔터테인먼트,23,151596,241840,에이스토리,2,kosdaq,0.61,2480,0,0,0,"방송프로그램 제작 및 공급업체. 기존 지상파 및 유료방송뿐만 아니라, NETFLIX의 국내 첫 오리지널 드라마인 및 후속 시리즈 , 두번째 오리지널 드라마 등이 있음."
150841,엔터테인먼트,24,150901,227950,엔투텍,2,kosdaq,0.58,1204,0,0,0,드라마 제작사업 영위.
150841,엔터테인먼트,25,160737,289220,자이언트스텝,2,kosdaq,0.44,1373,0,0,0,"AI기반 리얼타임 콘텐츠 솔루션 전문업체. 국내 유일하게 디즈니 Audit(2016), 넷플릭스 4K 기술 test(2018), TPN(Trusted Partner Network)의 보안평가프로그램(2019)을 모두 통과한 VFX기업으로, 광고VFX 및 영상VFX, 리얼타임 콘텐츠 솔루션에 이르기까지 다양한 콘텐츠를 제작"
150841,엔터테인먼트,26,1816,043610,KT지니뮤직,2,kosdaq,0.35,1428,0,0,0,"KT그룹 계열의 디지털음악서비스 업체. 온라인 음악서비스 및 음악 유통을 주요 사업으로 영위. 2014년2월 KT로부터 사업양수한 지니(www.genie.co.kr) 음악서비스를 중심으로 2009년 영업 양수한 올레뮤직(www.ollehmusic.com)을 운영중. 2018년 10월 씨제이디지털뮤직(주)과의 합병을 통해 CJ ENM의 드라마 OST, 음악 콘텐츠 유통을 전담중."
150841,엔터테인먼트,27,167407,458350,에스팀,2,kosdaq,0.12,4250,0,0,0,모델·인플루언서 등 지식재산권(IP) 기반 브랜드 마케팅 밀 콘텐츠 사업을 영위
150841,엔터테인먼트,28,2157,060570,드림어스컴퍼니,2,kosdaq,0.11,899,0,0,0,온라인 음악 서비스 'FLO' 운영
150841,엔터테인먼트,29,1978,051780,큐로홀딩스,2,kosdaq,0,3000,0,0,0,"영화·드라마 등 영상 콘텐츠 제작, 연예인 매니지먼트 등의 엔터테인먼트 사업을 주요사업으로 영위. 방송프로그램 제작업을 하는 (주)에이트웍스, 연예 매니지먼트사업을 하는 (주)열음엔터테인먼트를 종속회사로 보유."
150841,엔터테인먼트,30,1931,048910,대원미디어,2,kosdaq,0,4755,0,0,0,애니메이션 및 캐릭터산업의 국내 선두기업. 애니메이션 전문 위성방송국 및 케이블방송국을 운영중. 대원방송(주) 등을 종속회사로 보유.
150841,엔터테인먼트,31,160095,321820,아티스트컴퍼니,2,kosdaq,0,2420,0,0,0,"배급업 신고 및 ‘아티스트스튜디오’ 상표권을 출원. 콘텐츠 제작·투자·배급 등의 스튜디오 사업을 시작. 배우이자 감독인 이정재, 정우성씨가 유상증자를 통해 와이더플래닛의 최대주주"
150841,엔터테인먼트,32,1503,034120,SBS,1,kospi,-0.08,12490,0,0,0,"방송된 지상파콘텐츠를 해외 및 국내 케이블PP, 위성방송, 인터넷, IPTV 등에 판매."
150841,엔터테인먼트,33,1431,032540,TJ미디어,2,kosdaq,-0.15,3280,0,0,0,"노래반주기 제조사업, 노래방 음악 콘텐츠를 기반으로 한 미디어 콘텐츠 사업 등을 영위."
150841,엔터테인먼트,34,1557,036030,케이티알파,2,kosdaq,-0.22,4535,0,0,0,KT그룹 계열의 모바일인터넷 서비스 및 콘텐츠 플랫폼 서비스 제공업체로 쿠팡의 OTT 서비스인 쿠팡플레이와 영화 콘텐츠 부분 협업 추진.
150841,엔터테인먼트,35,3544,063440,SM Life Design,2,kosdaq,-0.44,1139,0,0,0,"영화콘텐츠(DVD, Blu-ray 등) 사업 등을 영위하는 업체. 홈비디오사업 파트는 월트디즈니, 쇼박스, 워너브러더스 코리아, 판씨네마 등 주요 영화사와 부가판권 판권 계약을 맺어 DVD와 Blu-ray, 4K UHD를 대여점, 음반매장, 주요 서점 및 대형 할인매장을 통해 유통."
150841,엔터테인먼트,36,162893,369370,블리츠웨이엔터테인먼트,2,kosdaq,-0.5,803,0,0,0,연예기획사
150841,엔터테인먼트,37,1543,035720,카카오,1,kospi,-0.56,35400,0,0,0,"18년9월 카카오M을 흡수합병해 음반 기획/제작/판매 및 온라인 음원 유통사업과 종속회사 (주)스타쉽엔터테인먼트(몬스타엑스, 우주소녀, 이동욱 등), 플레이엠엔터테인먼트(에이핑크 등) 등을 통해 엔터테인먼트 사업을 영위."
150841,엔터테인먼트,38,1911,047820,초록뱀미디어,2,kosdaq,-0.73,3405,0,0,0,"TV드라마 제작을 중심으로 하는 콘텐츠 제작사업과 드라마 컨텐츠를 기반으로 하는 각종 부가사업(OST, 컬러링, 캐릭터상품, 테마파크 개발) 등을 영위하는 업체."
150841,엔터테인먼트,39,1883,046390,삼화네트웍스,2,kosdaq,-0.74,1890,0,0,0,신인 연기자 발굴 및 스타 마케팅
150841,엔터테인먼트,40,162737,361570,알비더블유,2,kosdaq,-0.76,1298,0,0,0,"마마무 등 연예매니지먼트 사업, 음반 제작사업 등을 영위"
150841,엔터테인먼트,41,711,006880,신송홀딩스,1,kospi,-0.97,4610,0,0,0,신송홀딩스의 자회사와 모회사는 지드래곤 소속사인 갤럭시코퍼레이션의 지분을 각각 보유하고 있어 지드래곤 컴백에 부각
150841,엔터테인먼트,42,2851,122450,KX,2,kosdaq,-1.44,2745,0,0,0,"방송송출서비스사업 및 방송채널사업을 영위하는 업체. 케이블TV, 위성방송, IPTV, 위성DMB 등 국내에서 서비스되고 있는 모든 유료방송 플랫폼에 방송채널사용사업자(PP)의 프로그램을 실시간 송출. 자체 채널을 포함하여 현재 250~260개 이상의 채널을 송출중."
150841,엔터테인먼트,43,163505,363260,모비데이즈,2,kosdaq,-1.92,818,0,0,0,자회사 '코코다이브'가 음반 및 굿즈 글로벌 유통을 담당하고 있어 부각
150841,엔터테인먼트,44,3010,160550,NEW,2,kosdaq,-2.53,1154,0,0,0,"2008년 영화투자배급사로 설립. 영화, 비디오물 및 방송프로그램 배급업을 주요사업으로 영위중. 천만 관객 이상의 <7번방의 선물(2013)>, , 과 , 등의 영화와 드라마 를 흥행시켰으며, 방송프로그램 기획, 투자 및 제작(스튜디오앤뉴), 영화 부가판권 유통대행(콘텐츠판다), 음원 투자 및 유통(뮤직앤뉴), 스포츠마케팅/매니지먼트(브라보앤뉴), 영화 등 영상콘텐츠 VFX 제작(엔진비주얼웨이브) 사업을 통해 종합 미디어컨텐츠 그룹으로 성장."
150841,엔터테인먼트,45,167274,473980,노머스,2,kosdaq,-2.69,10870,0,0,0,"아티스트 지식 재산권(IP)을 활용해 국내외 투어, 팬덤 플랫폼 ‘프롬(fromm)’와 커머스·콘텐츠 등의 서비스를 제공"
150841,엔터테인먼트,46,2637,094480,갤럭시아머니트리,2,kosdaq,-2.93,4970,0,0,0,나무엑터스의 지분 중 13.14% 보유 (2022.07 기준)[배우 박은빈 소속사 / 우영우 관련주]
150841,엔터테인먼트,47,2281,068050,팬엔터테인먼트,2,kosdaq,-2.94,1156,0,0,0,"드라마, 교양/예능프로그램 등의 방송영상물제작 및 드라마OST 등의 음반제작을 주요사업으로 영위. 연기자 매니지먼트 등을 주된 영업으로 하는 (주)팬스타즈컴퍼니를 종속회사로 보유."
150841,엔터테인먼트,48,1925,048550,SM C&C,2,kosdaq,-3.07,1549,0,0,0,"(주)에스엠엔터테인먼트의 글로벌 네트워크를 통한 영상 콘텐츠 제작(드라마, 예능프로그램 등), 매니지먼트 사업 등을 영위하는 업체."
150841,엔터테인먼트,49,1837,044480,빌리언스,2,kosdaq,-3.92,1079,0,0,0,2022년 엔터테인먼트 진출과 함께 (주)빌리언스로 사명 변경
150841,엔터테인먼트,50,912,011420,갤럭시아에스엠,1,kospi,-4.47,1476,0,0,0,"국내 및 해외 스포츠 방송중계권 확보를 통한 중계권 판매와 각종 스포츠 협회, 스포츠연맹, 스포츠구단 등을 위한 마케팅활동과 스포츠선수 매니지먼트사업을 영위. 쇼트트랙 심석희 등의 선수를 매니지먼트."
150841,엔터테인먼트,51,3124,208640,썸에이지,2,kosdaq,-6.62,748,0,0,0,지난 2021년 로제의 소속사 더블랙레이블에 20억원을 초기 투자
150841,엔터테인먼트,52,159338,322780,코퍼스코리아,2,kosdaq,-16.91,1853,0,0,0,"영화, 비디오물, 방송프로그램 제작 및 배급업체. 방송 콘텐츠 판권 확보 후 영상, 음향, 자막 등을 자체 처리(커스터마이징)하여 VOD/OTT등 플랫폼사에 배급하거나 확보한 권리 일부를 타 배급사등에 양도(서브라이선스)하는 배급사업을 주 사업목적으로 영위."
150841,엔터테인먼트,53,1445,032800,판타지오,2,kosdaq,-18.83,1660,0,0,0,"엔터테인먼트 사업을 영위하는 업체. 엔터테인먼트 사업은 연예 매니지먼트, 영화제작, 음반 제작을 영위하고 있으며, 강한나, 임현성 등의 연예인이 소속되어 있음. 종속회사 (주)판타지오뮤직에 위키미키, 아스트로 등의 가수들이 소속되어 있음."
150841,엔터테인먼트,54,1569,036420,콘텐트리중앙,1,kospi,-23.75,1220,0,0,0,중앙일보 계열의 지주사업과 영화 및 방송 콘텐츠 투자사업을 영위하는 업체. 멀티플렉스 극장(메가박스 등) 운영사업을 영위하는 메가박스중앙(주)과 드라마 제작 및 콘텐츠 유통사업 등을 영위하는 제이티비씨스튜디오(주) 등을 자회사로 보유.
155439,스마트폰 SLP(차세대 메인보드),1,751,007660,이수페타시스,1,kospi,-3.26,98000,0,0,0,SLP 공급을 위해 시제품 개발 착수.
155439,스마트폰 SLP(차세대 메인보드),2,1589,036710,심텍홀딩스,2,kosdaq,-5.97,3385,0,0,0,"자회사 심텍, SLP의 핵심공정인 고사양 반도체 패키징기술 MSAP 기술 보유."
155439,스마트폰 SLP(차세대 메인보드),3,758,007810,코리아써키트,1,kospi,-8.26,68900,0,0,0,고사양 반도체 패키징기술 MSAP 기술 보유.
155439,스마트폰 SLP(차세대 메인보드),4,3179,222800,심텍,2,kosdaq,-8.52,108400,0,0,0,SLP의 핵심공정인 고사양 반도체 패키징기술 MSAP 기술 보유.
155439,스마트폰 SLP(차세대 메인보드),5,819,009150,삼성전기,1,kospi,-9.85,1648000,0,0,0,SLP의 핵심공정인 고사양 반도체 패키징기술 MSAP 기술 보유.
3344,시멘트/레미콘,1,2413,079650,서산,2,kosdaq,29.93,4775,0,0,0,"콘크리트 제품 생산/판매 업체. 시멘트를 원재료로 레미콘, 2차제품(흄관, 고강도파일, 한전주, 통신주) 등을 생산."
3344,시멘트/레미콘,2,3093,198440,강동씨앤엘,2,kosdaq,13.27,1801,0,0,0,"강동그룹 계열의 시멘트 전문업체로 건축, 토목에 사용되는 시멘트 등을 생산/판매. 19년8월31일 레미콘사업부문 생산중단. 레미콘 사업부문 광양공장은 ㈜고려레미콘에 임대운영중."
3344,시멘트/레미콘,3,715,006920,모헨즈,2,kosdaq,8.92,3845,0,0,0,충남지역 기반의 레미콘 사업 영위 업체. 레미콘 제조 및 판매업체 덕원산업(주)을 종속회사로 보유.
3344,시멘트/레미콘,4,611,004980,성신양회,1,kospi,8.72,9100,0,0,0,"시멘트 등을 생산, 판매하는 업체. 레미콘 사업을 영위중인 성신레미컨(주)을 종속회사로 보유. 주요상표로 천마표시멘트, 성신레미콘 등."
3344,시멘트/레미콘,5,3238,255220,SG,2,kosdaq,7.02,1509,0,0,0,"아스콘(아스팔트 콘크리트) 및 레미콘 생산, 판매업체."
3344,시멘트/레미콘,6,148890,300720,한일시멘트,1,kospi,4.11,14690,0,0,0,"기존 한일시멘트에서 시멘트, 레미콘, 레미탈 사업부문 등이 인적분할됨에 따라 재상장된 업체. 시멘트 제조 및 시멘트 2차 제품(레미콘, 레미탈) 판매업을 주요 사업으로 영위. 주요 제품으로 시멘트, 특수시멘트, 레미콘, 레미탈, 고강도 혼합재 등을 보유."
3344,시멘트/레미콘,7,2156,060560,HC홈센타,2,kosdaq,2.58,2185,0,0,0,"16년9월 기존 레미콘 제조업을 홈센타로 분할한 후 홈센타홀딩스로 상호변경. 분할신설법인 홈센타 지분 100%를 소유하고 있으며, 레미콘 제조업체 에이치씨보광레미콘과 에이치씨대동산업 등을 자회사로 보유."
3344,시멘트/레미콘,8,351,000910,유니온,1,kospi,1.26,2810,0,0,0,"백시멘트, 알루미나시멘트 등 내화재, 터널시공자재 등 특수시멘트를 판매하는 시멘트 전문업체."
3344,시멘트/레미콘,9,1645,037760,쎄니트,2,kosdaq,0.81,2475,0,0,0,레미콘 제조 및 판매업을 영위하는 영산콘크리트공업을 종속회사로 보유.
3344,시멘트/레미콘,10,1665,038500,삼표시멘트,2,kosdaq,-0.72,8280,0,0,0,"삼표그룹 계열사로 시멘트 및 2차 제품의 제조, 판매를 주요사업으로 영위."
3344,시멘트/레미콘,11,910,011390,부산산업,1,kospi,-2,44200,0,0,0,부산 소재의 레미콘 전문 제조업체. 종속회사인 태명실업을 통해 콘크리트침목ㆍ세그멘트ㆍ시멘트 지대 사업 영위.
3344,시멘트/레미콘,12,3053,183190,아세아시멘트,1,kospi,-3.02,9310,0,0,0,"아세아그룹 계열의 중견 시멘트 제조업체. 시멘트, 레미콘, 드라이몰탈 사업을 영위."
3344,시멘트/레미콘,13,391,001520,동양,1,kospi,-4.35,550,0,0,0,"건재사업(레미콘 등), 건설사업(건축/토목공사), 플랜트사업(산업용송풍기) 등 영위업체. 유진기업(023410)이 최대주주."
3344,시멘트/레미콘,14,3188,225530,HC보광산업,2,kosdaq,-7.01,2720,0,0,0,"대구/경북지역의 골재생산 전문 업체. 건설의 근간이 되는 콘크리트용 부순골재(부순 굵은골재, 부순 잔골재)와 도로포장공사용 혼합골재(40mm이하), 재활용 아스콘, 일반 아스콘, 레미콘 등을 생산, 판매."
3344,시멘트/레미콘,15,1229,023410,유진기업,2,kosdaq,-7.56,3670,0,0,0,"유진그룹 계열로 레미콘사업, 시멘트 및 골재 등을 이용한 건자재유통사업, 건설사업 등을 영위. 수도권지역내외에 공장이 소재하고 있음."
3344,시멘트/레미콘,16,3198,228340,동양파일,2,kosdaq,-9.87,3425,0,0,0,
150847,반도체 후공정,1,2192,064520,테크엘,2,kosdaq,3.03,1598,0,0,0,"메모리 반도체 후공정을 전문으로 하는 '스토리지 SIP(시스템 인 패키지, System In Package)' 사업을 영위. 메모리 후공정은 웨이퍼 제조를 마친 칩을 실제 사용 가능한 완제품으로 만드는 마지막 단계."
150847,반도체 후공정,2,158770,330860,네패스아크,2,kosdaq,0.92,32950,0,0,0,시스템반도체 후공정 테스트 전문
150847,반도체 후공정,3,2172,061970,LB세미콘,2,kosdaq,0.12,4120,0,0,0,반도체 후공정(OSAT) 전문 기업
150847,반도체 후공정,4,151475,256630,포인트엔지니어링,2,kosdaq,-0.94,4225,0,0,0,반도체 위탁생산방식인 파운드리 프로세스와 같은 구조로 반도체 후공정에 사용되는 고사양 핀 생산 및 공급
150847,반도체 후공정,5,2652,095340,ISC,2,kosdaq,-1.7,150100,0,0,0,반도체 소켓패키징 소재(소켓) 제조.
150847,반도체 후공정,6,3509,089890,코세스,2,kosdaq,-2.02,26700,0,0,0,
150847,반도체 후공정,7,167307,212710,아이에스티이,2,kosdaq,-2.48,9430,0,0,0,반도체 후공정인 패키징테스트(OSAT) 업체까지 고객층을 확대
150847,반도체 후공정,8,1575,036540,SFA반도체,2,kosdaq,-2.67,5100,0,0,0,"반도체 모듈패키징 소재(라미네이트, 리드프레임) 제조."
150847,반도체 후공정,9,3214,238490,힘스,2,kosdaq,-2.86,2380,0,0,0,반도체 후공정에서 칩의 패턴까지 측정할 수 있는 오버레이 계측 분야로 사업 영역을 확대 예정.
150847,반도체 후공정,10,1492,033640,네패스,2,kosdaq,-3.05,20650,0,0,0,반도체 모듈패키징 소재(범핑) 제조.
150847,반도체 후공정,11,167351,234030,싸이닉솔루션,2,kosdaq,-3.07,3315,0,0,0,시스템 반도체 후공정 설계 전문 기업으로 SK하이닉스시스템아이씨 공식 파운드리 판매대행 협력사
150847,반도체 후공정,12,2833,119830,아이텍,2,kosdaq,-3.27,5320,0,0,0,반도체 완제품패키징 테스트사업 영위.
150847,반도체 후공정,13,2914,131970,두산테스나,2,kosdaq,-3.37,103200,0,0,0,반도체 테스트장비(WLP테스트) 제조.
150847,반도체 후공정,14,3096,200470,에이팩트,2,kosdaq,-3.38,5720,0,0,0,에이팩트와 패키지 영업양수도 MOU 체결
150847,반도체 후공정,15,498,003160,디아이,1,kospi,-3.56,23000,0,0,0,반도체 테스트장비(소켓) 제조.
150847,반도체 후공정,16,152415,272110,케이엔제이,2,kosdaq,-3.68,26150,0,0,0,반도체 공정용 SiC 소재 부품 및 디스플레이 제조/검사 장비를 개발.
150847,반도체 후공정,17,2617,092870,엑시콘,2,kosdaq,-3.8,16700,0,0,0,"반도체 테스트장비(WLP테스트, SSD테스트) 제조."
150847,반도체 후공정,18,2436,080580,오킨스전자,2,kosdaq,-3.9,13550,0,0,0,반도체 테스트 소켓 제조 사업과 테스트 용역사업 영위. 주력 제품은 번인 소켓(Burn-in Socket).
150847,반도체 후공정,19,2187,064290,인텍플러스,2,kosdaq,-3.94,46350,0,0,0,반도체 완제품패키징 장비(테스트) 제조.
150847,반도체 후공정,20,163598,112290,와이씨켐,2,kosdaq,-3.97,9910,0,0,0,후공정 소재 생산 및 판매
150847,반도체 후공정,21,2123,058470,리노공업,2,kosdaq,-4.01,71900,0,0,0,반도체 소켓패키징 소재(핀) 제조.
150847,반도체 후공정,22,159298,356860,티엘비,2,kosdaq,-4.24,67800,0,0,0,반도체 후공정 검사장비용 PCB 제조.
150847,반도체 후공정,23,2267,067310,하나마이크론,2,kosdaq,-4.49,37250,0,0,0,반도체 완제품패키징 제조.
150847,반도체 후공정,24,2909,131290,티에스이,2,kosdaq,-4.5,233500,0,0,0,"반도체 웨이퍼 테스트에 사용되는 소모품인 Probe Card, 후공정 최종 검사단계에 사용되는 인터페이스 보드, OLED 검사장비 등을 주로 생산."
150847,반도체 후공정,25,161464,252990,샘씨엔에스,2,kosdaq,-4.69,11390,0,0,0,반도체 프로브카드용 세라믹STF 생산/판매.
150847,반도체 후공정,26,167425,153890,져스텍,2,kosdaq,-4.73,13300,0,0,0,기계 움직임을 제어하는 초정밀 모션시스템을 전문으로 양산
150847,반도체 후공정,27,166290,172670,에이엘티,2,kosdaq,-4.73,9070,0,0,0,비메모리 반도체 후공정의 테스트를 전문적으로 수행하는 사업을 주 사업으로 영위
150847,반도체 후공정,28,2688,098460,고영,2,kosdaq,-4.75,27100,0,0,0,2D /3D Inspection 장비 생산
150847,반도체 후공정,29,2685,098120,마이크로컨텍솔,2,kosdaq,-5.16,22050,0,0,0,반도체 테스트 소켓인 아이씨소켓(IC Socket) 제조.
150847,반도체 후공정,30,2476,083450,GST,2,kosdaq,-5.43,44450,0,0,0,"반도체 가스정화장비, 온도조절장치 제조."
150847,반도체 후공정,31,3203,232140,와이씨,2,kosdaq,-5.82,11000,0,0,0,반도체 테스트장비(WLP테스트) 제조.
150847,반도체 후공정,32,1463,033160,엠케이전자,2,kosdaq,-5.87,14440,0,0,0,반도체 모듈패키징 소재(와이어) 제조.
150847,반도체 후공정,33,165539,355150,코스텍시스,2,kosdaq,-5.9,19760,0,0,0,
150847,반도체 후공정,34,2038,053610,프로텍,2,kosdaq,-6.3,64000,0,0,0,반도체 모듈패키징 장비(스프레이본딩) 제조.
150847,반도체 후공정,35,299,000150,두산,1,kospi,-6.38,1320000,0,0,0,반도체 후공정 업체인 테스나 인수
150847,반도체 후공정,36,3085,195870,해성디에스,1,kospi,-6.52,54500,0,0,0,반도체 모듈패키징 소재(리드프레임) 제조.
150847,반도체 후공정,37,2569,089790,제이티,2,kosdaq,-6.88,4125,0,0,0,반도체 패키징장비(핸들러) 제조.
150847,반도체 후공정,38,1689,039030,이오테크닉스,2,kosdaq,-6.92,370000,0,0,0,반도체 레이저 마킹장비 제조.
150847,반도체 후공정,39,1794,042700,한미반도체,1,kospi,-7.06,210500,0,0,0,반도체 모듈패키징 소재(와이어본딩) 제조.
150847,반도체 후공정,40,2522,086390,유니테스트,2,kosdaq,-7.41,10740,0,0,0,반도체 테스트장비(소켓) 제조.
150847,반도체 후공정,41,1288,025560,미래산업,1,kospi,-8.64,41750,0,0,0,반도체 검사장비(Test Handler) 및 표면실장장비(Chip Mounter) 생산.
150847,반도체 후공정,42,2377,077360,덕산하이메탈,2,kosdaq,-10.53,8500,0,0,0,반도체 패키징소재(솔더볼) 제조.
150847,반도체 후공정,43,2980,147760,피엠티,2,kosdaq,-10.6,3670,0,0,0,반도체 모듈패키징 소재(프로브카드) 제조.
150847,반도체 후공정,44,2555,089030,테크윙,2,kosdaq,-10.85,41100,0,0,0,반도체 테스트장비(핸들러) 제조.
150847,반도체 후공정,45,163547,412350,레이저쎌,2,kosdaq,-26,4240,0,0,0,
3312,2차전지,1,2670,096770,SK이노베이션,1,kospi,7.56,103800,0,0,0,친환경 전기자동차 및 ESS (Energy Storage System)에 사용되는 대용량 리튬-이온 배터리를 생산.
3312,2차전지,2,2201,065130,탑엔지니어링,2,kosdaq,5.84,3170,0,0,0,2차전지 전극공정장비를 LG화학 등에 공급. 2차전지용 보호회로 생산라인을 자회사인 파워로직스에 공급.
3312,2차전지,3,2666,096630,에스코넥,2,kosdaq,4.88,1913,0,0,0,소형 전지 부품인 전류차단장치 공급.
3312,2차전지,4,2372,076080,웰크론한텍,2,kosdaq,4.51,1019,0,0,0,2차전지 분리막 공정에 들어가는 용제회수설비 보유.
3312,2차전지,5,392,001530,DI동일,1,kospi,3.56,23250,0,0,0,"자회사 동일알루미늄, 2차전지용 알루미늄박 생산."
3312,2차전지,6,164217,419080,엔젯,2,kosdaq,2.58,4370,0,0,0,"전기차용 2차전지 코팅공정용 고효율, 고수명 전기수학력(EHD) 제어형 슬롯다이 헤드 기술개발 과제 참여"
3312,2차전지,7,1143,018290,브이티,2,kosdaq,2.44,12180,0,0,0,2차전지 '리튬황배터리' 개발 및 리튬-황 전지 개발 사업 지원 대상 선정
3312,2차전지,8,1031,014820,동원시스템즈,1,kospi,2.14,19560,0,0,0,2차전지 내에서 전자가 이동하는 통로 역할을 하는 핵심 부품인 2차전지용 알루미늄 양극박을 양산.
3312,2차전지,9,166115,378340,필에너지,2,kosdaq,2.12,11540,0,0,0,"2차전지 스태킹, 노칭 장비 제조."
3312,2차전지,10,161465,361670,삼영에스앤씨,2,kosdaq,1.83,3055,0,0,0,전기차용 배터리 드라이룸 제조. 전기차 배터리팩 시장 성장 전망으로 부각
3312,2차전지,11,166291,462520,조선내화,1,kospi,1.75,16270,0,0,0,2차전지 양극재 제조 세라믹 부분 진출 계획
3312,2차전지,12,2849,122350,삼기,2,kosdaq,1.71,1898,0,0,0,전기차 배터리 부품인 엔드플레이트 공급.
3312,2차전지,13,1028,014680,한솔케미칼,1,kospi,1.01,251000,0,0,0,"2차전지용 테이프, 음극재 바인더 생산 중. 21년8월 2차전지 실리콘 음극재 사업에 850억원을 투자하기로 결정."
3312,2차전지,14,2906,131100,티엔엔터테인먼트,2,kosdaq,0.89,797,0,0,0,리튬이차전지의 주원료인 전해액의 소재(원재료) 생산. 전기차용 중대형 2차전지 전해액 첨가제 개발.
3312,2차전지,15,2050,053980,오상자이엘,2,kosdaq,0.78,2590,0,0,0,알루미나 미립자 및 이의 제조 방법 특허권 보유. 해당 제조 방법이 테슬라의 2차전지 알루미나 보헤마이트 분리막 채택.
3312,2차전지,16,381,001390,KG케미칼,1,kospi,0.7,4335,0,0,0,2차전지 양극활물질 원료인 고순도 황산니켈을 생산하는 ㈜KG에너켐의 지분을 인수하며 2차전지 핵심소재사업에 진출.
3312,2차전지,17,2844,121850,코이즈,2,kosdaq,0.68,1490,0,0,0,2차전지 양극재 첨가제 개발중
3312,2차전지,18,582,004490,세방전지,1,kospi,0.19,52400,0,0,0,"로케트 배터리 브랜드를 보유한 축전지 제조업체. 차량용, 산업용, 이륜용(오토바이용) 축전지 등 제조."
3312,2차전지,19,150706,000240,한국앤컴퍼니,1,kospi,0.19,26200,0,0,0,차량용 보조배터리 공급.
3312,2차전지,20,1245,023800,인지컨트롤스,1,kospi,0.18,5590,0,0,0,배터리 부품(버스바 아셈블리) 등 생산.
3312,2차전지,21,1302,025900,동화기업,2,kosdaq,0.17,5890,0,0,0,전해액 등 전자재료를 제조/판매. 삼성SDI 등에 2차전지용 전해액을 납품중인 '동화일렉트로라이트'를 인수하여 자회사로 보유.
3312,2차전지,22,2172,061970,LB세미콘,2,kosdaq,0.12,4120,0,0,0,배터리 양극재 재생업체 진성리텍을 인수해 배터리 재생 시장에 진출
3312,2차전지,23,167418,0011T0,채비,2,kosdaq,0,0,0,0,0,--
3312,2차전지,24,1432,032560,황금에스티,1,kospi,0,5360,0,0,0,자회사 유에스티가 17년12월 전기차용 2차전지 핵심부품인 하이브리드 분리막을 개발.
3312,2차전지,25,1232,023440,제이스코홀딩스,2,kosdaq,0,521,0,0,0,2차전지 전문기업과 업무협약 체결. 슈퍼커패시터를 이용한 2차전지 사업 진출 추진
3312,2차전지,26,167360,309710,아이티켐,2,kosdaq,0,21000,0,0,0,의약품·전자·2차전지 분야에 사용되는 원료를 생산하는 CDMO 기업
3312,2차전지,27,1972,051490,나라엠앤디,2,kosdaq,-0.18,2710,0,0,0,"종속회사 나라엠텍, 전기자동차 Battery Pack/ESS 사출금형 생산. 종속회사 나라모소기술(남경)유한공사, 전기자동차용 Battery Pack, ESS의 사출부품 생산."
3312,2차전지,28,2056,054090,삼진엘앤디,2,kosdaq,-0.31,979,0,0,0,2차전지 가스켓 공급.
3312,2차전지,29,2632,093920,서원인텍,2,kosdaq,-0.31,4860,0,0,0,"2차전지용 SCM(스마트회로모듈), PCM(보호회로모듈) 등의 2차전지 사업을 영위. LG화학에 2차전지 보호회로를 납품."
3312,2차전지,30,2828,118990,모트렉스,2,kosdaq,-0.35,5620,0,0,0,쌍용차와 2차전지 밸류체인 패키징 사업 파트너
3312,2차전지,31,859,010060,OCI홀딩스,1,kospi,-0.4,197900,0,0,0,포스코케미칼과 합작하여 음극재 코팅용 피치 생산
3312,2차전지,32,165770,457190,이수스페셜티케미컬,1,kospi,-0.46,65000,0,0,0,전고체 배터리 원료인 황화물 고체전해질 개발
3312,2차전지,33,1895,047050,포스코인터내셔널,1,kospi,-0.6,49700,0,0,0,호주계 광업회사 블랙록 마이닝의 자회사 탄자니아 '파루 그라파이트(FARU Graphite)'와 이차전지 배터리용 천연 흑연 장기 공급 계약 체결
3312,2차전지,34,1065,015890,태경산업,1,kospi,-0.64,4650,0,0,0,"2차전지 핵심 소재인 페로망간, 실리콘망간 등 생산/판매"
3312,2차전지,35,1377,029480,광무,2,kosdaq,-0.69,1435,0,0,0,2차전지 전해액 관련 사업 영위 및 리튬염 공급
3312,2차전지,36,2842,121600,나노신소재,2,kosdaq,-0.74,47150,0,0,0,양극/음극 내 전자 흐름을 촉진시키는 2차전지용 CNT(Carbon nanotube) 도전재 생산.
3312,2차전지,37,533,003670,포스코퓨처엠,1,kospi,-0.82,158200,0,0,0,양·음극재 생산.
3312,2차전지,38,3427,083420,그린케미칼,1,kospi,-0.88,4490,0,0,0,무음극 2차전지 개발
3312,2차전지,39,606,004910,조광페인트,1,kospi,-0.96,3610,0,0,0,2차전지용 방열접착소재 개발
3312,2차전지,40,163722,129920,대성하이텍,2,kosdaq,-1.06,4685,0,0,0,2차전지 제조 장비 전문기업
3312,2차전지,41,3019,161580,필옵틱스,2,kosdaq,-1.09,31850,0,0,0,2차전지 레이저 장비(2차전지용 Notching 공정 모듈장비) 등 생산. 20년4월 이차전지 장비사업을 분할하여 주식회사 필에너지를 설립.
3312,2차전지,42,148875,247540,에코프로비엠,2,kosdaq,-1.23,120200,0,0,0,리튬 2차전지용 양극활물질과 전구체 등 제조. 하이니켈계 양극활물질 중심으로 NCA 분야에서 스미토모금속광산에 이어 세계 2위 시장점유율 확보.
3312,2차전지,43,1102,016880,웅진,1,kospi,-1.24,1918,0,0,0,2차전지 장비 업체 이큐셀 인수를 위한 우선협상자 선정(23.11.15)
3312,2차전지,44,3258,265560,영화테크,2,kosdaq,-1.28,6960,0,0,0,"자동차 전장부품 제조. 정션박스(전원분배 및 회로보호)와 전기차 및 이차전지 부품(전압변환,고전류/전압 차단 등) 등을 제조."
3312,2차전지,45,2524,086520,에코프로,2,kosdaq,-1.29,84400,0,0,0,양극활물질 등 2차전지 사업을 분할하여 에코프로비엠을 신규 설립한 뒤 종속회사로 보유.
3312,2차전지,46,2166,060980,HL홀딩스,1,kospi,-1.29,38400,0,0,0,2차전지 분리막 제조기업 WCP에 1000억원 투자
3312,2차전지,47,2371,075970,동국알앤에스,2,kosdaq,-1.34,1690,0,0,0,내식성 및 열적 안정성이 우수한 양극재 소성용 내화갑 개발/생산.
3312,2차전지,48,157266,277880,티에스아이,2,kosdaq,-1.34,3320,0,0,0,2차전지 제조 장비중 Mixing 공정을 운영하는 장비와 그 시스템 판매 사업 영위.
3312,2차전지,49,2209,065350,신성델타테크,2,kosdaq,-1.35,29200,0,0,0,"자회사 신성오토모티브, 남경신성델타과기, ST Automotive sp. zo. o(폴란드)를 통해 사출품인 방열판과 배터리 팩 케이스, 부스바 등 생산."
3312,2차전지,50,695,006400,삼성SDI,1,kospi,-1.44,445000,0,0,0,"소형전지(휴대폰, 태블릿PC, 전기자전거 용), 자동차전지(하이브리드카, 전기차 용), ESS 생산/판매."
3312,2차전지,51,3242,259630,엠플러스,2,kosdaq,-1.47,10050,0,0,0,파우치형의 전기자동차용 리튬이온 이차전지 조립공정 장비 제조.
3312,2차전지,52,162592,348370,엔켐,2,kosdaq,-1.47,23500,0,0,0,2차전지 전해액 제조
3312,2차전지,53,165758,456040,OCI,1,kospi,-1.53,90200,0,0,0,포스코케미칼과 합작하여 음극재 코팅용 피치 생산
3312,2차전지,54,863,010130,고려아연,1,kospi,-1.71,1094000,0,0,0,LG화학과 양극재 원료인 전구체 생산을 위한 기술적 제휴 체결.
3312,2차전지,55,151346,312610,에이에프더블류,2,kosdaq,-1.77,500,0,0,0,리튬 이온 2차전지 부품 중 하나인 음극마찰용접단자를 생산.
3312,2차전지,56,803,008730,율촌화학,1,kospi,-1.83,14980,0,0,0,파우치형 배터리 외부를 감싸는 파우치 필름 국산화 추진중
3312,2차전지,57,1148,018470,조일알미늄,1,kospi,-1.85,904,0,0,0,2차전지용 양극박 원자재 공급
3312,2차전지,58,152468,336370,솔루스첨단소재,1,kospi,-1.86,7900,0,0,0,전기차용 배터리에 사용되는 핵심 소재 전지박(2차전지용 동박) 생산.
3312,2차전지,59,639,005490,POSCO홀딩스,1,kospi,-1.87,315500,0,0,0,"광양제철소 리튬제조공장(PosLX)에서 국내 최초로 연산 1,500톤 규모의 수산화리튬 생산라인을 준공하고 18년4월부터 생산 진행."
3312,2차전지,60,635,005420,코스모화학,1,kospi,-1.87,9990,0,0,0,2차전지 양극재 기초소재인 황산코발트도 생산/판매. 19년8월 NCM 2차전지 양극활물질 설비 및 건축물 증설을 위한 신규시설투자 결정.
3312,2차전지,61,162550,382480,지아이텍,2,kosdaq,-1.9,1805,0,0,0,2차전지 롤투롤장비용 SLOT DIE 생산
3312,2차전지,62,3235,251630,브이원텍,2,kosdaq,-1.97,3490,0,0,0,디스플레이 검사 S/W 개발 및 장비 제작. 2차전지 검사장비 생산.
3312,2차전지,63,406,001780,알루코,1,kospi,-2.02,1648,0,0,0,LG화학과 SK이노베이션을 통해 완성차 업체 폴크스바겐과 다임러그룹에 '배터리 팩 하우징'을 공급
3312,2차전지,64,161313,361610,SK아이이테크놀로지,1,kospi,-2.03,15430,0,0,0,배터리 핵심 소재인 분리막 사업 영위. EV 및 IT 배터리 내 탑재되는 습식 분리막 및 세라믹코팅분리막 사업을 주력으로 영위.
3312,2차전지,65,161581,383310,에코프로에이치엔,2,kosdaq,-2.14,27400,0,0,0,양극재 도펀트 등 이차전지 부소재 개발 및 클린룸 케미컬 필터 제조.
3312,2차전지,66,1577,036560,KZ정밀,2,kosdaq,-2.14,11450,0,0,0,2차전지 설비 구축에 필수인 펌프와 밸브 수요 제조.
3312,2차전지,67,1119,017370,우신시스템,1,kospi,-2.15,4325,0,0,0,배터리 제조설비 생산
3312,2차전지,68,1951,049950,미래컴퍼니,2,kosdaq,-2.16,10400,0,0,0,"전고체 전지 스태킹, 검사 장비 개발 중."
3312,2차전지,69,152677,254120,자비스,2,kosdaq,-2.32,800,0,0,0,"Battery의 내부 결함을 X-ray 투과 영상으로 촬영하는 In-Line X-ray 검사 장비, Off-Line 검사장비, CT&3D 검사 장비 등을 생산/공급."
3312,2차전지,70,705,006650,대한유화,1,kospi,-2.42,108800,0,0,0,2차전지 분리막에 사용되는 고밀도 폴리에틸렌(HDPE) 생산. 분리막용 초고분자 폴리에틸렌(UWPE) 관련 기술 보유.
3312,2차전지,71,708,006740,블루산업개발,1,kospi,-2.42,886,0,0,0,사용후 배터리 검사기관 시스피아 투자
3312,2차전지,72,2928,137400,피엔티,2,kosdaq,-2.48,33400,0,0,0,롤투롤 기술을 이용해 2차전지의 원천소재인 음극재 및 분리막 제조장비와 동박 제조장비 제조.
3312,2차전지,73,161108,357780,솔브레인,2,kosdaq,-2.54,306500,0,0,0,2차전지 전해액 생산.
3312,2차전지,74,158936,299030,하나기술,2,kosdaq,-2.55,12990,0,0,0,"원형, 각형, 파우치형 2차전지의 조립, 화성공정 장비와 Pack조립라인 및 다양한 전지품질 검사장비를 제작."
3312,2차전지,75,151749,282880,코윈테크,2,kosdaq,-2.61,10090,0,0,0,2차전지 등 다양한 사업분야에 공정자동화시스템을 구축. 2차전지 전공정(생산공정)의 경우 세계 최초 Full 자동화에 성공.
3312,2차전지,76,617,005070,코스모신소재,1,kospi,-2.63,38950,0,0,0,"2차전지용 양극활물질(노트북 PC에 사용되는 일반형 LCO, Tablet PC, 스마트폰용으로 사용되는 고밀도 LCO 등) 생산."
3312,2차전지,77,2490,083930,아바코,2,kosdaq,-2.64,10710,0,0,0,2차전지 롤투롤 장비 제조.
3312,2차전지,78,678,006110,삼아알미늄,1,kospi,-2.67,36500,0,0,0,"2차전지 제조용 알루미늄박을 LG화학, SK이노베이션, 삼성SDI 등 국내 배터리 3사에 공급."
3312,2차전지,79,148891,302430,이노메트리,2,kosdaq,-2.67,6200,0,0,0,2차전지 X-ray 검사장비 제조. 2차전지의 내부결함을 검출하는 X-ray 검사장비를 개발/판매.
3312,2차전지,80,166982,445180,퓨릿,2,kosdaq,-2.67,7650,0,0,0,2차전지 전해액 첨가제 및 양극재 바인더 유기용매 제품 국산화 예정
3312,2차전지,81,1898,047310,파워로직스,2,kosdaq,-2.69,3075,0,0,0,"휴대폰 등의 2차전지용 보호회로(PCM)와 노트북, PDA, 디카 등의 배터리 보호회로인 스마트모듈(SM) 및 배터리 관리시스템(BMS) 제조."
3312,2차전지,82,148881,278280,천보,2,kosdaq,-2.74,35450,0,0,0,"2차전지소재인 전해질, 전해액 첨가제 제조."
3312,2차전지,83,3246,263600,덕우전자,2,kosdaq,-2.76,3350,0,0,0,2차전지 부품 장비 제조사업 진출
3312,2차전지,84,1061,015750,성우하이텍,2,kosdaq,-2.77,5960,0,0,0,세계 최초로 전기차용 배터리 보호하는 복합소재 시트 크로스 멤버(Seat Cross Member)를 개발 및 제품 양산차종에 적용
3312,2차전지,85,3249,263770,유에스티,2,kosdaq,-2.81,1557,0,0,0,스테인리스 강관 제조 및 판매업체로 신규사업으로 이차전지 분리막 사업 진행 중. 17년5월부터 이차전지 분리막 기술개발에 착수.
3312,2차전지,86,152568,322180,LS티라유텍,2,kosdaq,-2.84,4110,0,0,0,2차전지 정보 및 운영기술 소프트웨어 서비스와 로봇 하드웨어 솔루션을 결합한 특화 패키지를 '인터배터리 2023'에서 공개
3312,2차전지,87,3518,037030,파워넷,2,kosdaq,-2.86,3905,0,0,0,배터리팩 모듈 개발중
3312,2차전지,88,167147,450080,에코프로머티,1,kospi,-2.86,39050,0,0,0,하이니켈 전구체를 제조 및 판매하는 사업을 영위
3312,2차전지,89,2984,148250,알엔투테크놀로지,2,kosdaq,-2.92,2330,0,0,0,리튬이온 배터리의 보호회로에 사용되는 REP(Resistor Embedded Protector)를 개발해 테스트
3312,2차전지,90,157289,101360,에코앤드림,2,kosdaq,-3.01,7740,0,0,0,리튬2차전지용 양극활물질의 핵심 소재인 양극활물질 전구체 소재를 생산.
3312,2차전지,91,167304,452450,피아이이,2,kosdaq,-3.03,3355,0,0,0,"이차전지 배터리 결함을 찾아내는 AI SW, 영상처리 알고리즘 SW기술 보유"
3312,2차전지,92,3012,161000,애경케미칼,1,kospi,-3.04,9570,0,0,0,-
3312,2차전지,93,163687,107600,새빗켐,2,kosdaq,-3.06,13620,0,0,0,이차전지에서 양극활물질을 정제ㆍ분리 후 전기차 이차전지 부원료로 공급
3312,2차전지,94,157061,267320,나인테크,2,kosdaq,-3.12,2020,0,0,0,2차전지업체인 탈로스 경영권 인수. 2차전지 장비 생산.2차전지 조립공정의 특화된 장비(Lamination/Stacking) 생산. 매출비중 100%는 LG에너지솔루션
3312,2차전지,95,3176,222080,SFA넥셀,2,kosdaq,-3.22,7820,0,0,0,"2차전지 전극제조 장비 제조. 2차 전지 전공정에 해당하는 Coater M/C, Calender M/C, Slitter M/C 및 Tape Laminator를 생산."
3312,2차전지,96,165048,418550,제이오,2,kosdaq,-3.3,4395,0,0,0,이차전지 도전재용 탄소나노튜브 생산 및 공급
3312,2차전지,97,2415,079810,APS이노베이션,2,kosdaq,-3.31,2920,0,0,0,국내 최초 기존 프레스 장비를 대체할 수 있는 2차전지 양극재 레이저노칭 장비 개발. 강봉리튬 자회사와 이차전지 사업 전략적 제휴
3312,2차전지,98,151716,317330,덕산테코피아,2,kosdaq,-3.35,10670,0,0,0,2차전지 전고체 배터리 제조업체 세븐킹에너지의 지분 취득
3312,2차전지,99,465,002710,TCC스틸,1,kospi,-3.36,9490,0,0,0,2차전지 원통형 캔 소재인 니켈도금 강판을 생산하여 상신이디피 등 타발업체에 독점 납품.
3312,2차전지,100,3170,220260,켐트로스,2,kosdaq,-3.38,3575,0,0,0,정밀화학업체로 2차전지용 전해액 첨가제 생산.
3312,2차전지,101,3450,257370,피엔티엠에스,2,kosdaq,-3.38,2430,0,0,0,2차전지 핵심 소재인 분리막 생산 설비 제조. 2차전지 분리막 생산설비 국내 유일 제조.
3312,2차전지,102,162453,382840,원준,2,kosdaq,-3.43,5070,0,0,0,양극재 및 음극재 열처리장비 제조
3312,2차전지,103,1596,036830,솔브레인홀딩스,2,kosdaq,-3.46,34850,0,0,0,"자회사 솔브레인, 2차전지 전해액 생산."
3312,2차전지,104,934,011930,신성이엔지,1,kospi,-3.49,17140,0,0,0,"2차전지 스태킹, 노칭 장비 제조."
3312,2차전지,105,2061,054210,이랜텍,2,kosdaq,-3.55,7070,0,0,0,"노트북용, 청소기용, 전동공구용, 소형 ESS 등의 Battery Pack을 완성품 업체에 공급."
3312,2차전지,106,2137,059090,미코,2,kosdaq,-3.64,15640,0,0,0,차세대 전고체 배터리 샘플테스트 완료. 상용화 기대감 보유
3312,2차전지,107,668,005950,이수화학,1,kospi,-3.76,12800,0,0,0,전고체 배터리 원료인 황화물 고체전해질 개발
3312,2차전지,108,2256,066970,엘앤에프,1,kospi,-3.77,99500,0,0,0,2차전지 양극활물질 생산/판매.
3312,2차전지,109,157571,320000,한울반도체,2,kosdaq,-3.82,11330,0,0,0,머신비전(Machine Vision) 기술에 기반한 검사장비 업체로 필름 관련 검사장비인 FI(Film Inspector) 사업을 영위.
3312,2차전지,110,914,011500,한농화성,1,kospi,-3.83,12800,0,0,0,한국화학연구원과 LG화학과 함께 전고체 배터리 전해질을 개발 중.
3312,2차전지,111,164004,360070,탑머티리얼,2,kosdaq,-3.9,9120,0,0,0,2차전지 소재 및 장비 공급
3312,2차전지,112,2187,064290,인텍플러스,2,kosdaq,-3.94,46350,0,0,0,2차전지 검사장비 사업 영위.
3312,2차전지,113,162569,321260,프로이천,2,kosdaq,-3.94,1730,0,0,0,2차전지 활성화공정용 그리퍼 사업준비중
3312,2차전지,114,925,011790,SKC,1,kospi,-3.96,97000,0,0,0,종속회사 에스케이씨에프티홀딩스 주식회사 통해 2차전지 소재인 동박을 제조 및 판매하는 KCF테크놀로지스 지분을 100% 보유. 실리콘 음극재 기술기업 '넥세온'에 투자해 지분 일부와 실리콘 음극재 신기술 독점 사업권 확보.
3312,2차전지,115,1982,051910,LG화학,1,kospi,-3.98,265500,0,0,0,"휴대폰, 노트북 등 모바일 기기에 쓰이는 소형 리튬이온 전지 및 전기자동차에 쓰이는 리튬이온 전지를 생산."
3312,2차전지,116,3044,178920,PI첨단소재,1,kospi,-4.04,18550,0,0,0,폴리이미드필름(PI필름) 제조업체. 전기차 배터리 등에 쓰이는 일반 산업용 PI필름 생산.
3312,2차전지,117,164208,372170,윤성에프앤씨,2,kosdaq,-4.13,16500,0,0,0,2차전지 원재료 혼합 믹싱장비 공급
3312,2차전지,118,158142,053080,케이엔솔,2,kosdaq,-4.17,8960,0,0,0,"반도체,디스플레이,2차전지,바이오 등 미세 공정 필수 설비인 클린룸 제조. 2차전지 드라이룸 사업 영위."
3312,2차전지,119,2545,088390,이녹스,2,kosdaq,-4.19,7310,0,0,0,"자회사 티알에스, 실리콘계 음극재 개발 중."
3312,2차전지,120,3226,243840,신흥에스이씨,2,kosdaq,-4.26,4725,0,0,0,"리튬이온 2차전지 부품 제조. 중대형 각형 Cap Ass'y, 소형 원형 N-CID, 중대형 각형 CAN 등을 주요제품으로 생산."
3312,2차전지,121,2084,055490,테이팩스,1,kospi,-4.35,12960,0,0,0,"2차전지용, TSP 배면용, OCA 등 모바일용 전자 소재 테이프 사업 영위."
3312,2차전지,122,163919,067370,선바이오,2,kosdaq,-4.38,6120,0,0,0,이차전지 및 연료전지의 전고체 전해질 소재의 기술개발 및 기술이전 사업 추가
3312,2차전지,123,2911,217820,원익피앤이,2,kosdaq,-4.47,1815,0,0,0,리튬폴리머 2차전지 양산용 공정 자동화장비 제작. 조립공정(Packaging)과 디게싱 공정(Degassing) 라인에 투입되는 자동화 설비를 제작.
3312,2차전지,124,2572,089980,상아프론테크,2,kosdaq,-4.58,14580,0,0,0,"리튬 2차전지의 휴대폰 배터리상단부(CAP)의 조립부품 생산. 2차전지 주요 제품으로 SEAL GASKET, INSULATOR 등이 있음."
3312,2차전지,125,3178,222420,쎄노텍,2,kosdaq,-4.74,904,0,0,0,2차전지용 초소형 비드의 국산화에 성공하는 등 2차전지 재료들을 혼합하는 공정에 사용되는 세라믹 비드제품을 주요 제품으로 생산.
3312,2차전지,126,1189,020150,롯데에너지머티리얼즈,1,kospi,-4.79,35800,0,0,0,일진 그룹 계열의 국내 1위 일렉포일(Elecfoil) 제조업체. 리튬이온 2차전지용 음극집전체에 사용되는 일렉포일(Elecfoil) 생산.
3312,2차전지,127,2393,078600,대주전자재료,2,kosdaq,-4.79,81500,0,0,0,2차전지 효율성 증대의 핵심 소재인 실리콘계산화물(SiOx)계 음극활물질을 개발해 양산.
3312,2차전지,128,2386,078150,HB테크놀러지,2,kosdaq,-4.86,1998,0,0,0,삼성SDI에 2차전지 셀검사장비 독점공급.
3312,2차전지,129,163665,365340,성일하이텍,2,kosdaq,-5.09,36350,0,0,0,2차전지 폐배터리 추출 사업 영위
3312,2차전지,130,3436,290670,대보마그네틱,2,kosdaq,-5.24,5060,0,0,0,"2차전지 소재공정과 셀공정에 투입되는 전자석탈철기 생산. 주요 거래처는 삼성SDI, LG화학, BYD, 에코프로, 코스모신소재, L&F 등. 수산화리튬 생산"
3312,2차전지,131,163079,137080,나래나노텍,2,kosdaq,-5.25,5600,0,0,0,리튬이온 배터리 코팅/건조 장비 개발 및 세계 최초 전기차 적용 AMOLED용 기판 양산화 기술 개발 성공
3312,2차전지,132,2599,091580,상신이디피,2,kosdaq,-5.52,14550,0,0,0,"리튬이온 방식의 2차전지 중 2차전지의 CASE, CAP ASS'Y, ESS용 2차전지 CASE 및 관련부품과 노트북 PC용 2차전지 부품 등 생산."
3312,2차전지,133,2254,066910,손오공,2,kosdaq,-5.54,1877,0,0,0,사업다각화를 위해 2차전지 소재 제조와 수출입업 그리고 판매·유통업 진출
3312,2차전지,134,157185,262260,에이프로,2,kosdaq,-5.7,3060,0,0,0,"리튬이온 2차전지 활성화 장비 생산. 리튬이온 2차전지 생산공정 중 후공정 관련 장비인 활성화(Formation), 테스트장비(Cycler)장비 생산."
3312,2차전지,135,1463,033160,엠케이전자,2,kosdaq,-5.87,14440,0,0,0,15년 Si합금계 음극활물질 준양산 라인 구축을 완료하고 본격 가동.
3312,2차전지,136,3440,110990,디아이티,2,kosdaq,-5.93,17140,0,0,0,"평판디스플레이(OLED,LCD,TSP,PDP) 검사장비, 레이저 커팅 및 그라인더 장비, 2차전지 Film 검사 장비 제조."
3312,2차전지,137,160833,333620,엔시스,2,kosdaq,-5.96,5050,0,0,0,2차전지 머신비전검사장비 제조.
3312,2차전지,138,162997,373220,LG에너지솔루션,1,kospi,-6.35,332000,0,0,0,2차전지 생산
3312,2차전지,139,165353,417010,나노팀,2,kosdaq,-6.58,4895,0,0,0,2차전지 방열소재인 ‘갭 필러’와 ‘갭 패드’ 공급
3312,2차전지,140,152605,084850,아이티엠반도체,2,kosdaq,-7.06,8820,0,0,0,NICE그룹 계열의 2차전지 보호회로 생산. 2차전지 보호회로 제품을 주력으로 생산. 그 외 2차전지 배터리팩 및 센서 제품 개발/생산.
3312,2차전지,141,2370,075580,세진중공업,1,kospi,-7.58,12310,0,0,0,계열사인 에스제이신소재가 2차전지 음극재 합성기술 확보
3312,2차전지,142,1288,025560,미래산업,1,kospi,-8.64,41750,0,0,0,신성장동력 확보를 위해 2차전지 신사업 확대. 2차전지 소재의 제조·판매업 영위.
3312,2차전지,143,2757,105330,케이엔더블유,2,kosdaq,-9.73,6400,0,0,0,"자회사 플루오린코리아, 전해액 첨가제 '플루오르에틸렌 카보네이트' 생산"
3312,2차전지,144,164254,168360,펨트론,2,kosdaq,-9.8,16010,0,0,0,3D 정밀 측정·검사 전자제품의 조립공정 검사 장비를 개발·공급
3312,2차전지,145,1954,050090,비케이홀딩스,2,kosdaq,-10.33,356,0,0,0,2차전지 소재인 코발트 생산.
3312,2차전지,146,2624,093370,후성,1,kospi,-12.59,11590,0,0,0,"불소를 기반으로 한 가전 및 냉매가스와 반도체용 특수가스, 2차전지 재료 및 자동차용 냉매가스 생산업체. 리튬2차전지용 전해질 소재인 LiPF6 제조."
3312,2차전지,147,167348,455180,케이지에이,2,kosdaq,-12.8,1315,0,0,0,"2차전지 전극 공정장비(코터, 롤프레스, 슬리터 등) 전문 개발 및 제조"
3312,2차전지,148,848,009730,이렘,2,kosdaq,-14.22,181,0,0,0,바나듐 레독스 플로우 배터리 전문기업 엑스알비의 지분 취득
3312,2차전지,149,2406,079190,케스피온,2,kosdaq,-14.26,571,0,0,0,공기아연 2차전지를 개발한 계열사 EMW에너지와 사업제휴 및 공동사업 추진
3312,2차전지,150,167215,452200,민테크,2,kosdaq,-14.71,1653,0,0,0,2차전지 진단 전문 기업으로 2차전지에 대한 검사와 진단 솔루션 개발 사업을 영위
3407,로봇,1,167399,491000,리브스메드,2,kosdaq,5.65,36450,0,0,0,원격 수술로봇 스타크(Startk) 출시 예고
3407,로봇,2,2822,115610,이미지스,2,kosdaq,4.56,1400,0,0,0,휴머노이드 로봇에 활용되는 생체모방형 인공피부기술 촉각 솔루션 원천기술 확보
3407,로봇,3,3232,250060,모비스,2,kosdaq,4.14,2765,0,0,0,"거대과학시설(Big Science) 분야에서 국내 기업으로는 유일하게 EPICS 기반 초정밀 특수제어 시스템 및 장비 공급. 머신러닝 사업(지능형 제어솔루션 등) 등을 주요 사업으로 영위. 지능형 제어솔루션 머신러닝엔진(MoI) 개발 진행 중.식약처, 암 치료 의료기기…'탄소이온 중입자치료기' 허가"
3407,로봇,4,3276,900070,글로벌에스엠,2,kosdaq,3.58,1070,0,0,0,
3407,로봇,5,3483,290650,엘앤씨바이오,2,kosdaq,2.3,80000,0,0,0,의료용 로봇기업 큐렉소에 지분투자
3407,로봇,6,3540,039570,HDC랩스,1,kospi,2.13,7660,0,0,0,배달의민족과 배달로봇 구축사업 MOU 체결
3407,로봇,7,157269,332570,PS일렉트로닉스,2,kosdaq,1.93,5030,0,0,0,국내 대형 IT 업체와 손잡고 산업용 로봇팔 개발
3407,로봇,8,2245,066570,LG전자,1,kospi,1.83,189100,0,0,0,"로보티즈(액츄에이터), 로보스타(스마트팩토리), 베어로보틱스(자율주행 서비스 로봇) 지분 투자"
3407,로봇,9,2849,122350,삼기,2,kosdaq,1.71,1898,0,0,0,글로벌 로봇 기업의 휴머노이드 프레임 개발 업체로 선정
3407,로봇,10,3037,175140,휴먼테크놀로지,2,kosdaq,1.51,2350,0,0,0,"스마트 디바이스(단말) 전문 업체. 17년 국내 최대 포털사를 통해 AI 스피커를 출시하고 국내외 공급계약을 체결해 사업 규모를 확대중이며, 신사업으로 AI를 활용한 어린이 영어 스피킹 플랫폼 개발을 진행중."
3407,로봇,11,2576,090150,아이윈,2,kosdaq,1.21,503,0,0,0,"자회사 프로닉스는 현재 미국법인을 설립하고, 지난 2018년 세계 최로 개발한 인공지능(AI) 기반의 ‘공진형 유연 압전 음성센서’를 활용해 구글, 테슬라와 AI 음성인식 비서 및 자율주행 솔루션 개발에 협력을 계획 중"
3407,로봇,12,403,001740,SK네트웍스,1,kospi,0.77,9130,0,0,0,자회사 'SK인텔릭스' 웰니스 로봇 사업 핵심
3407,로봇,13,680,006140,피제이전자,2,kosdaq,0.67,4530,0,0,0,로봇제어기기 공급
3407,로봇,14,322,000490,대동,1,kospi,0.56,7230,0,0,0,포스코와 협력해 오는 2025년까지 제철소의 작업 환경에 맞는 임무 로봇을 개발
3407,로봇,15,2902,130740,티피씨글로벌,2,kosdaq,0.5,2010,0,0,0,로봇 산업의 핵심인 감속기 사업 진행 및 국내 최초 국산화 성공
3407,로봇,16,3182,223310,사토시홀딩스,2,kosdaq,0.49,4100,0,0,0,"스마트카, 스마트홈, 웨어러블 디바이스, 드론 등 사물인터넷(IoT) 전문 업체. 영상처리 기술을 바탕으로 로봇청소기 관련 사업을 영위. 영상데이터로 맵핑을 통해 스스로 위치인식을 하는 로봇청소기 위치인식 기술을 보유."
3407,로봇,17,3075,192410,오늘이엔엠,2,kosdaq,0.45,3345,0,0,0,관계사 휴림로봇이 제조업용 로봇 및 지능형 로봇 제작 및 판매사업을 영위. 정부의 R러닝 사업과 연계하여 지능형 애완로봇 '제니보'를 유치원과 로봇관련 교육기관에 배치. 2019년 자율주행과 인공지능(AI) 기술 기반의 스마트 퍼스널 로봇 ‘테미(temi)’ 공식 출시. 삼부토건과 '건설로봇' 공동 개발 발표. 인공지능 자율주행로봇 '테트라(TETRA)-DSV' 공개. 자율주행 배달로봇 실증사업 영위
3407,로봇,18,1008,014130,한익스프레스,1,kospi,0.45,2235,0,0,0,자율주행 로봇 기업 트위니가 개발한 나르고 오더피킹 로봇 물류 센터 도입
3407,로봇,19,1531,035420,NAVER,1,kospi,0.31,197200,0,0,0,네이버랩스가 브레인리스 로봇 서비스 개발
3407,로봇,20,2697,099440,스맥,2,kosdaq,0.18,2825,0,0,0,"공작기계(중소형 CNC선반, 머시닝센터 등) 관련 부품, LCD 생산관련 로봇 제조 및 판매. 한국로봇산업진흥원이 주관하는 AI, 5G 기반 대규모 로봇 융합모델 실증 7개 사업 최종 선정"
3407,로봇,21,861,010100,한국무브넥스,1,kospi,0.14,3680,0,0,0,현대차그룹 산하 로봇 기업인 보스턴다이내믹스의 로봇 부품을 납품
3407,로봇,22,160638,378850,화승알앤에이,1,kospi,0,2970,0,0,0,과학기술정보통신부가 주관하는 ‘피지컬 인공지능(AI) 핵심기술 실증 사업’ 참여기업으로 최종 선정
3407,로봇,23,160384,338220,뷰노,2,kosdaq,0,7880,0,0,0,다양한 산업의 제조현장에서 제품 또는 소재의 자동 이송작업을 수행하기 위해 폭 넓게 사용되는 갠트리 로봇 시스템을 주축으로 하는 산업자동화 시스템 사업을 주력으로 영위.
3407,로봇,24,2477,083470,이엠앤아이,2,kosdaq,0,840,0,0,0,유니버설로봇의 공식 SI(시스템통합) 파트너로서 '지능형 화학 실험실 로봇 프로젝트'를 비롯해 고위험·고정밀 공정 환경에 최적화된 자동화 솔루션 발표
3407,로봇,25,167402,0004V0,엔비알모션,2,kosdaq,0,0,0,0,0,"테이퍼롤러부문 국내 유일 제조회사. 차량, 산업용기계, 중장비, 풍력, 로봇 등 다양한 어플리케이션에 필요한 회전·직선 운동체 성능 향상을 위한 친환경 전구동체 연구·개발·제조"
3407,로봇,26,167408,0011A0,액스비스,2,kosdaq,0,0,0,0,0,로봇 액추에이터 센서 와 휴머노이드 관련 공정 적용 가능
3407,로봇,27,167169,355690,에이텀,2,kosdaq,-0.12,4085,0,0,0,"율주행로봇 전문 기업 트위니와 양해각서를 체결하고, 로봇 고속충전 시스템 중심으로 다양한 사업 부문에서 협력. 변압 기술 부문에서 확보한 경쟁력을 토대로 로봇 급속충전을 지원하는 충전 시스템 모듈을 개발"
3407,로봇,28,153086,322510,제이엘케이,2,kosdaq,-0.24,4110,0,0,0,인공지능 기반 의료영상 진단 제품 및 보안용 X-ray 판독 시스템 개발 및 판매업체. 자체 보유한 인공지능 알고리즘과 영상 처리 원천기술을 바탕으로 인공지능 올인원 'AIHuB' 플랫폼을 개발해 의료와 보안 분야의 솔루션을 제품화하여 사업 진행.
3407,로봇,29,1933,049070,인탑스,2,kosdaq,-0.29,16950,0,0,0,베어로보틱스의 서빙로봇 독점 생산 및 공급
3407,로봇,30,160508,319400,현대무벡스,2,kosdaq,-0.44,22700,0,0,0,세계 최초로 로봇 전용 엘리베이터 상용화. 네이버 신사옥에 로봇 전용 엘리베이터 공급
3407,로봇,31,163956,417970,모델솔루션,2,kosdaq,-0.54,10980,0,0,0,로봇 모빌리티 프로토타입 제작 및 양산
3407,로봇,32,1895,047050,포스코인터내셔널,1,kospi,-0.6,49700,0,0,0,의료로봇 분야 스타트업 '바이오트코리아'와 업무협약 체결.
3407,로봇,33,2042,053700,삼보모터스,2,kosdaq,-0.65,3840,0,0,0,로봇 분야 AX 기술 개발
3407,로봇,34,2143,060230,제이케이시냅스,2,kosdaq,-0.94,1161,0,0,0,"스마트 물류, 검사로봇등의 사업 다각화를 위해 휴림로봇과 MOU 체결. 로봇 전문기업 디펜스코리아 지분 50% 취득"
3407,로봇,35,1921,048470,대동스틸,2,kosdaq,-0.96,2590,0,0,0,포스코와 협력해 오는 2025년까지 제철소의 작업 환경에 맞는 임무 로봇을 개발
3407,로봇,36,163722,129920,대성하이텍,2,kosdaq,-1.06,4685,0,0,0,"트위니-대성하이텍, 자율주행로봇 생산 체계 구축 MOU"
3407,로봇,37,1191,020400,대동금속,2,kosdaq,-1.1,3150,0,0,0,포스코와 협력해 오는 2025년까지 제철소의 작업 환경에 맞는 임무 로봇을 개발
3407,로봇,38,1127,017670,SK텔레콤,1,kospi,-1.16,85200,0,0,0,자율주행 배달로봇 개발사 뉴빌리티와 '라스크 스마일 배달로봇 서비스 공동개발 및 사업화 MOU 체결
3407,로봇,39,158916,299170,더블유에스아이,2,kosdaq,-1.25,1348,0,0,0,자회사 이지메디봇은 산부인과 암 및 관련 질환 치료를 위한 복강경 수술 지원 로봇에 대한 특허를 획득
3407,로봇,40,1486,033530,SJG세종,1,kospi,-1.29,6120,0,0,0,"자회사 모비어스앤밸류체인, 현대차, LG CNS 등과 로봇 프로젝트 추친"
3407,로봇,41,2209,065350,신성델타테크,2,kosdaq,-1.35,29200,0,0,0,"LG, 현대차그룹, 로봇 스타트업 모빈과 로봇사업협업"
3407,로봇,42,808,008830,대동기어,2,kosdaq,-1.38,10010,0,0,0,포스코와 협력해 오는 2025년까지 제철소의 작업 환경에 맞는 임무 로봇을 개발
3407,로봇,43,886,010820,퍼스텍,1,kospi,-1.52,5840,0,0,0,후성그룹 계열의 방위산업 전문업체로 자체 개발한 민군겸용 로봇(SCOBOT)을 출시해 군 및 민간에 활용.
3407,로봇,44,161193,351330,이삭엔지니어링,2,kosdaq,-1.62,3940,0,0,0,삼성엔지니어링과 로봇 산업자동화 솔루션 공급 게약 체결
3407,로봇,45,167345,474650,링크솔루션,2,kosdaq,-1.67,26450,0,0,0,아마존 물류센터향 보스턴다이내믹스(Boston Dynamics) 물류로봇의 3D프린팅 부품 25종에 대한 성능 테스트를 최종 통과
3407,로봇,46,3437,303030,지니틱스,2,kosdaq,-1.73,1474,0,0,0,웨어러블 터치 IC 시장점유율 1위
3407,로봇,47,2962,142210,유니트론텍,2,kosdaq,-1.78,5530,0,0,0,"유니트론텍의 로봇 AI 컴퓨팅 모듈 URC-100의 상용화가 임박. URC-100은 협동로봇과 AMR·서빙로봇 등의 자율주행 로봇에 탑재되는 컴퓨팅 모듈로, 로봇의 인지·판단·자율주행 기능에 필수적인 부품"
3407,로봇,48,3445,217500,러셀,2,kosdaq,-1.81,1414,0,0,0,"자회사 러셀로보틱스가 무인화 로봇 기술 보유 및 SK하이닉스, 현대차에 로봇 공급"
3407,로봇,49,161194,059270,해성에어로보틱스,2,kosdaq,-1.83,5900,0,0,0,삼성의 대형 인수합병이 전 사업부문에서 진행이 될것이라는 전망에 해성티피씨 부각 이력 보유. 국내 유일 제조로봇용 고정밀 사이클로이드 감속기 양산 시스템 보유
3407,로봇,50,2582,090460,비에이치,1,kospi,-1.96,18970,0,0,0,글로벌 휴머노이드 및 로봇 업체들의 연성 PCB 채택 확대 가능성
3407,로봇,51,2411,079550,LIG디펜스앤에어로스페이스,1,kospi,-1.96,799000,0,0,0,미국 로봇 개발 업체인 고스트로보틱스 지분 60%를 인수
3407,로봇,52,3235,251630,브이원텍,2,kosdaq,-1.97,3490,0,0,0,물류로봇기업 시스콘에 지분투자로 경영권 인수
3407,로봇,53,1984,052020,에스티큐브,2,kosdaq,-2.1,7920,0,0,0,"IT사업(로봇사업) 영위 업체. IT부문에서 로봇청소기용 제어모듈, 에어컨용 비전/음성 제어용 모듈 등을 생산 중. 美 현지법인 STCube Pharmaceuticals, Inc.를 통한 바이오제약부문 항암치료제 개발 및 기술이전사업을 영위.최대주주는 (주)바이오메디칼홀딩스 외(9.54%) 상호변경 : 에스켐 -> 에스티큐브(08년5월)"
3407,로봇,54,1164,019180,티에이치엔,1,kospi,-2.12,5990,0,0,0,"고전압 하네스와 고전압 정션블록, 통합제어기 등 대응 기술이 로봇용 전원분배 시스템과 센서·모터 인터페이스, 배터리 연결 구조 등 확장 가능"
3407,로봇,55,1951,049950,미래컴퍼니,2,kosdaq,-2.16,10400,0,0,0,작은 절개부를 통해 단일 통로 다오나 수술로봇을 삽입하여 수술을 수행하는 복강경 수술로봇 '레보아이(Revo-i)'를 국내최초 개발하여 출시.
3407,로봇,56,2646,094940,푸른로보틱스,2,kosdaq,-2.16,5440,0,0,0,현대위아와 3년간 협동로봇 공동 개발. 협동로봇 실제 공급 시작.
3407,로봇,57,2408,079370,제우스,2,kosdaq,-2.19,9380,0,0,0,산업용 로봇 제로(ZERO)출시
3407,로봇,58,167266,466100,클로봇,2,kosdaq,-2.22,26400,0,0,0,실내 자율 주행 로봇 소프트웨어와 이 기종 통합 관제 소프트웨어를 주력 사업으로 영위. 주요 제품은 범용 실내 자율주행 소프트 웨어 '카멜레온' / 이기종 로봇 통합 관제 시스템 '크롬스' 가 있음
3407,로봇,59,991,013570,디와이,1,kospi,-2.29,4045,0,0,0,반려로봇을 개발하는 서큘러스에 지분투자
3407,로봇,60,2147,060280,큐렉소,2,kosdaq,-2.3,8500,0,0,0,"미국에 있는 자회사(Think Surgical, Inc.)가 의료용 수술로봇 로보닥(Robodoc)을 생산. 국가 지원 의료로봇사업 선정되어 협약 및 공급 계약 체결"
3407,로봇,61,155473,065370,위세아이텍,2,kosdaq,-2.32,2950,0,0,0,"인공지능 솔루션, 빅데이터분석 솔루션, 데이터품질관리 솔루션 등의 응용소프트웨어 개발,공급업체. 주요 제품으로 인공지능 자동화 플랫폼 WiseProphet 등을 보유."
3407,로봇,62,902,011210,현대위아,1,kospi,-2.33,63000,0,0,0,로봇을 기반으로 하는 스마트 제조 솔루션 신사업 진출
3407,로봇,63,3166,219420,링크제니시스,2,kosdaq,-2.34,3550,0,0,0,로봇  솔루션 개발 및 공급
3407,로봇,64,167259,209640,와이제이링크,2,kosdaq,-2.38,3685,0,0,0,"로봇형 스마트 팩토리 구축의 핵심기업으로 테슬라, 스페이스X, 애플 등 세계 최고의 기업에 납품"
3407,로봇,65,162725,290090,트윔,2,kosdaq,-2.39,4490,0,0,0,산업용 AI 검사로봇 기술 보유
3407,로봇,66,2326,071670,에이테크솔루션,2,kosdaq,-2.42,5240,0,0,0,"에이테크솔루션의 전문 분야인 금형 산업이 휴머노이드 로봇 생산에 핵심으로 떠오르는 중, 2대 주주 삼성전자의 로봇 사업에 수혜가 예상"
3407,로봇,67,163225,388720,유일로보틱스,2,kosdaq,-2.48,70700,0,0,0,생산 자동화 로봇 솔루션 토탈 솔루션 개발 및 공급
3407,로봇,68,2378,077500,유니퀘스트,1,kospi,-2.52,5810,0,0,0,엔비디아의 로봇 컴퓨터 신제품 출시 소식에 국내 공식 파트너사인 유니퀘스트가 관련주로 부각
3407,로봇,69,3106,204320,HL만도,1,kospi,-2.62,48400,0,0,0,자동차 산업에서 모터 및 액추에이터로 구성된 조향·제어 등 전장화 부품들을 생산에서 로봇 산업으로 확대
3407,로봇,70,150906,059120,아진엑스텍,2,kosdaq,-2.71,5030,0,0,0,로봇 모션제어칩 설계/제조
3407,로봇,71,2585,090710,휴림로봇,2,kosdaq,-2.75,7080,0,0,0,제조업용 로봇 및 지능형 로봇 제작 및 판매사업을 영위. 정부의 R러닝 사업과 연계하여 지능형 애완로봇 '제니보'를 유치원과 로봇관련 교육기관에 배치. 2019년 자율주행과 인공지능(AI) 기술 기반의 스마트 퍼스널 로봇 ‘테미(temi)’ 공식 출시. 삼부토건과 '건설로봇' 공동 개발 발표. 인공지능 자율주행로봇 '테트라(TETRA)-DSV' 공개. 자율주행 배달로봇 실증사업 영위
3407,로봇,72,3068,190510,나무가,2,kosdaq,-2.8,12520,0,0,0,로봇청소기용 카메라모듈 공급
3407,로봇,73,1271,024880,케이피에프,2,kosdaq,-2.82,3790,0,0,0,"자회사 에스비비테크, 로봇 핵심부품인 정밀감속기 공급. 로봇 팔꿈치 등에 들어가는 핵심 부품인 '하모닉 감속기'  국내 최초 양산 성공"
3407,로봇,74,152568,322180,LS티라유텍,2,kosdaq,-2.84,4110,0,0,0,자율주행 로봇 연구하는 계열사 클로봇에 현대차 그룹이 투자
3407,로봇,75,3518,037030,파워넷,2,kosdaq,-2.86,3905,0,0,0,
3407,로봇,76,1928,048770,TPC로보틱스,2,kosdaq,-2.93,3145,0,0,0,"美, Rethink Robotics의 협동로봇인 ""Sawyer""와 대만의 세계적인 협동로봇 제조회사인 Quanta Storage 사의 ""Techman Robot""을 국내시장에 판매중.현대로보틱스와 협업"
3407,로봇,77,2392,078590,휴림에이텍,2,kosdaq,-3,2100,0,0,0,"KAIST·LG 출신 로봇 전문가 영입, 로봇 사업 진출 본격화"
3407,로봇,78,167365,125490,한라캐스트,2,kosdaq,-3.07,8200,0,0,0,"알루미늄 및 마그네슘을 활용한 다이캐스팅 공법 기반의 자동차 경량화 부품(전장용 디스플레이, 자율주행 부품 등) 및 가전, 로봇 부품 제조"
3407,로봇,79,3149,215100,로보로보,2,kosdaq,-3.13,3875,0,0,0,"2000년5월29일 설립된 지능형로봇 전문기업. 초등학생 및 유아를 위한 교육용로봇(유아로, 로보키즈, 로보키트, 코딩스토리 등), 로봇용 학습소프트웨어, 관련 교재 등 교육에 사용되는 로봇 및 부수제품을 생산/판매. 유비쿼터스 지능형로봇 보안감시로봇 개발 및 판매 사업 영위."
3407,로봇,80,167172,432470,케이엔에스,2,kosdaq,-3.14,7400,0,0,0,베트남 법인 통해 일본계 기업에 자동화로봇 100여대 공급
3407,로봇,81,167321,484810,티엑스알로보틱스,2,kosdaq,-3.16,9490,0,0,0,"로봇자동화 사업과 물류자동화 사업을 영위하며, 자체적인 하드웨어(HW) 및 소프트웨어(SW) 기술력을 기반으로 프로젝트 기획부터 설계, 조달, 제작, 시공, 유지보수까지 패키지로 제공"
3407,로봇,82,3528,012450,한화에어로스페이스,1,kospi,-3.19,1122000,0,0,0,"종속회사인 한화디펜스(前 한화지상방산)가 국방로봇(다목적 무인차량, 차륜형 전투로봇, 폭발물 탐지/제거 로봇) 등을 개발."
3407,로봇,83,2161,060720,KH바텍,2,kosdaq,-3.21,9960,0,0,0,레인보우로보틱스와 협동로봇 부품 계약 체결
3407,로봇,84,759,007820,엠엑스로보틱스,2,kosdaq,-3.23,2850,0,0,0,"공장자동화를 위한 산업설비 자동화시스템 공급. 각종 자동화전용기, 자동반송시스템, 로봇 및 응용장비, 자동창고 등을 개발 공급"
3407,로봇,85,164001,389500,에스비비테크,2,kosdaq,-3.26,37050,0,0,0,로봇용 감속기 공급 및 커피로봇 기술 보유
3407,로봇,86,2853,122690,서진오토모티브,2,kosdaq,-3.28,1651,0,0,0,로브로스와 휴머노이드 로봇의 공동개발과 상용화를 위한 포괄적 협력 관계를 구축하는 업무협약(MOU)을 체결
3407,로봇,87,1832,044380,주연테크,1,kospi,-3.31,934,0,0,0,한국로봇산업진흥원이 주관하는 '서비스 로봇 활용 실증사업' 선정.
3407,로봇,88,148883,290550,디케이티,2,kosdaq,-3.33,20350,0,0,0,현대차 로봇 밸류체인 진입. BD와 배터리 공급 논의.
3407,로봇,89,660,005850,에스엘,1,kospi,-3.33,58000,0,0,0,보스턴 다이내믹스의 4족 보행 로봇의 레그 에셈블리와 물류로봇 스트레치(Stretch)의 인디케이터 램프를 공급
3407,로봇,90,161983,270660,에브리봇,2,kosdaq,-3.34,11000,0,0,0,지능형 로봇청소기 전문 업체. 특히 주력 제품인 EDGE(물걸레전용)는 시장 점유율 1위.
3407,로봇,91,164178,348340,뉴로메카,2,kosdaq,-3.5,33050,0,0,0,"협동로봇 플랫폼, 물류로봇 공급 및 협동로봇 용접 솔루션 개발 완료"
3407,로봇,92,2061,054210,이랜텍,2,kosdaq,-3.55,7070,0,0,0,자율주행 서빙로봇 배터리팩 공급
3407,로봇,93,167239,460940,피앤에스로보틱스,2,kosdaq,-3.58,4440,0,0,0,세계 유일의 고/슬/족관절 3-Joint에 의한 인간형 보행재활을 실현하는 로봇설계 제어기술을 개발하는데 성공
3407,로봇,94,2092,056080,유진로봇,2,kosdaq,-3.6,13110,0,0,0,"청소 로봇, 지능형 로봇, 유비쿼터스 홈 로봇, 엔터테인먼트 로봇 등을 개발, 판매하는 로봇 전문 생산업체. (주)유진로보틱스와의 합병이후 지능형 로봇등을 직접 제조해서 시장에 출시."
3407,로봇,95,151040,239340,이스트에이드,2,kosdaq,-3.65,607,0,0,0,"인터넷포털 사이트 ""줌닷컴(zum.com)""의 운영을 통해 검색, 뉴스, 커뮤니티, 쇼핑, 블로그 등 다양한 인터넷 기반의 서비스를 제공. 검색 시장에 인공지능 기술, 딥러닝 등을 통한 검색 기술 고도화를 진행중."
3407,로봇,96,167263,475400,씨메스로보틱스,2,kosdaq,-3.66,16840,0,0,0,"인공지능(AI) 로봇 솔루션 전문기업으로 핵심기술은 로봇의 눈인 3D 비전 센서, 뇌를 담당하는 이미지 프로세싱 알고리즘, AI 기술을 로봇에 적용해 유연하고 정밀한 로봇제어가 가능케 하는 SW 기술 등을 보유"
3407,로봇,97,2968,143540,영우디에스피,2,kosdaq,-3.67,972,0,0,0,SK텔레콤 등과 서빙로봇 '서빙고' 상용화를 위한 MOU 체결.
3407,로봇,98,167198,199430,케이엔알시스템,2,kosdaq,-3.73,10850,0,0,0,"유압로봇 시스템 기업. 액추에이터, 컨트롤러 등 유압을 동력원으로 하는 다양한 로봇 기술을 개발"
3407,로봇,99,162099,315640,딥노이드,2,kosdaq,-3.78,1501,0,0,0,"의료 인공지능 전문 업체. 인공지능 의료기기인 DEEP:AI를 판매하는 것을 주 수익원으로 하며, 나아가 의료인의 인공지능 효율화 툴(DEEP:PHI, DEEP:STORE, DEEP:PACS) 사용에 따른 수익을 추가적으로 획득. 현재까지 식약처 인허가를 획득한 DEEP:AI 제품은 총 15개로, 뇌혈관질환, 폐질환, 척추질환, 흉부질환 등 주요 질환 별 제품을 보유."
3407,로봇,100,165725,340810,시선AI,2,kosdaq,-3.78,2290,0,0,0,AI 영상인식 물류 로봇사업 진출
3407,로봇,101,1216,022100,포스코DX,1,kospi,-3.8,20250,0,0,0,"로봇 엔지니어링 핵심기술 개발과 상용화, 현장 확산 실행 중"
3407,로봇,102,537,003720,삼영,1,kospi,-3.8,6080,0,0,0,커패시터 필름 생산
3407,로봇,103,949,012330,현대모비스,1,kospi,-3.88,495000,0,0,0,사업 목적에 로봇 부품 제조 및 판매 추가
3407,로봇,104,2187,064290,인텍플러스,2,kosdaq,-3.94,46350,0,0,0,레인보우로보틱스와 지속가능한 상생협력을 위한 업무협약(MOU)을 체결한 플라잎에 2023년 30억원을 투자해 지분 19.9%를 보유
3407,로봇,105,148884,290660,다이나믹솔루션,2,kosdaq,-3.96,1578,0,0,0,로봇산업 핵심기술 개발사업에 선정
3407,로봇,106,155478,307180,아이엘,2,kosdaq,-3.97,4350,0,0,0,차세대 휴머노이드 로봇 '아이엘봇 Y1' 양산형 모델 공개
3407,로봇,107,167277,413390,엠오티,2,kosdaq,-3.99,5770,0,0,0,휴머노이드 로봇에 필요한 전고체 배터리 관련 기술 보유해 수혜주로 부각
3407,로봇,108,2629,093640,케이알엠,2,kosdaq,-4,3360,0,0,0,사족보행 로봇 판매 계약 및 다목적 상용화 로봇 개발하는 고스트로보틱테크놀로지가 지분 매입 예정
3407,로봇,109,2830,119500,포메탈,2,kosdaq,-4.04,2495,0,0,0,로봇용 RV 감속기 공급
3407,로봇,110,3115,206400,베노티앤알,2,kosdaq,-4.13,1091,0,0,0,자회사 휴먼인모션로보틱스아시아는 싱가포르 첨단 헬스케어 전문 기업 로보티마이즈와 로봇 판매 및 전략적 파트너십 체결.
3407,로봇,111,1727,039860,나노엔텍,2,kosdaq,-4.17,3680,0,0,0,세포 대량 분석 자동화 로봇 공급
3407,로봇,112,160096,277810,레인보우로보틱스,2,kosdaq,-4.27,459500,0,0,0,"인공지능 기반 의료기기 솔루션 업체. 국내 최초 인공지능 의료기기 업체로서 딥러닝 기술을 기반으로 의료 현장에서 의료영상, 생체신호 등에 근거한 의료진의 진단행위를 보조하여 정확도를 제고하고, 진단시간을 단축시키거나, 새로운 진단 및 예측 기술 및 솔루션을 개발하는 사업 영위. 현대로템과 국방로봇 분야 교류 및 협력사업 추진 MOU 체결. 협동로봇 활용 로봇주방 자동화사업 구현 공급 계약 맺은 이력 보유"
3407,로봇,113,2708,100660,서암기계공업,2,kosdaq,-4.27,3140,0,0,0,산업로봇용 기어 공급
3407,로봇,114,166285,438700,버넥트,2,kosdaq,-4.37,1817,0,0,0,XR솔루션을 접목한 협동로봇 구축
3407,로봇,115,166816,454910,두산로보틱스,1,kospi,-4.48,78800,0,0,0,"협동로봇 제조 및 솔루션 제공 사업을 영위하고 있으며, 협동로봇 시장에서 최대 라인업을 보유하고 있음."
3407,로봇,116,633,005380,현대차,1,kospi,-4.48,479500,0,0,0,자회사 보스턴다이내믹스가 휴머노이드 로봇 '아틀라스' 공개.
3407,로봇,117,3472,290740,액트로,2,kosdaq,-4.48,8310,0,0,0,휴머노이드 로봇과 자율주행 부품 사업 진출을 위한 자동화 라인 구축
3407,로봇,118,163669,391710,코닉오토메이션,2,kosdaq,-4.66,1145,0,0,0,서비스 로봇사업 진출. 쿠팡에 물류로봇 활용시스템 적용
3407,로봇,119,2715,101170,우림피티에스,2,kosdaq,-4.67,7350,0,0,0,로봇 정밀감속기 개발중
3407,로봇,120,1392,030530,원익홀딩스,2,kosdaq,-4.69,17880,0,0,0,"메타, 원익로보틱스와의 협력을 공식화. 원익로보틱스가 개발하는 '알레그로 핸드' 시리즈 V5'는 16자유도의 다관절 구조를 갖추고 있으며, 각 손가락에 4개의 자유도를 할당해 인간 손의 움직임을 정밀하게 모사"
3407,로봇,121,167256,381620,제닉스로보틱스,2,kosdaq,-4.69,5690,0,0,0,"스마트팩토리 전체 시스템 구성을 위한 무인 이송 전기차량(AGV)과 자율주행 및이동로봇(AMR), 산업용 소재 및 부품을 적재·관리하는 스마트자동창고(스토커) 관련 기술 및 제조를 영위하며 공장 자동화에 필요한 솔루션을 제공"
3407,로봇,122,2688,098460,고영,2,kosdaq,-4.75,27100,0,0,0,"전자제품 및 반도체 생산용 검사장비 제조업체(3차원 정밀측정 검사 기술 보유)로 의료장비(수술용 로봇)사업 진출. 미국 하버드 메디컬스쿨 산하 병원 및 국내 세브란스병원, 삼성의료원 등과 함께 뇌수술용 의료로봇을 공동 개발. 17년6월 한국 기업 최초로 시장조사업체 로보글로벌의 로보틱스 및 산업 자동화 관련 지수인 ‘로보인덱스(ROBO Index)’에 편입."
3407,로봇,123,2953,140670,알에스오토메이션,2,kosdaq,-4.75,9420,0,0,0,고성능 로봇모션 기술 보유
3407,로봇,124,2188,064350,현대로템,1,kospi,-4.75,186400,0,0,0,레인보우로보틱스와 국방로봇 분야 교류 및 협력사업 추진 MOU 체결
3407,로봇,125,895,011070,LG이노텍,1,kospi,-4.8,814000,0,0,0,보스턴다이나믹스에 카메라모듈 탑재 (로봇산업 진출)
3407,로봇,126,2608,092200,디아이씨,1,kospi,-4.82,4340,0,0,0,산업용 로봇 필수 부품 사이클로이드 감속기 개발
3407,로봇,127,167333,459510,나우로보틱스,2,kosdaq,-4.82,13220,0,0,0,산업용 로봇 및 서비스용 로봇인 자율주행 물류로봇(AMR)과 로봇 자동화 시스템을 개발·제조·공급
3407,로봇,128,161758,357580,아모센스,2,kosdaq,-4.94,6160,0,0,0,‘사용자 정서상태 반응형’ 감정케어 인공지능(AI) 로봇개발
3407,로봇,129,167354,331740,아우토크립트,2,kosdaq,-4.94,7510,0,0,0,"자율 이동 로봇(AMR), 산업용 로봇, 서비스용 로봇 등에서 발생할 수 있는 원격 제어 위협, 데이터 무결성 훼손, 명령 변조 등 사이버 공격을 예방"
3407,로봇,130,167230,160190,하이젠알앤엠,2,kosdaq,-5.11,18380,0,0,0,"서보 & 로봇(서보모터/드라이브, 로봇/SI)은 우수한 기술력을 바탕으로 국내 유일의 내압 방폭형 서보모터 생산을 인증받음. 모빌리티(EV모터/인버터)는 장기적으로 로봇 및 모빌리티용 영구자석 구동 모듈을 미래비전 핵심기술로 선정하고 추진"
3407,로봇,131,882,010690,화신,1,kospi,-5.19,8960,0,0,0,
3407,로봇,132,151820,317830,에스피시스템스,2,kosdaq,-5.19,4845,0,0,0,다양한 산업의 제조현장에서 제품 또는 소재의 자동 이송작업을 수행하기 위해 폭 넓게 사용되는 갠트리 로봇 시스템을 주축으로 하는 산업자동화 시스템 사업을 주력으로 영위.
3407,로봇,133,385,001440,대한전선,1,kospi,-5.27,30550,0,0,0,웨어러블 로봇 전문업체인 에프알티(FRT)와 산업용 웨어러블 로봇 사업에 관한 투자 업무 협약 체결
3407,로봇,134,167419,439960,코스모로보틱스,2,kosdaq,-5.3,12860,0,0,0,"보행재활훈련용 및 보행보조용, 근력증강용 하지 외골격 기반 웨어러블 로봇 제조와 판매"
3407,로봇,135,2400,078890,가온그룹,2,kosdaq,-5.35,4510,0,0,0,자회사인 케이퓨처테크 로봇 사업 추진
3407,로봇,136,973,012860,모베이스전자,2,kosdaq,-5.41,2360,0,0,0,현대차 모바일 로봇 플랫폼 모베드(MobED) 핵심 부품 중 메인보드와 와이어링을 공급
3407,로봇,137,155475,264850,이랜시스,2,kosdaq,-5.61,3955,0,0,0,국내 유일 로봇청소기용 감속모터 공급. 삼성 로봇 신사업 M&A 추진
3407,로봇,138,161703,232680,라온로보틱스,2,kosdaq,-5.61,8910,0,0,0,로봇 자동화 시스템 전문 기업. 진공로봇 개발 및 공급
3407,로봇,139,150915,117730,티로보틱스,2,kosdaq,-5.62,12420,0,0,0,"제조용 로봇, 전문 서비스 로봇, 개인 서비스용 로봇, OLED진공로봇 생산. 주행축 추가 진공로봇 특허등록 완료"
3407,로봇,140,2127,058610,에스피지,2,kosdaq,-5.67,71600,0,0,0,"로봇용 감속기, 소형 모터 생산"
3407,로봇,141,2578,090360,로보스타,2,kosdaq,-5.76,72000,0,0,0,양팔을 이용한 소속의 물체 조작/조립이 가능한 제조용 지능형 로봇 개발.
3407,로봇,142,919,011690,와이투솔루션,1,kospi,-5.78,3100,0,0,0,"자회사 HRT로보틱스 보유, 초저상형 AMR 개발."
3407,로봇,143,943,012200,계양전기,1,kospi,-5.89,4470,0,0,0,현대트랜시스에 로보틱스 모듈 상품 공급
3407,로봇,144,3446,108490,로보티즈,2,kosdaq,-5.99,212000,0,0,0,"로봇솔루션 전문 업체. 서비스로봇 솔루션 및 로봇부품 연구 개발,생산,판매 등을 주요 사업으로 영위. 주요 제품은 엑츄에이터 부품과 지능형 소프트웨어, 인공지능교육 및 창의력 개발도구, 로봇 개발용 오픈 플랫폼 등임. 서비스로봇 활용 실증사업 지원업체 선정. 실외 자율배송 로봇 '일개미'와 실내 자율배송 로봇 '집개미' 제작. 롯데글로벌로지스와 물류배송 로봇사업 협력"
3407,로봇,145,167268,475580,에이럭스,2,kosdaq,-6.28,7310,0,0,0,코딩 기반 로봇 개발 및 양산. 유아·저연령층 교육용으로 제작되는 간단한 구조의 경량 로봇·드론 제품 납품
3407,로봇,146,167327,448900,한국피아이엠,2,kosdaq,-6.34,50200,0,0,0,"첨단 제조업 기술인 금속분말사출성형(MIM)에 특화한 부품 업체, 금속 부품을 초정밀 가공할 수 있어 로봇 분야에서 주목"
3407,로봇,147,299,000150,두산,1,kospi,-6.38,1320000,0,0,0,두산로보틱스가 로봇사업영위. 협동로봇 생산
3407,로봇,148,1446,032820,우리기술,2,kosdaq,-6.7,10870,0,0,0,지능형 휴머노이드 로봇을 개발하는 (주)케이엠씨로보틱스를 손자회사로 보유.
3407,로봇,149,167209,455900,엔젤로보틱스,2,kosdaq,-6.72,17350,0,0,0,"웨어러블(착용형) 로봇 기업으로 재활 의료, 산업 안전 분야 웨어러블 로봇으로 주목 받았으며, LG전자로부터 초기 투자를 유치"
3407,로봇,150,666,005930,삼성전자,1,kospi,-6.92,296000,0,0,0,"로봇 사업팀 구성 및 M&A 추진 발표. 지난 2019년 노약자 돌봄 로봇인 '삼성봇 케어'를, 2020년에는 지능형 반려 로봇 '볼리'를 선보인 바 있음. 웨어러블 로봇 'GEMS-H' 2022년 8월 공식출시. 웨어러블 로봇 '봇핏' 외골격 슈트 연내 출시예정"
3407,로봇,151,167332,364950,에이아이코리아,2,kosdaq,-6.95,3815,0,0,0,공정 자동화 설비를 전문적으로 개발·제조하는 기업으로 초정밀 자율주행 기술이 적용된 복합 기능 로봇의 상용화에 성공
3407,로봇,152,1894,047040,대우건설,1,kospi,-6.97,16820,0,0,0,"근로복지공단 재활공학연구소, 스타트업 위로보틱스와 함께 건설현장 내 웨어러블 로봇 및 스마트작업 케어서비스 개발·보급 발표"
3407,로봇,153,2885,126640,화신정공,2,kosdaq,-7.1,3665,0,0,0,보스턴다이내믹스 엔지니어 방문
3407,로봇,154,1761,041460,한국전자인증,2,kosdaq,-7.23,3335,0,0,0,"지능형로봇 전문업체 AIBRAIN, INC.을 자회사로 보유중. 자매회사인 지능로봇전문기업 에이아이브레인코리아(주)(구.보나비젼)과 함께 인공지능 로봇 기술 개발중. 스마트폰 로봇 '타이키'(Tyche) 개발."
3407,로봇,155,154086,306620,지아이에스,2,kosdaq,-7.56,2080,0,0,0,자회사 구일엔지니어링 자동화 기술력을 바탕으로 로봇산업 진출을 위해 산업 자동화 로봇 개발. 구미시와 로봇산업의 발전을 위한 상호협력 협약을 체결
3407,로봇,156,165744,271830,팸텍,2,kosdaq,-8.56,1047,0,0,0,산업용 로봇 전문기업 TIS 인수
3407,로봇,157,167231,413630,씨피시스템,2,kosdaq,-9.21,2120,0,0,0,산업용 로봇 및 협동 로봇용 로보웨이 시스템을 자체 제작하는 사업을 영위
3407,로봇,158,1687,039010,현대에이치티,2,kosdaq,-9.65,7300,0,0,0,삼성이 휴머노이드 로봇 스타트업 투자했다는 소식에 휴머노이드 로봇 글로벌 1위 기업 '유비테크로보틱스'와의 협력 이력 부각
3407,로봇,159,167205,437730,삼현,2,kosdaq,-10.27,33200,0,0,0,주행로봇 모듈(Smart Chairt Robot·SCR) 양산을 통해 로봇 시장 진출 본격화
3407,로봇,160,167348,455180,케이지에이,2,kosdaq,-12.8,1315,0,0,0,모빌로보틱스와 협업해 차세대 휴머노이드 로봇용 확장 전원 솔루션 개발 중
3407,로봇,161,150853,160980,싸이맥스,2,kosdaq,-15.29,30750,0,0,0,"지능형 서비스 의료용 로봇(노인치매예방 의료용 로봇) 제조업 영위. 16년5월 싱가포르의 Creative Robots PTE Ltd.사와 인공지능 로봇 공동 개발 협약(MOU)을 체결하고, 교육용 로봇과 휴머노이드 로봇 등 여러종류의 인공지능 로봇을 연구/개발."
3407,로봇,162,2622,093240,형지엘리트,1,kospi,-18.09,471,0,0,0,싱가포르 '시니어 웨어러블 로봇' 글로벌 기관과 협업
159955,수소연료전지,1,889,010950,S-Oil,1,kospi,8.98,127400,0,0,0,고체산화물 연료전지 특허를 보유한 FCI의 지분 21.05% 보유.
159955,수소연료전지,2,158144,126340,비나텍,2,kosdaq,6.32,82400,0,0,0,"수소연료전지용 MEA, 지지체, 촉매 등 생산."
159955,수소연료전지,3,2164,060900,에이전트AI,2,kosdaq,5.56,4750,0,0,0,수소발전사업 영위를 목적으로 설립한 'SL에너지솔루션'이 내년 상반기 착공을 시작으로 도심내 주유소 기반의 분산형 연료전지 융복합 발전소 건설을 본격 추진
159955,수소연료전지,4,156963,290520,신도기연,2,kosdaq,3.07,1542,0,0,0,수소연료전지용 막전극접합체(MEA) 제조설비 제조.
159955,수소연료전지,5,2837,120110,코오롱인더,1,kospi,2.78,59100,0,0,0,수소연료전지용 수분제어장치 공급.
159955,수소연료전지,6,152413,317870,엔바이오니아,2,kosdaq,2.69,4200,0,0,0,수소연료전지의 주요부품 GDL (Gas diffusion layer) 국산화 진행
159955,수소연료전지,7,884,010770,평화홀딩스,1,kospi,2.56,4010,0,0,0,"자회사 피에프에스, 연료전지 가스켓 공급."
159955,수소연료전지,8,1143,018290,브이티,2,kosdaq,2.44,12180,0,0,0,"지난해 산업통상자원부로부터 수소 연료전지발전소의 공사 계획인가 획득. 수소연료전지 부품사업과 수소에너지 생산, 공급사업 확장 예정"
159955,수소연료전지,9,2093,056090,시지메드텍,2,kosdaq,2.09,1025,0,0,0,가온셀과 수소연료전지 부품 소재 협동화 단지 공동 조성사업 추진을 위한 업무협약 체결
159955,수소연료전지,10,161465,361670,삼영에스앤씨,2,kosdaq,1.83,3055,0,0,0,수소연료전지 배터리 효율을 10% 이상 증가시키는 수소연료전지용 온습도 센서 개발
159955,수소연료전지,11,1600,036890,진성티이씨,2,kosdaq,1.71,14300,0,0,0,"수소연료전지용 압력판, 매니폴더 두산퓨얼셀에 독점 공급."
159955,수소연료전지,12,167162,452280,한선엔지니어링,2,kosdaq,0.64,12630,0,0,0,블룸SK퓨얼셀의 연료전지(SOFC) 시스템용 제품 국내 최초 독점 공급. 두산퓨얼셀 SOFC 개발 참여 예정.
159955,수소연료전지,13,2577,090350,노루페인트,1,kospi,0.27,7480,0,0,0,수소연료전지와 수전해 제조에 사용되는 접착제 3종을 출시
159955,수소연료전지,14,1245,023800,인지컨트롤스,1,kospi,0.18,5590,0,0,0,1인승 도심형 항공 모빌리티(UAM)에 사용할 수 있는 수소연료전지시스템을 개발 예정
159955,수소연료전지,15,311,000320,노루홀딩스,1,kospi,0.06,16340,0,0,0,자회사인 노루페인트가 수소연료전지와 수전해 제조에 사용되는 접착제 3종을 출시
159955,수소연료전지,16,167210,475150,SK이터닉스,1,kospi,0,42900,0,0,0,"블룸에너지사의 고효율 연료전지 국내 공급권을 보유하고 있으며, 연료전지 사업의 개발·PF·EPC· 운영"
159955,수소연료전지,17,167404,0001A0,덕양에너젠,2,kosdaq,0,0,0,0,0,고순도 산업용 수소로 전환·생산 이는 수소연료전지에 활용
159955,수소연료전지,18,852,009830,한화솔루션,1,kospi,-0.16,31400,0,0,0,SK디앤디와 수소연료전지 발전 사업 추진을 위한 전략적 업무협약(MOU) 체결
159955,수소연료전지,19,162189,271940,일진하이솔루스,1,kospi,-0.3,10070,0,0,0,"수소연료전지, 차량용 Type 4 수소탱크 및 매연저감장치 제조 기업"
159955,수소연료전지,20,2042,053700,삼보모터스,2,kosdaq,-0.65,3840,0,0,0,현대차와 수소차 연료전지 관련 기술 공동개발
159955,수소연료전지,21,1280,025320,시노펙스,2,kosdaq,-1.11,4440,0,0,0,수소연료전지용 강화막 공급. 현대차 수소차 분야 협력기업으로 수소차 연료전지 분리막 개발 및 상용화 진행 중
159955,수소연료전지,22,150783,267290,경동도시가스,1,kospi,-1.22,19390,0,0,0,대원그린에너지를 통해 수소연료전지발전 사업 투자
159955,수소연료전지,23,1486,033530,SJG세종,1,kospi,-1.29,6120,0,0,0,중국 수소연료전지 시스템 전문 기업인 리파이어와 수소 센서 공급계약 체결.
159955,수소연료전지,24,2573,090080,평화산업,1,kospi,-1.53,838,0,0,0,계열사인 평화씰공업이 현대차 수소연료전기자동차(FCEV)의 핵심부품 중 하나인 연료전지 스택 가스켓 공급.
159955,수소연료전지,25,2999,154040,다산솔루에타,2,kosdaq,-1.6,797,0,0,0,수소차용 수소연료전지 가스켓 개발
159955,수소연료전지,26,1003,013870,지엠비코리아,1,kospi,-1.72,3990,0,0,0,수소연료전지용 전동식 워터펌프 생산.
159955,수소연료전지,27,150924,092780,DYP,1,kospi,-1.88,3400,0,0,0,수소연료전지 스택 보호부품 생산
159955,수소연료전지,28,162550,382480,지아이텍,2,kosdaq,-1.9,1805,0,0,0,수소연료전지 스택용 MEA 제조장비 공급
159955,수소연료전지,29,3477,288620,에스프리즘,2,kosdaq,-1.97,4980,0,0,0,"건물용 수소연료전지, 발전용 수소연료전지 제조."
159955,수소연료전지,30,555,004020,현대제철,1,kospi,-2.29,27750,0,0,0,수소연료전지용 금속분리판 공급.
159955,수소연료전지,31,991,013570,디와이,1,kospi,-2.29,4045,0,0,0,자회사 디와이오토(지분 100% 보유)는 국책과제로 수소연료전지 자동차를 위한 1.2kW 고전압 BLDC(브러시리스 직류모터) 쿨링 팬 모터 및 일체형 모터 드라이버 개발
159955,수소연료전지,32,2384,078130,국일제지,2,kosdaq,-2.32,3790,0,0,0,수소배터리 등 연료전지에 들어가는 베이스 페이퍼 1차 시험생산 완료
159955,수소연료전지,33,2889,126880,제이엔케이글로벌,2,kosdaq,-2.32,2950,0,0,0,수소 생산 및 수소연료전지에 필요한 수소 공급 충전소 운영 부각
159955,수소연료전지,34,1773,041930,SY동아,2,kosdaq,-2.61,4485,0,0,0,"자회사 동아퓨얼셀, 고온고분자 전해질 연료전지(HT-PEMFC) 시스템 개발."
159955,수소연료전지,35,2659,095910,에스에너지,2,kosdaq,-2.76,810,0,0,0,"자회사 에스퓨얼셀, 건물용 수소연료전지, 발전용 수소연료전지 제조."
159955,수소연료전지,36,2199,064960,SNT모티브,1,kospi,-3.14,26200,0,0,0,현대차그룹에 FCEV(수소차용 구동모터) 공급
159955,수소연료전지,37,3170,220260,켐트로스,2,kosdaq,-3.38,3575,0,0,0,한국화학연구원과 수소차 연료전지 핵심소재인 과불화술폰산 이오노머(PFSA) 기술이전 계약 체결.
159955,수소연료전지,38,167174,417200,LS머트리얼즈,2,kosdaq,-3.4,13080,0,0,0,미국 블룸에너지의 고효율 연료전지 주요 부품 공급사 이력 부각
159955,수소연료전지,39,2137,059090,미코,2,kosdaq,-3.64,15640,0,0,0,"자회사 미코파워, 발전용 수소연료전지 제작."
159955,수소연료전지,40,949,012330,현대모비스,1,kospi,-3.88,495000,0,0,0,"연료전지부품인 MEA(막전극접합체), FPS(수소공급장치) 등을 연간 3000대 규모 생산. 2022년까지 생산 능력을 4만대로 늘리고 2030년까지 70만대로 확대할 계획"
159955,수소연료전지,41,2331,071970,HD현대마린엔진,1,kospi,-4.11,60600,0,0,0,가정용 1kw급 고체산화물(SOFC)형 수소연료전지 출시
159955,수소연료전지,42,633,005380,현대차,1,kospi,-4.48,479500,0,0,0,수소 연료 전지 개발
159955,수소연료전지,43,1502,034020,두산에너빌리티,1,kospi,-4.56,81600,0,0,0,수소연료전지 0.47GW의 발전설비 보유
159955,수소연료전지,44,2572,089980,상아프론테크,2,kosdaq,-4.58,14580,0,0,0,수소차 수소연료전지용 멤브레인 상용화. 수소차 연료 전지 분리막 개발. 수소연료전지 핵심 부품 국산화를 진행 중
159955,수소연료전지,45,157185,262260,에이프로,2,kosdaq,-5.7,3060,0,0,0,영국 에너지 전문사 타이탄볼트가 영국 현지에서 진행되는 65억파운드(약 11조원) 규모의 대형 수소 프로젝트에 단독 배터리 공급사로 선정되면서 국내 리튬티타네이트 배터리 전문기업 그리너지의 기술력이 부각. 에이프로는 앞서 공시를 통해 지난해 7월 활성화장비 수주와 관련해 공시를 유보했던 고객사가 리튬티탄산화물 배터리 제조사인 그리너지
159955,수소연료전지,46,3440,110990,디아이티,2,kosdaq,-5.93,17140,0,0,0,수소연료전지 검사장비 공급.
159955,수소연료전지,47,299,000150,두산,1,kospi,-6.38,1320000,0,0,0,"자회사, 두산모빌이노가 국내 최초 드론용 수소연료전지 KGS 인증 획득"
159955,수소연료전지,48,3029,170920,엘티씨,2,kosdaq,-9.26,44600,0,0,0,고체 산화물 연료전지(SOFC) 전해질 개발.
159955,수소연료전지,49,152433,336260,두산퓨얼셀,1,kospi,-9.85,47150,0,0,0,저온 인산형 타입의 발전용 연료전지를 국내에서 유일하게 생산. 다른 발전원 대비 설치기간이 짧으며 작은 공간에도 설치가 가능. 연료전지 주요 부품인 개질기(LNG→수소로 전환)를 활용해 향후 수소충전소 사업으로 확장 기대.
159955,수소연료전지,50,163536,382900,범한퓨얼셀,2,kosdaq,-30,19250,0,0,0,"잠수함용 연료전지모듈, 건물용 연료전지 시스템 공급 사업 영위"
4441,우주항공,1,154338,294630,서남,2,kosdaq,13.04,2905,0,0,0,"전력케이블, 한류기, Fusion Reactor, 모터 및 발전기용 고온 초전도 선재 제조 및 판매업체. 주요 제품으로는 2세대 고온 초전도선재가 있으며 NASA 차세대 모터개발 연구용 목적으로 美 연방정부조달SAM 통해 수주 및 납품한 바 있음."
4441,우주항공,2,164021,405000,플라즈맵,2,kosdaq,3.86,3770,0,0,0,"위성시스템 체계 개발, 제조 및 판매"
4441,우주항공,3,1838,044490,태웅,2,kosdaq,2.17,28300,0,0,0,"2020년 1월 ‘아마존’, 테슬라·미국 항공우주국(NASA)이 추진 중인 우주여행 프로젝트의 핵심 부품 납품기업으로 선정. 단조 제품 16개 공급 완료."
4441,우주항공,4,2093,056090,시지메드텍,2,kosdaq,2.09,1025,0,0,0,"위성체, 발사체 제조 및 판매, 위성시스템 체계 개발. 항공기 관련 사업 목적 추가. 제이스페이스홀딩스 유상증자 참여로 신사업 본격화"
4441,우주항공,5,517,003490,대한항공,1,kospi,1.39,29150,0,0,0,"국내 최대 항공운송회사로 항공우주사업도 영위. 대형 통신위성인 무궁화 3호의 패널과 태양전지 패널을 제작, 납품해 위성 제작 기술력을 인정받았으며, 아리랑 위성 2호 제작과 조립에도 참여. 한국형 우주발사체 나로호(KSLV-1)의 총조립 담당업체."
4441,우주항공,6,167378,0015G0,그린광학,2,kosdaq,0,0,0,0,0,국내 과학기술위성에 카메라 렌즈를 제작
4441,우주항공,7,859,010060,OCI홀딩스,1,kospi,-0.4,197900,0,0,0,스페이스X에 폴리실리콘 공급
4441,우주항공,8,1910,047810,한국항공우주,1,kospi,-0.56,160200,0,0,0,"우주사업의 일환으로 다목적실용위성(아리랑 위성)의 핵심부분품을 설계, 제작하여 한국항공우주연구원(KARI)에 납품. 아리랑1호 사업부터 2호, 3호, 5호에 이르기까지 위성 본체 개발 전 사업에 참여했으며, 다목적실용위성 아리랑 3A호의 본체 주관개발을 성공적으로 수행."
4441,우주항공,9,384,001430,세아베스틸지주,1,kospi,-1.08,32100,0,0,0,자회사 세아창원특수강이 미국 우주탐사 기업 스페이스X에 로켓·위성용 특수합금 공급 이력 부각
4441,우주항공,10,167311,463480,모티브링크,2,kosdaq,-1.13,4380,0,0,0,"전력변환 기술을 활용한 위성, 드론, 전기항공기 등 차세대 이동수단 관련 신사업 추진 중"
4441,우주항공,11,153159,327260,RF머트리얼즈,2,kosdaq,-1.48,46600,0,0,0,"우주항공 반도체 전략연구단의 핵심 참여기관으로 선정, 우주용 세라믹 메모리 패키지 개발"
4441,우주항공,12,886,010820,퍼스텍,1,kospi,-1.52,5840,0,0,0,후성그룹 계열의 방위산업 전문업체로 나로호 사업에도 참여해 자세제어시스템을 납품.
4441,우주항공,13,167345,474650,링크솔루션,2,kosdaq,-1.67,26450,0,0,0,우주항공 핵심소재 제작을 위해 K-저궤도위성 TF 본격 참여
4441,우주항공,14,2389,078350,한양디지텍,2,kosdaq,-1.69,20300,0,0,0,나로호에 탑재된 위성 항법 시스템을 개발하여 공급한 바 있는 한양네비콤 지분 보유.
4441,우주항공,15,2411,079550,LIG디펜스앤에어로스페이스,1,kospi,-1.96,799000,0,0,0,"LIG그룹 계열의 종합방산업체로 인공위성에 탑재되는 영상레이더(SAR)를 양산중. 통신용 소형인공위성 시장 진출을 위해 한국항공우주, KAIST와 공동 개발을 진행할 예정."
4441,우주항공,16,1783,042370,비츠로테크,2,kosdaq,-2.33,8790,0,0,0,"플라즈마기술을 이용한 폐액처리 및 진공상태 초정밀접합, 특수정공 설계 등을 통한 항공우주 시제품을 생산하는 특수부문 사업도 영위. 한국항공우주연구원의 소형위성 발사체 개발사업에 참여한 바 있으며, 국내최초로 액체로켓 연소기 개발과 제작에 성공."
4441,우주항공,17,167259,209640,와이제이링크,2,kosdaq,-2.38,3685,0,0,0,스페이스X 장비 직접 공급
4441,우주항공,18,3263,272290,이녹스첨단소재,2,kosdaq,-2.61,22400,0,0,0,스페이스X에 우주항공용 고기능성 첨단소재를 3년 연속 공급중
4441,우주항공,19,2095,056190,SFA,2,kosdaq,-2.88,21950,0,0,0,자동화설비전문업체로 우주항공산업(항공기부품용 탄소복합체 열진공성형 설비 등) 및 핵융합설비 등의 특수분야 자동화시스템을 제작/공급중.
4441,우주항공,20,3528,012450,한화에어로스페이스,1,kospi,-3.19,1122000,0,0,0,"엔진사업(항공기 엔진 및 부품, 산업용 압축기 및 발전기 등)을 영위. 나로호 발사체에 터보펌프를 제작."
4441,우주항공,21,751,007660,이수페타시스,1,kospi,-3.26,98000,0,0,0,"국내 인쇄회로기판(PCB)업계 최초로 항공 우주분야 품질 규격(AS9100) 인증을 획득했으며, 국제 우주항공산업 특별 공정 관리 프로그램(NADCAP) 인증 획득."
4441,우주항공,22,1850,045100,한양이엔지,2,kosdaq,-3.27,31100,0,0,0,특수가스설비 기술을 바탕으로 나로호 발사체 관련 설비에 참여함. 나로호에 탑재된 GPS(위성항법장치) 수신기 및 안테나를 만든 한양네비콤의 지분 보유. 과학기술정보통신부가 주관하는 소형 발사체 사업에 선정
4441,우주항공,23,165824,388790,라이콤,2,kosdaq,-3.96,4000,0,0,0,"국내 유일 저궤도 위성용 광증폭기 기술을 보유 중이며, 차세대 광증폭기 상용화를 통해 글로벌 우주항공 시장 공략을 가속화할 방침"
4441,우주항공,24,155478,307180,아이엘,2,kosdaq,-3.97,4350,0,0,0,우주 위성체용 전원으로 적합한 소형 전고체배터리 구현에 성공.
4441,우주항공,25,1391,030520,한글과컴퓨터,2,kosdaq,-4.03,18080,0,0,0,국내 첫 지구 관측용 민간위성 '세종1호(Sejong-1)' 미국 플로리다주에서  5월 25일(현지시간)에 발사
4441,우주항공,26,163263,368770,파이버프로,2,kosdaq,-4.15,12700,0,0,0,"스타링크가 KT SAT와 국내 저궤도 위성통신 서비스 제공을 위한 협약을 체결하면서 KT에 광섬유 관성센서, 관성 측정 장치 등을 제공하는 파이버프로가 관련주로 부각"
4441,우주항공,27,148895,100790,미래에셋벤처투자,2,kosdaq,-4.25,16680,0,0,0,"2022년, 2023년 스페이스X에 2억 7800만달러 투자"
4441,우주항공,28,167232,295310,에이치브이엠,2,kosdaq,-4.28,51400,0,0,0,"발사 시의 고온과 고압, 보관 시의 저온 환경을 버티는 우주 부품의 특수 금속은 필수적인 요소이며, KAI, 이스라엘 항공기 부품사, 미국 주요 민간 우주 기업으로 첨단 금속을 납품 중으로 나로호, 누리호 개발 사업에 참여한 이력이 있음."
4441,우주항공,29,167261,474170,루미르,2,kosdaq,-4.53,6950,0,0,0,"지구관측 SAR 위성 개발기업으로 위성 제조, 위성 서비스, 민수 장치 등 3대 사업에 주력"
4441,우주항공,30,2572,089980,상아프론테크,2,kosdaq,-4.58,14580,0,0,0,미국 글로벌 위성통신 기업에 저궤도 안테나용 보호필름 공급
4441,우주항공,31,160736,361390,제노코,2,kosdaq,-4.71,13950,0,0,0,"위성통신부품 제조 업체. 위성탑재체, 위성운용국 및 단말, 전기지상지원장비(EGSE(Electrical Ground Support Equipment)) 사업을 주력으로 영위하고 있으며, 위성탑재용 주파수 X대역(8.025~8.4GHz) 송신기(X-band Transmitter), ANASIS-II 위성운용국을 설계, 구축 및 제조. 주요 고객은 한국항공우주연구원(KARI), AIRBUS D&F주요 고객은 한국항공우주연구원(KARI), AIRBUS D&F 등임."
4441,우주항공,32,3470,027360,아주IB투자,2,kosdaq,-4.72,4135,0,0,0,미국 법인 통해 스페이스X 지분 확보한 이력이 부각되어 우주항공 산업 성장 기대
4441,우주항공,33,167425,153890,져스텍,2,kosdaq,-4.73,13300,0,0,0,"기계 움직임을 제어하는 초정밀 모션시스템을 전문으로 양산, 2012년부터 한국항공우주연구원과 우주용 모터 개발에 참여하며 관련 기술을 확보"
4441,우주항공,34,2188,064350,현대로템,1,kospi,-4.75,186400,0,0,0,"2014년3월 ""한국항공우주연구원으로부터 약 710억원 규모의 한국형 발사체(KSLV-Ⅱ) 추진기관시스템 시험설비(PSTC) 구축사업""을 수주한 바 있음. 과거 한국형 액체추진 과학관측 로켓(KSR-Ⅲ)용 엔진시험설비 구축 참여."
4441,우주항공,35,3130,211270,AP위성,2,kosdaq,-4.86,8420,0,0,0,수년 간 다목적 실용위성사업으로 대표되는 국가우주개발사업에 참여 경험 보유. 다목적실용위성6호에 탑재체 데이터링크 및 위성체 전기지상지원장비(EGSE)와 다목적실용위성 7호에 탑재체 기기자료처리장치 및 달탐사 시험용 궤도선 본체 전장품 설계 및 개발을 진행중.
4441,우주항공,36,167125,451760,컨텍,2,kosdaq,-5.04,8660,0,0,0,위성 데이터 AII-in-One 서비스 및 우주산업 토탈 솔루션 제공. 국내 유일 상용 민간 우주 지상국을 보유.
4441,우주항공,37,165958,354320,알멕,2,kosdaq,-5.48,27600,0,0,0,알루미늄 압출 전문업체로 스페이스X 협력사
4441,우주항공,38,3064,189300,인텔리안테크,2,kosdaq,-5.91,68500,0,0,0,저궤도 위성통신 지상망 안테나 개발을 완료. 향후 군용(방위산업부문)과 저궤도/중궤도 위성 서비스 제품을 포함한 육상용/항공용 위성통신 안테나시장으로 확대할 계획.
4441,우주항공,39,167382,488900,비츠로넥스텍,2,kosdaq,-5.96,7730,0,0,0,"우주항공, 핵융합, 가속기, 플라즈마 등 첨단 응용과학 분야 장비와 부품 개발 및  납품"
4441,우주항공,40,3185,225190,LK삼양,2,kosdaq,-6.23,783,0,0,0,"우주 항공용 광학 모듈사업에 진출, 스페이스X가 발사하는 위성에 현재 개발중인 심우주항법용 차세대 별추적기 탑재 예정에 부각"
4441,우주항공,41,165353,417010,나노팀,2,kosdaq,-6.58,4895,0,0,0,주력 제품인 열관리 소재가 자동차에 이어 항공우주분야에 적극 활용 가능해지면서 스페이스X에 납품 부각
4441,우주항공,42,154528,274090,켄코아에어로스페이스,2,kosdaq,-6.6,10610,0,0,0,"나사(NASA)의 유인달탐사 프로젝트인 아르테미스 프로젝트를 참여중이며, 발사체의 인터탱크(Intertank)와 엔진 섹션, 탱크조절장치(Slosh Baffle)의 디테일 파트 생산을 담당하고 있음. 미국법인 자회사인 California Metal & Supply Inc가 이번 프로젝트의 원소재 공급을 맡았으며, 다른 미국법인 자회사 Kencoa Aerospace LLC가 생산을 담당하고 있음. 아마존이 추진하는 사상 최대 규모 우주인터넷 인공위성 발사 프로젝트 ‘카이퍼’에 참여"
4441,우주항공,43,1794,042700,한미반도체,1,kospi,-7.06,210500,0,0,0,우주항공과 저궤도 위성통신(LEO) 시장의 수요 확대에 맞춰 필수 공정 장비인 ‘EMI 쉴드 2.0 X’ 시리즈를 출시
4441,우주항공,44,167395,478340,나라스페이스테크놀로지,2,kosdaq,-7.78,12090,0,0,0,초소형 위성 시스템 제작 및 위성 데이터 분석 서비스를 제공
4441,우주항공,45,349,000880,한화,1,kospi,-7.87,101800,0,0,0,"한국형 우주발사체 중 고체연료 로켓 제작 담당업체. 항공기 및 우주발사체용 유압계통, 연료계통 및 조종계통 등 국내 항공우주/방위산업 분야의 주요 시스템 공급업체."
4441,우주항공,46,167421,288180,케이피항공산업,2,kosdaq,-8.68,8630,0,0,0,"고체 연료 기반 유도무기 추진기관 제작에 필요한 독자적인 핵심 기술(분할식 맨드릴 금형 등)을 기반으로 천궁-II, 현무 등 주요 국산 유도무기 체계의 핵심 부품을 안정적으로 양산"
4441,우주항공,47,167286,484870,엠앤씨솔루션,1,kospi,-9.13,32350,0,0,0,"국내 최초로 방산용 서보밸브 개발·양산에 성공하였으며, 미세한 전류 신호를 활용해 유량과 압력을 정밀 제어해주기 때문에 방산, 항공, 우주, 로봇 등 다양한 분야에서 활용"
4441,우주항공,48,2693,099320,쎄트렉아이,2,kosdaq,-10.19,81100,0,0,0,"위성을 제작하는데 사용된 기술을 기반으로 군사 목적으로 활용할 수 있는 위성과 무인기의 이동형 지상체 중심의 방위사업 영위. 무인기 지상체사업, 차세대 전차/장갑차의 영상처리시스템, 국방로봇의 영상제어장치, 유도무기의 제어센서 및 통신용 부품, 아리랑 위성 5호의 이동형 지상국 등을 공급. 국내 최초 정찰위성 발사"
4441,우주항공,49,167233,462350,이노스페이스,2,kosdaq,-10.47,7010,0,0,0,"우주산업에서 위성발사 서비스, 시험평가 서비스, 제품 제작 및 판매 서비스를 주요 사업으로 영위"
4441,우주항공,50,2377,077360,덕산하이메탈,2,kosdaq,-10.53,8500,0,0,0,"자회사 덕산넵코어스, 누리호 시험발사체에 GNSS 항법장치를 공급."
4441,우주항공,51,166228,321370,센서뷰,2,kosdaq,-12.48,1620,0,0,0,스페이스엑스의 위성용 고주파 케이블을 공급하고 테스트 결과를 기다리는 중으로 공급을 추진 중인 제품은 위성에 탑재되는 고주파 케이블임. 신제품 개발단계로 테스트를 계속 진행 중
4441,우주항공,52,155477,272210,한화시스템,1,kospi,-12.98,70400,0,0,0,"전자식 위성통신안테나 사업 참여 목적으로, 영국 현지 법인 HSE 설립해 20년6월 Phasor Solution의 특허, 핵심인재 및 장비 포괄양수. 20년9월 한국항공우주연구원(KARI)과 '아리랑 위성 7A호 적외선(IR) 영상장치 개발' 착수."
4441,우주항공,53,160710,347700,스피어,2,kosdaq,-16.33,20500,0,0,0,57억 원 규모의 제3자 배정을 통해 라이프시맨틱스의 최대주주가 우주항공용 소재 전문기업 스피어코리아로 변경. 향후 데이터 기반 디지털헬스케어 기술과 우주항공 분ㄴ야를 접목해 항공우주의학 분야 선도기업으로 거듭난다는 전략.
154286,자동차 부품,1,2859,123010,알엔티엑스,2,kosdaq,10.45,1554,0,0,0,국내 최초로 열 방출 기능을 갖춘 전장용 이미지센서 sBGA와 MCP(Multi Chip Package)'를 개발 및 출시
154286,자동차 부품,2,941,012160,영흥,1,kospi,9.5,1763,0,0,0,자동차용 겹판스프링 및 코일스프링을 제조 및 판매.
154286,자동차 부품,3,383,001420,태원물산,1,kospi,7.04,3040,0,0,0,자동차부품 사업(자동차용 워터펌프 및 Gear Shift 등) 영위업체.
154286,자동차 부품,4,569,004270,남성,1,kospi,6.97,7520,0,0,0,아마존이 개발한 알렉사와 연동되는 차량용 인포테인먼트 기기 세계 처음 개발
154286,자동차 부품,5,1407,031510,오스템,2,kosdaq,3.31,1062,0,0,0,"자동차 부품 제조업체. STEEL WHEEL, CHASSIS PARTS, SEAT MECHANISM 등을 생산."
154286,자동차 부품,6,2018,053060,세동,2,kosdaq,2.84,1485,0,0,0,"자동차 부품인 웨이스트라인몰딩, 도어벨트 생산"
154286,자동차 부품,7,647,005680,삼영전자,1,kospi,2.77,15600,0,0,0,차량용 콘덴서 생산/판매. 차량용 에어백 전용 콘덴서 국산화
154286,자동차 부품,8,2350,073240,금호타이어,1,kospi,2.76,6330,0,0,0,타이어 제조.
154286,자동차 부품,9,166640,146060,율촌,2,kosdaq,2.19,934,0,0,0,"인발 기술을 바탕으로 자동차 완충용 장치, 조향장치 및 현가장치에 쓰이는 다양한 규격의 자동차 부품 제조"
154286,자동차 부품,10,161465,361670,삼영에스앤씨,2,kosdaq,1.83,3055,0,0,0,`초음파 센서 기반 자동차 배터리팩 내부 상태 감지 모듈 개발' 국책과제 수행
154286,자동차 부품,11,2849,122350,삼기,2,kosdaq,1.71,1898,0,0,0,알루미늄 다이캐스팅 및 가공을 통한 자동차 엔진부품과 변속기부품 개발/생산 업체.
154286,자동차 부품,12,2778,108670,LX하우시스,1,kospi,1.66,33600,0,0,0,"자동차용 범퍼, 시트 등 자동차 관련 고기능 소재, 부품사업을 영위. 자동차 경량화 사업에도 진출(자동차용 경량 복합소재 등)."
154286,자동차 부품,13,2625,093380,풍강,2,kosdaq,1.61,2530,0,0,0,"자동차용 너트류(용접너트, 풀림방지강제너트, 휠너트 등) 및 볼트를 생산하는 조립금속제품업체. 자동차조립용 부품을 현대/기아차 등 국내 완성차업체에 직접 공급함과 동시에 완성차 1차협력업체에도 공급하고 있으며, 닛산자동차에도 공급."
154286,자동차 부품,14,3151,215360,우리산업,2,kosdaq,1.58,6440,0,0,0,"기존 舊우리산업에서 분할된 업체로 자동차부품 제조사업을 영위. 자동차 공조장치 관련 부품을 생산하는 완성차업계의 2차 공급업체. 국내 주요 거래처는 한라공조, 현대모비스, 두원공조 등이며, 해외 거래처는 DENSO, VALEO, BEHR, DELPHI 등. 주요 제품으로는 HVAC ACTUATOR, CLUTCH COIL ASSEMBLY, HEATER CONTROL ASSEMBLY 등."
154286,자동차 부품,15,152806,308170,씨티알모빌리티,1,kospi,1.49,3400,0,0,0,"자동차부품(구동장치, 현가장치 등) 제조업체. 주요 제품으로는 구동장치 부문 이너레이스, 오디 클러치보스, 로터샤프트, 슬리브기어 등이 있으며, 현가장치 부문 컨트롤 암, 엑슬 등이 있음."
154286,자동차 부품,16,876,010580,에스엠벡셀,1,kospi,1.47,1653,0,0,0,"자동차 부품제조 전문업체. 자동차용 워터펌프(전체 매출의 절반 이상을 차지), TCCM, Auto Part, AL CYLINDER HEAD 등의 부품을 생산하여 현대자동차, 기아자동차, 현대모비스 등에 공급."
154286,자동차 부품,17,481,002920,유성기업,1,kospi,1.22,1740,0,0,0,"자동차 내연기관 부품인 피스턴링, 실린더라이너, 캠샤프트, Air/COMP 등을 생산하여 국내 자동차 회사(현대차, 기아차, 한국GM 등), 중장비, 농기계회사 및 내연기관 생산업체 등에 OEM 및 보수용 부품으로 공급."
154286,자동차 부품,18,2576,090150,아이윈,2,kosdaq,1.21,503,0,0,0,"국내 자동차용 시트히터 시장점유율 상위 업체. 현대, 기아, 르노삼성자동차 대부분의 차종에 납품하고 있음."
154286,자동차 부품,19,150908,128540,에코캡,2,kosdaq,1.21,1341,0,0,0,"자동차용 부품 전문업체. 자동차용 전선, 자동차용 와이어링하네스, 벌브 소켓, LED모듈 등을 생산. 자동차용 전선 매출 비중이 높음."
154286,자동차 부품,20,3212,238090,앤디포스,2,kosdaq,1.2,2530,0,0,0,자동차용 고강도 양면테이프 출시. 테슬라 전기픽업트럭 사이버트럭에 납품.
154286,자동차 부품,21,380,001380,SG글로벌,1,kospi,1.14,1331,0,0,0,"자동차시트커버(Seat Trim Cover), 자동차시트(Car Seat) 제조 및 판매사업 영위."
154286,자동차 부품,22,845,009680,모토닉,1,kospi,1.1,10080,0,0,0,"자동차 부품 생산업체. 캬뷰레타 및 Diecasting, LPI 연료공급 시스템, EGR Valve, CVVL 등에 이어 하이브리드카 부품까지 생산제품 다양화. 주요 제품 대부분을 현대차 및 기아차에 OEM방식(주문자 생산방식)으로 납품."
154286,자동차 부품,23,2369,075180,새론오토모티브,1,kospi,1.02,2975,0,0,0,"자동차용 브레이크 마찰재(Brake Pad, Lining, Rotor facing 등)를 생산하는 자동차 부품 업체."
154286,자동차 부품,24,162848,310870,디와이씨,2,kosdaq,0.93,1199,0,0,0,"샤프트, 플랜지, 요크 등 생산"
154286,자동차 부품,25,831,009320,아진전자부품,1,kospi,0.87,928,0,0,0,"우신산업 계열의 자동차전장부품 및 콘덴서(알루미늄 전해 콘덴서, 탄탈륨 콘덴서) 제조, 판매업체. 주요 제품으로는 Regulator, Solenoid, Blower Motor Driver, PWM(자동차 냉각시스템에서 Cooling Fan Motor를 Control 하는 Module로서 펄스 폭 변조를 통해 모터의 속도를 제어), OBC(전기자동차 완속충전장치), E-Actuator ACU(터보챠져 배기가스 공급 조절장치), EWP(Electronic Water Pump)수소차용 등이 있음."
154286,자동차 부품,26,3291,900310,컬러레이,2,kosdaq,0.74,2045,0,0,0,자동차 부품의 전도율을 높여주는 자동차 코팅 핵심 '고성능 전도성 복합재료' 개발
154286,자동차 부품,27,2867,123410,코리아에프티,2,kosdaq,0.71,5650,0,0,0,"자동차 연료탱크 내부 증발가스 포집장치인 캐니스터, 연료 주입구와 연료탱크관 연결관인 플라스틱 필러넥, 차량 내부 인테리어 부품 등을 생산."
154286,자동차 부품,28,2744,104040,디에스엠,2,kosdaq,0.66,1689,0,0,0,"F/B(Fine Blanking) 금형기술 기반의 자동차부품 생산업체로 Door Lock, Seat Recliner, Transmission등을 생산/판매. Fine Blanking 금형제조에 특화된 기술력과 지적재산권을 보유. 주요 매출처는 현대/기아차, 르노삼성의 1차 벤더 업체인 다스, 코리아모던메탈, 대원정밀, KDS 등."
154286,자동차 부품,29,781,008350,남선알미늄,1,kospi,0.58,1043,0,0,0,범퍼 등 자동차용 내외장 플라스틱 부품을 생산/판매하는 자동차 사업부문 영위.
154286,자동차 부품,30,649,005710,대원산업,2,kosdaq,0.57,10600,0,0,0,"자동차용 SEAT 전문 생산업체. 주요 매출처는 기아자동차. 기아의 현지공장이 위치한 중국과 러시아, 베트남에도 공장을 보유."
154286,자동차 부품,31,2902,130740,티피씨글로벌,2,kosdaq,0.5,2010,0,0,0,"자동차부품용 인발강관 제조/판매업체. 주요제품으로 정밀인발(방진)류와 자동차 정밀파이프로 사용되는 정밀강관류, 연료를 이송하는 스틸튜브인 FILLER NECK류 등의 자동차부품을 생산. 특히, 자동차의 소음진동 및 충격완화 역할(방진고무)의 내통/외통 튜브로 사용되는 정밀인발튜브의 매출 비중이 높음."
154286,자동차 부품,32,2269,067570,엔브이에이치코리아,2,kosdaq,0.49,1840,0,0,0,"자동차 내장 부품 소재 업체. 주요 생산품은 HEADLINER, NVH부품(ISOLATION DASH, INSULATION DASH, INSULATION HOOD, TUNNEL PAD 등), FLOOR CARPET, DOOR TRIM 등. 생산품의 대부분을 현대차와 기아차에 공급중."
154286,자동차 부품,33,1282,025440,DH오토웨어,2,kosdaq,0.45,3315,0,0,0,"국내 및 글로벌 자동차 기업에 Car Audio, D-Audio (Display Audio), AMP, AVN(Audio, Video & Navigation), Monitor 등 카 인포테인먼트 제품을 개발/공급하는 업체. 주요 고객으로 현대모비스, 日 Alpine(알파인), 르노삼성, GM코리아이며, 현대모비스에 납품한 제품은 최종적으로 완성차 메이커인 현대/기아차에 장착되고, 日 알파인에 납품한 제품은 도요타, 크라이슬러등 Global 완성차 업체에 장착되고 있음."
154286,자동차 부품,34,603,004840,DRB동일,1,kospi,0.23,4330,0,0,0,"자동차의 후드, 문, 차체, 트렁크 등에 장착되는 자동차용 고무제품인 비히클실링 생산."
154286,자동차 부품,35,1223,023000,삼원강재,1,kospi,0.22,2230,0,0,0,대원강업과 포스코의 합작회사로 차량용 스프링류 및 각종 차량의 현가장치인 스프링 소재를 생산하는 업체.
154286,자동차 부품,36,1245,023800,인지컨트롤스,1,kospi,0.18,5590,0,0,0,"자동차부품 제조업체. 각종 자동차 TMS(엔진 온도관리 시스템 부품), EMS(엔진 온도, 진동, 압력 등 측정 및 신호 전달을 위한 센서 및 스위치 부품), EP(엔지니어링 플라스틱 경량화 부품) 등을 생산, 판매중. TMS(THERMOSTAT, WATER TEMP SENSOR, WATER TEMP CONTROLER) 부품 시장에서 85% 이상의 시장점유율을 차지하고 있음. 주요 고객사는 현대차, 기아차 등."
154286,자동차 부품,37,861,010100,한국무브넥스,1,kospi,0.14,3680,0,0,0,"자동차부품, 프랜지, 산업기계 제조 및 판매를 주사업으로 영위. 승용차용 Halfshaft류, Front axle assembly류, 상용차용 Front axle & Brake assembly 등의 자동차부품을 생산."
154286,자동차 부품,38,2121,058430,포스코스틸리온,1,kospi,0,4950,0,0,0,자동차용 강판 생산.
154286,자동차 부품,39,1505,034220,LG디스플레이,1,kospi,0,10880,0,0,0,차량용 OLED 공급.
154286,자동차 부품,40,906,011320,유니크,2,kosdaq,0,3825,0,0,0,"자동차부품 제조/판매업 영위. 자동차용 시계류, 시가라이터류, 유압솔레노이드 밸브 등 밸브류, 센서류, 인디케이터류, 차량용 USB 충전기 등을 생산."
154286,자동차 부품,41,1900,047400,유니온머티리얼,1,kospi,0,1013,0,0,0,파라이트 마그네트(자동차용 및 가전용 모터의 소재(자석) 등) 제품 생산업체.
154286,자동차 부품,42,2872,123700,SJM,1,kospi,0,3300,0,0,0,자동차 및 산업용 벨로우즈 생산업체로 자동차부품인 Flexible Coupling을 생산.
154286,자동차 부품,43,2966,143210,핸즈코퍼레이션,1,kospi,0,1199,0,0,0,"알루미늄 휠 전문 생산업체. 주로 주문자 상표 부착 생산(OEM)의 형태로 완성차 제조업체에 제품을 공급하고 있으며, 주요 거래 업체는 국내 현대기아차그룹, GM그룹, 르노닛산미쓰비시그룹, 폭스바겐, 포드, 크라이슬러 등."
154286,자동차 부품,44,160638,378850,화승알앤에이,1,kospi,0,2970,0,0,0,"화승그룹 계열의 자동차용 고무제품 전문 제조업체로 Sealing Products(누수방지용 고무)와 Fluid Products(연료, 각종 Oil, 물 등을 수송하는 호스류) 등을 주요 제품으로 생산."
154286,자동차 부품,45,2303,069460,대호에이엘,1,kospi,0,532,0,0,0,자동차 부품으로 사용되는 알루미늄 압연업 영위
154286,자동차 부품,46,167416,0010F0,보원케미칼,2,kosdaq,0,0,0,0,0,"자동차 내장재용 표면 소재 생산. 한화첨단소재를 거쳐 현대자동차, 기아에 공급"
154286,자동차 부품,47,1099,016740,두올,1,kospi,-0.14,3675,0,0,0,"자동차용 원단 및 시트, 에어백 등을 주요 제품으로 생산하는 자동차부품업체. 주요 고객사는 현대/기아차 등임."
154286,자동차 부품,48,1259,024120,KB오토시스,2,kosdaq,-0.16,3120,0,0,0,"자동차용 브레이크 패드 및 라이닝을 생산, 판매하는 마찰재 전문 생산업체. 주요 매출처로 현대모비스, 만도, 르노삼성 등."
154286,자동차 부품,49,3069,191410,육일씨엔에쓰,2,kosdaq,-0.16,1259,0,0,0,"자동차용 계기판, 글라스 개발 및 양산"
154286,자동차 부품,50,1174,019540,일지테크,2,kosdaq,-0.17,6000,0,0,0,"자동차 차제 부품(REINF SIDE COMPL, Dash Compl 등 각종 Pannel류) 제조 및 판매 업체. 현대자동차 1차 부품 협력 업체."
154286,자동차 부품,51,1972,051490,나라엠앤디,2,kosdaq,-0.18,2710,0,0,0,"Transmission류, Seat류, Bumper류, Carrier류 등의 자동차금형을 생산중. 또한, 자동차용 Seat Rail, Pedal Assembly(Clutch, Brake, Accelerator), Core Plate, Bearing Cage, Tappet, Hub & Shaft 등을 Assembly 및 단품형태로 생산중."
154286,자동차 부품,52,1020,014440,영보화학,1,kospi,-0.22,4505,0,0,0,"가교발포 폴리올레핀(Polyolefin) 폼 전문 생산업체. 현대, 기아, 대우, 쌍용, 삼성에서 생산되는 주요 차량에 천정재, 도어완충재, Sealing재, Side Pillar재 적용 판매."
154286,자동차 부품,53,946,012280,영화금속,1,kospi,-0.23,878,0,0,0,"자동차부품의 주물소재를 제조, 판매하는 업체."
154286,자동차 부품,54,2564,089470,HDC현대EP,1,kospi,-0.26,3900,0,0,0,"자동차, 전기/전자, 소비재 및 건설 산업용 용도에 특화되어 있는 플라스틱 소재 생산업체. 자동차 내/외장재외 사용되는 복합PP/PE 생산, 판매중."
154286,자동차 부품,55,1933,049070,인탑스,2,kosdaq,-0.29,16950,0,0,0,"종속회사 (주)미래를 통해 자동차 부품 등을 생산, 공급중. 주요 제품은 자동차 제조 시에 사용되는 커넥터, 램프등임."
154286,자동차 부품,56,162189,271940,일진하이솔루스,1,kospi,-0.3,10070,0,0,0,자동차용 매연저감장치 제조/판매
154286,자동차 부품,57,1811,043370,피에이치에이,2,kosdaq,-0.35,11450,0,0,0,"OEM(주문자생산방식) 납품을 주로 하는 자동차용 DOOR MOVING SYSTEM 전문 생산업체. 주력제품으로 도어랫치(LATCH), 모듈(MODULE), 도어스트라이커(STRIKER), 도어힌지(HINGE) 등이 있음. 주요 매출처는 현대차, 기아차, 한국GM 등이 있음."
154286,자동차 부품,58,2828,118990,모트렉스,2,kosdaq,-0.35,5620,0,0,0,"운전자와 차량간의 의사소통을 위한 Automotive HMI 기술을 바탕으로 IVI(In Vehicle Infotainment) 제품을 생산하여 판매 중인 자동차부품 업체. 향후 도래할 것으로 예상되는 자율주행차량 시대에 대비하여 첨단운전자보조시스템 (ADAS) 시장을 겨냥한 Head Up Display(이하 “HUD”), Dashcam 등을 개발하여 판매할 예정. 전장 IT 사업 등을 신규 사업으로 추진. 현대/기아차 신흥국(인도, 멕시코, 호주 등) 수출 차량에 주력으로 제품 공급."
154286,자동차 부품,59,1274,024910,경창산업,2,kosdaq,-0.4,1510,0,0,0,"AUTO 트랜스밋션(자동변속기)부품, 케이블, 페달, 리저브탱크, AUTO LEVER 등의 자동차부품을 생산 판매하는 업체로 자동변속기 부품이 주력 제품. 자동변속기 부품은 현대차/기아차, 현대모비스 등에 납품 중."
154286,자동차 부품,60,2027,053270,구영테크,2,kosdaq,-0.43,1837,0,0,0,"자동차 부품 제조 및 판매, 금형 제조 및 판매 그리고 자동차관련 무역업 등을 주요사업으로 영위. 주요 매출처는 현대차, 기아차 등."
154286,자동차 부품,61,2328,071850,캐스텍코리아,2,kosdaq,-0.48,1439,0,0,0,자동차용 주물소재 및 가공부품 생산기업으로 자동차용 터보차저 핵심부품인 터빈하우징과 센터하우징을 주력 생산.
154286,자동차 부품,62,166983,416180,신성에스티,2,kosdaq,-0.5,20050,0,0,0,"차량내 고온의 배기가스, 윤활유의 냉각 기능 부품 및 자동차 계기판, 디스플레이 등 기능부품 생산"
154286,자동차 부품,63,1246,023810,인팩,1,kospi,-0.51,4895,0,0,0,"자동차용 케이블, 밸브, 전자식파킹브레이크, 액츄에이터, 배터리팩 사출품 등을 생산하고 있는 자동차부품 전문 제조업체."
154286,자동차 부품,64,1183,019770,서연탑메탈,2,kosdaq,-0.62,3200,0,0,0,"자동차용 금형사업(프레스금형부문, 사출금형부문)과 건설용 중장비 부품사업(CABIN)을 영위하는 업체. 프레스금형은 자동차 차체의 대량생산을 위한 장비로 국내/외 자동차사 및 동 자동차사의 협력업체들에게 납품하며, 사출금형은 자동차 도어트림 등 내장재의 대량생산을 위한 설비로 서연이화로 대부분 납품."
154286,자동차 부품,65,398,001620,케이비아이동국실업,1,kospi,-0.65,2285,0,0,0,"현대/기아자동차 및 현대모비스의 1차 부품 협력업체로 자동차부품 제조 사업을 영위. 플라스틱사출성형 및 BLOW 중공성형 기술을 바탕으로 콘솔(Console), 크래시패드(Crash Pad Main/Core), 글로브박스(Glove Box) 등 다양한 제품을 생산/공급중."
154286,자동차 부품,66,2042,053700,삼보모터스,2,kosdaq,-0.65,3840,0,0,0,"자동차 부품제조 업체. 자동차용 자동변속기 Plate류와 엔진룸 및 연료계통 Pipe류, 자동차용 Bumper 및 내/외장 사출품 등을 제조/판매."
154286,자동차 부품,67,2246,066590,스모트로닉,2,kosdaq,-0.67,2215,0,0,0,"자동차의 조향부품, 구동부품 등을 생산하는 자동차부품 전문 생산업체."
154286,자동차 부품,68,1524,035150,백산,1,kospi,-0.77,10250,0,0,0,차량 실내 크래시패드용 인조가죽 등 생산
154286,자동차 부품,69,2860,123040,엠에스오토텍,2,kosdaq,-0.91,1629,0,0,0,주형 및 금형 제작 업체로 현대/기아자동차가 주요 매출처.
154286,자동차 부품,70,1768,041650,상신브레이크,1,kospi,-0.92,2165,0,0,0,"자동차 브레이크 마찰재 전문업체. 주요제품으로 자동차용 브레이크 마찰재인 BRAKE PAD, LINING, SHOE/BRAKE ASSEMBLY 등. 주요 매출처는 현대자동차, 타타대우상용차, 다이모스, 현대모비스, 만도, 이래오토모티브, 한국GM, 중국내 OEM 로컬 업체 등."
154286,자동차 부품,71,1262,024740,한일단조,2,kosdaq,-0.96,2060,0,0,0,자동차 및 방위산업용 단조부품 생산업체. 정밀 자동차 부품인 액슬샤프트(AXLE SHAFT)와 스핀들(SPINDLE)류를 제조해 국내 및 해외 완성차 업체에 공급 중.
154286,자동차 부품,72,1920,048430,유라테크,2,kosdaq,-1.02,5810,0,0,0,"자동차용 점화 코일, 점화 플러그 등 차량 점화장치 전문 제조/판매업체. 주요 매출처는 현대/기아자동차, 현대모비스 등."
154286,자동차 부품,73,148882,290120,DH오토리드,2,kosdaq,-1.03,2405,0,0,0,"대유그룹 계열의 자동차 스티어링휠 전문업체. 자동차 조향장치인 스티어링휠(가죽사양 스티어링휠, PU사양 스티어링휠)을 전문으로 생산하고 있으며, 국내 스티어링휠 시장점유율 1위 업체임."
154286,자동차 부품,74,1191,020400,대동금속,2,kosdaq,-1.1,3150,0,0,0,"농기계, 산업기계, 자동차용 주물소재를 생산, 판매하는 업체.자동차 엔진용 실린더 헤드류를 현대자동차에 직접 납품."
154286,자동차 부품,75,1280,025320,시노펙스,2,kosdaq,-1.11,4440,0,0,0,"19년 하반기 현대기아차로부터 SQ(Supplier Quality) 인증을 획득하고, 차량용 터치 모듈과 스위치 센서 등 2종의 전장부품 양산에 돌입."
154286,자동차 부품,76,167311,463480,모티브링크,2,kosdaq,-1.13,4380,0,0,0,"친환경자동차 전동화 부품인 전력변환기의 핵심 부품 트랜스포머, 필터, 인덕터, 리액터 등을 개발 및 양산"
154286,자동차 부품,77,3258,265560,영화테크,2,kosdaq,-1.28,6960,0,0,0,"자동차 전장부품업체. 정션박스(전원분배 및 회로보호)와 전기차 및 이차전지 부품(전압변환,고전류/전압 차단 등) 등을 제조. 국내 자동차 5사와 북미GM 등 글로벌 OEM사에 제품을 공급."
154286,자동차 부품,78,1149,018500,동원금속,1,kospi,-1.29,1382,0,0,0,"자동차 DOOR FRAME류를 비롯한 각종 CHANNEL, IMPACT BEAM, BUMPER BEAM, COWL CROSS MEMBER 등의 자동차 부품을 생산. 현대차, 기아차 및 한국GM과 회사 창립 초기부터 현재에 이르기까지 자동차 설계 단계부터 개발, 생산, A/S에 이르기까지 유기적인 협조체제로 참여중."
154286,자동차 부품,79,997,013720,청보,2,kosdaq,-1.29,458,0,0,0,"자동차 부품 제조전문업체. 차량용 엔진부품 및 미션부품 생산하여 완성차업체에 납품. 주요 매출품목으로는 TAPPET, HOUSING, BEARING JUORNAL, LEVER, CHAMBER 등. 주요 거래처는 현대-기아, 다임러 벤츠, 보그워너, 두산인프라코아, 미쓰비시 푸조 등."
154286,자동차 부품,80,1486,033530,SJG세종,1,kospi,-1.29,6120,0,0,0,차량용 머플러(소음기)와 배기가스정화기 등 자동차 부품 제조업체로 연료전지차량 부품도 생산. 현대차그룹 전기차 배터리팩 협력사 선정 이력.
154286,자동차 부품,81,163075,136410,아셈스,2,kosdaq,-1.36,5080,0,0,0,자동차 천장재용 핫멜트 접착 필름 판매
154286,자동차 부품,82,3060,187270,신화콘텍,2,kosdaq,-1.36,2900,0,0,0,현대기아자동차용 프리미엄 개방형 차량 인포테인먼트 플랫폼(P-OIP) 및 OIP 플랫폼에 적용되는 차세대 디지털 마이크 개발에 참여 중
154286,자동차 부품,83,808,008830,대동기어,2,kosdaq,-1.38,10010,0,0,0,"자동차 및 농기계, 산업기계 등의 동력전달장치용 부품 및 트랜스밋션을 주로 제조/판매하는 업체. 주요 매출처는 대동공업, 한국지엠, 현대차계열 등임."
154286,자동차 부품,84,2573,090080,평화산업,1,kospi,-1.53,838,0,0,0,"자동차 및 일반산업용 전문 부품제조업체. 자동차의 NVH 관련된 방진부품, 호스부품 및 방위산업용 특수차량 부품 등을 생산."
154286,자동차 부품,85,1273,024900,디와이덕양,1,kospi,-1.67,1767,0,0,0,"OEM(주문자생산방식) 납품을 주로 하는 자동차 내장부품(Cockpit Module & Crash Pad, Door Trim 등) 전문 제조업체. 연결대상 종속회사로 북경덕양중차기차영부건유한공사(Crash Pad, Carrier, Console 등을 제조), 중경덕양중차기차영부건유한공사가 있음. 현대차 1차 부품협력업체."
154286,자동차 부품,86,2305,069510,에스텍,2,kosdaq,-1.67,12350,0,0,0,"스피커 및 스피커 관련부품을 포함한 음향기기 제조/판매업체. 동사의 제품은 TV, AUDIO 등의 가전제품과 통신 관련 제품, 자동차 제품에 사용."
154286,자동차 부품,87,167345,474650,링크솔루션,2,kosdaq,-1.67,26450,0,0,0,"3D프린터 제조 및 3D 프린팅 서비스 사업 영위, 현대모비스와 자동차 단종 부품을 생산하는 실증 테스트를 마치고 양산을 시작"
154286,자동차 부품,88,1653,038110,에코플라스틱,2,kosdaq,-1.69,1981,0,0,0,"자동차 내,외장용 플라스틱 부품 및 금형을 제조, 판매하는 사업을 영위. 플라스틱 범퍼, 콘솔, 메인코어 등을 주력생산. 주요 고객은 현대차와 기아차, 현대모비스."
154286,자동차 부품,89,1003,013870,지엠비코리아,1,kospi,-1.72,3990,0,0,0,"자동차부품 제조업체. 주요 제품으로는 엔진 Belt System의 동력전달 용도로 쓰이는 TIB, Auto T/M내의 Valve Body에 조립되는 유압제어부품인 V/Splool, 자동차냉각시스템 적용 제품인 Water-Pump 등이 있음. 주요 납품처로는 현대/기아차를 비롯한 한국GM, 르노삼성, 쌍용차 등의 완성차와 현대파워텍, 현대위아, 만도, 남양공업 등의 Tier1 업체 등이 있음."
154286,자동차 부품,90,3534,298050,HS효성첨단소재,1,kospi,-1.76,156400,0,0,0,"(주)효성에서 산업자재 사업이 인적분할되어 재상장된 업체. 타이어코드 및 Seatbelt용 원사, Airbag용 원단과 자동차용 카페트 등을 생산."
154286,자동차 부품,91,2432,080470,성창오토텍,2,kosdaq,-1.81,2990,0,0,0,"차량용 Cabin Filter (차량용에어컨필터), 클러스터 이오나이저(Cluster Ionizer), 인버터 (Inverter)등과 같은 자동차공조부품 및 전기전장부품 제조 업체."
154286,자동차 부품,92,1944,049630,재영솔루텍,2,kosdaq,-1.87,6810,0,0,0,"자동차 내외장부품, 플라스틱 사출금형(자동차 차체, 전자제품의 본체와 부품)의 제조 및 판매 사업 영위."
154286,자동차 부품,93,639,005490,POSCO홀딩스,1,kospi,-1.87,315500,0,0,0,자동차용 강판 공급
154286,자동차 부품,94,150924,092780,DYP,1,kospi,-1.88,3400,0,0,0,"자동차용 엔진피스톤을 전문적으로 제조하는 업체. 자동차 엔진의 주요 부품인 피스톤과 피스톤 파워셀 모듈을 생산. 국내자동차 회사인 현대자동차, 기아자동차, 두산인프라코어 등에 OEM납품과 AUDI, BMW, FIAT, CHRYSLER 등의 해외완성차업체에 피스톤을 공급중."
154286,자동차 부품,95,1679,038880,아이에이,2,kosdaq,-1.93,2540,0,0,0,"자동차 전장 분야를 중심으로 차량용 반도체 및 모듈, 제어기 사업 영위 부각"
154286,자동차 부품,96,880,010660,화천기계,1,kospi,-1.95,2770,0,0,0,공작기계 및 자동차부품 제조업체. 자동차 엔진용 부품인 실린더블럭을 가공하여 납품중.
154286,자동차 부품,97,1159,018880,한온시스템,1,kospi,-1.99,3695,0,0,0,"국내 최대 자동차 공조제품 전문 제조업체. 주문자 상표부착 생산방식(OEM)으로 자동차용 에어컨(HVAC)과 파워트레인 쿨링(PTC), 압축기(COMP), 플루이드 트랜스포트(FT) 등을 생산하여 현대/기아차에 납품."
154286,자동차 부품,98,1211,021820,세원정공,1,kospi,-2.02,10170,0,0,0,"자동차 차체부품 생산. COWL CROSS MEMBER, DASH PANEL, HEAT PROTECTOR PANEL등 생산"
154286,자동차 부품,99,2717,101330,모베이스,2,kosdaq,-2.06,3320,0,0,0,"주요 종속회사인 모베이스전자는 자동차 부품 등을 현대/기아 등에 공급하고 있음.동사는 종속회사인 Mobase Vietnam, Mobase India, 썬스타, 모베이스전자, 모베이스오토테크, 모베이스오토 등을 통해 사업을 영위하고 있음."
154286,자동차 부품,100,524,003570,SNT다이내믹스,1,kospi,-2.1,35000,0,0,0,"자동화 다단변속기(AMT), 동력전달장치(PTU)등 차량부품을 개발하여 완성차업체 공급중."
154286,자동차 부품,101,1164,019180,티에이치엔,1,kospi,-2.12,5990,0,0,0,"자동차내의 Wire Harness(전기배선장치)를 전문적으로 생산, 공급하는 자동차부품업체. 주요 고객사는 현대차 및 현대모비스 등 현대기아자동차그룹의 자동차 관련 계열사임."
154286,자동차 부품,102,152149,317120,라닉스,2,kosdaq,-2.12,1339,0,0,0,"라닉스가 자체 개발한 고성능 차량용 네트웍 전용 마이크로컨트롤러(MCU)인 ‘Automotive Network MCU Lite’를 기반으로, 중국 베이징의 전장 전문기업 보이헝화테크놀로지유한공사와 차량용 네트워크 MCU 제품화를 위한 협력 체계를 구축"
154286,자동차 부품,103,2884,126600,BGF에코머티리얼즈,2,kosdaq,-2.13,2990,0,0,0,자동차용 고기능성 폴리머 소재 전문업체. 엔지니어링 플라스틱의 하나인 PA(폴리아미드)를 생산. 자동차분야의 고기능성폴리머 제품의 매출비중이 80%이상을 차지.
154286,자동차 부품,104,1119,017370,우신시스템,1,kospi,-2.15,4325,0,0,0,"자동차 차체 자동용접 라인 설비에 대한 제조 및 판매를 주요 사업으로 영위하는 업체. 이외에도 자동차 Door제작과 자동차 안전벨트, 자동차 내장품 등을 제작."
154286,자동차 부품,105,1995,052400,코나아이,2,kosdaq,-2.18,44900,0,0,0,차량용 스마트카드 공급
154286,자동차 부품,106,986,013310,아진산업,2,kosdaq,-2.23,2630,0,0,0,"자동차 차체 보강 패널 등을 개발, 생산하는 자동차 차체부품 업체. 주요 생산품목은 PNL ASSY F/APRON I/O COMPL, RAIL ASSY ROOF FRONT, CTR FLOOR ASSY COMPL, RINNG ASSY SUN ROOF REINF RING, PARTITION ASSY CTR FRT, REINF SIDE OTR 등의 자동차 차체 보강 판넬류임. 주요 매출처는 현대/기아자동차, 한온시스템 등."
154286,자동차 부품,107,555,004020,현대제철,1,kospi,-2.29,27750,0,0,0,현대차·기아 남양연구소 기초소재연구센터와 함께 1.8기가파스칼(GPa) 프리미엄 핫스탬핑강을 개발해 세계 최초로 양산 성공
154286,자동차 부품,108,991,013570,디와이,1,kospi,-2.29,4045,0,0,0,자동차부품사업(자동차용 전장품 등)을 영위하는 디와이오토를 연결대상 주요 종속회사로 보유.
154286,자동차 부품,109,902,011210,현대위아,1,kospi,-2.33,63000,0,0,0,"현대차그룹 계열의 자동차부품업체. 모듈(샤시모듈, 플랫폼모듈, 타이어모듈), 변속기, 등속조인트, 엔진 등 자동차부품 사업을 주력으로 하고 있음."
154286,자동차 부품,110,150918,170030,현대공업,2,kosdaq,-2.36,4765,0,0,0,"자동차 내장재 전문 생산업체. 현대기아차의 주요 협력업체로 자동차 시트패드를 비롯해 암레스트, 헤드레스트 등 자동차 내장재를 전문으로 생산."
154286,자동차 부품,111,150900,007340,DN오토모티브,1,kospi,-2.4,36600,0,0,0,지배회사는 자동차용 부속품 및 축전지를 생산하는 단일 사업을 영위하는 구조로 종속회사 디티알을 통해 자동차용 방진제품(자동차부품) 사업 등을 영위
154286,자동차 부품,112,167269,336680,탑런토탈솔루션,2,kosdaq,-2.53,2700,0,0,0,"계기판·헤드업 디스플레이(운전석 전면 유리창에 정보를 투사하는 디스플레이) 외에 센터 인포메이션 디스플레이(CID), 조수석 디스플레이, 백미러 디스플레이 등 신제품 생산"
154286,자동차 부품,113,3205,234100,폴라리스세원,2,kosdaq,-2.56,2475,0,0,0,"자동차 공조장치 관련 부품 등을 주로 생산하는 업체로 코넥스시장에서 코스닥시장으로 이전 상장. 주요 제품으로 Header Condenser, Evaporator, Radiator Cap, Pipe 등 공조제품과 기타 Press류 등이 있음. 국내 주요 거래처로는 한온시스템(주), DENSO 등이 있으며, 국외 수출 거래선으로는 BOSCH, GATES 등이 있음."
154286,자동차 부품,114,1286,025540,한국단자,1,kospi,-2.57,68200,0,0,0,자동차용 초정밀 커넥터 등을 생산하는 종합 부품제조업체.
154286,자동차 부품,115,818,009140,경인전자,1,kospi,-2.58,22650,0,0,0,"자동차용 스위치, TMS(온도조절장치) 공급"
154286,자동차 부품,116,1773,041930,SY동아,2,kosdaq,-2.61,4485,0,0,0,"Air Intake Hose(AIR 통로 및 연료공급기능 용도), GASKET(엔진오일 누유 방지용) 등의 자동차용 고무부품을 현대기아차, 한국GM, 쌍용차 등에 공급."
154286,자동차 부품,117,3106,204320,HL만도,1,kospi,-2.62,48400,0,0,0,"제동, 조향, 현가장치 등을 개발/생산하는 글로벌 자동차 부품 제조 업체. 샤시부품(ABS, ESC, 조향장치 등)과 전자조향장치(EPS), 차선변경 안전시스템(LKAS), 자동주차시스템(SPAS) 등 전장부품을 개발/생산."
154286,자동차 부품,118,472,002810,삼영무역,1,kospi,-2.63,19250,0,0,0,
154286,자동차 부품,119,990,013520,화승코퍼레이션,1,kospi,-2.63,2590,0,0,0,"화승그룹 계열의 자동차용 고무제품 전문 제조업체. 주요 제품으로 Sealing Products(누수방지용 고무)와 Fluid Products(연료, 각종 Oil, 물 등을 수송하는 Hose류) 등이 있음."
154286,자동차 부품,120,318,000430,대원강업,1,kospi,-2.68,4000,0,0,0,"각종 차량 및 산업용 스프링, 차량용 시트 전문생산업체."
154286,자동차 부품,121,559,004100,태양금속,1,kospi,-2.69,2355,0,0,0,"자동차 및 기계, 전기, 전자부품용 단조제품 제조업체. 자동차용 및 전자부품용 냉간단조제품(볼트, 스크류 등)과 와샤, 너트, 강구, 냉간단조용 선재류(선재가공품) 등을 생산, 판매."
154286,자동차 부품,122,3091,196700,웹스,2,kosdaq,-2.69,1012,0,0,0,"고분자 신소재 개발기술을 바탕으로 자동차 내장재용, 건축용 및 레저용 등 다양한 고부가 신소재를 제조, 판매하는 업체. 특히, 자동차용 Interior 및 Encapsulation 내장재 시장에서 과점적인 지위 확보."
154286,자동차 부품,123,3131,212560,네오오토,2,kosdaq,-2.76,10910,0,0,0,"자동차 변속기의 핵심 부품인 피니언 기어, 디프 어셈블리, 대형 기어 등 기어류 부품을 생산하는 업체."
154286,자동차 부품,124,3246,263600,덕우전자,2,kosdaq,-2.76,3350,0,0,0,"CCM(초소형 카메라모듈)에 장착되는 소형 프레스부품 및 자동차부품 생산, 판매업체. 자동차용 전장부품 제품에는 ABS Motor용, EPS Motor 용 부품, 전기자동차 배터리 커버, 차량용 카메라모듈 부품 등이 있음."
154286,자동차 부품,125,1061,015750,성우하이텍,2,kosdaq,-2.77,5960,0,0,0,"범퍼 레일(Bumper rail), 사이드 멤버(Side member), DASH LWR, FENDER APRON 등을 생산하는 전문 자동차 부품 업체. 주요 매출처로 현대차, 기아차, 한국GM 등."
154286,자동차 부품,126,2899,130500,GH신소재,2,kosdaq,-2.82,1825,0,0,0,"국내 자동차 내장재용 부직포시장에서 단일공장 규모 1위 업체. 일반 산업용 부직포 및 자동차 내장용 부품에 적용되는 부직포 원단과 PU(Polyurethane) Foam 제품을 생산, 공급."
154286,자동차 부품,127,1271,024880,케이피에프,2,kosdaq,-2.82,3790,0,0,0,베어링부품 등 자동차용 단조부품을 생산.
154286,자동차 부품,128,1743,040610,SG&G,2,kosdaq,-2.84,3250,0,0,0,"GM KOREA에 자동차 시트완성품을 납품하고 있는 ㈜KM&I로부터 일부 차종에 대한 자동차 시트 기능품인 RECLINER, REAR SEAT BACK PANEL 등을 수주 받아 용접/조립/생산/납품중."
154286,자동차 부품,129,743,007530,와이엠,2,kosdaq,-2.99,1950,0,0,0,단조부품 전문 생산업체로 자동차용 볼트 및 스크류 제품 생산.
154286,자동차 부품,130,2392,078590,휴림에이텍,2,kosdaq,-3,2100,0,0,0,자동차 내장 카페트 생산.
154286,자동차 부품,131,763,007860,서연,1,kospi,-3.09,7840,0,0,0,"자동차부품을 생산하는 서연이화, 서연탑메탈 지주회사. 서연이화는 자동차용 내장제품 및 SEAT 생산.. 서연탑메탈은 자동차용 금형사업 영위."
154286,자동차 부품,132,435,002230,피에스텍,2,kosdaq,-3.13,4645,0,0,0,"FAN모터, Wiper모터 등 자동차용 소형모터 제조."
154286,자동차 부품,133,2199,064960,SNT모티브,1,kospi,-3.14,26200,0,0,0,"S&T그룹 계열의 자동차부품 제조업체. 샤시, 전장품, 에어백, 엔진부품, 하이브리드용을 비롯한 각종 모터 등 자동차용 부품과 복합형소총 등 방위산업제품을 개발, 생산중. 한국GM을 비롯한 GM그룹뿐만 아니라 현대모비스, PSA CITROEN, MAGNA Powertrain, JCI 등에 부품을 납품중."
154286,자동차 부품,134,3220,241690,유니테크노,2,kosdaq,-3.14,2620,0,0,0,"자동차부품 제조업체. 차량의 엔진(Engine) 및 파워트레인(Power train)에 사용되는 기어 및 흡기용 밸브 및 배관류 등의 플라스틱 사출 부품 제작. 또한, 차량의 윈도우 및 와이퍼용 모터부품, ABS(Anti-Brake System)용 모터 부분품 및 조립, Mission용 모터 부분품 및 조립, EPS(전자식 스티어링 휠)용 모터부품 및 조립 등 차량의 구동 및 전장품에 사용되는 다양한 모터류의 부품 및 조립 사업 영위."
154286,자동차 부품,135,3465,036170,에이치엠넥스,2,kosdaq,-3.16,2910,0,0,0,"차량 및 조명용 LED 패키지 생산 전문업체.LED사업부문의 주력 제품인 자동차용 LED는 현재 현대자동차 및 기아자동차에서 생산하는 차량의 전장품의 조명제품으로 사용중. 주요 고객은 현대모비스, 덴소코리아, 세바, 동국실업, 한국알프스, 삼익전자 등."
154286,자동차 부품,136,2543,088290,이원컴포텍,2,kosdaq,-3.28,2505,0,0,0,"자동차용 시트(에어 서스펜션 시트, 스프링 서스펜션 시트, 일반 고정형 시트 등)와 내장제품(선반, 햇빛 가리개, 흡음재 등)을 전문적으로 생산하는 자동차부품 업체. 주요 매출처로 현대/기아차, 현대모비스 등이 있음."
154286,자동차 부품,137,2853,122690,서진오토모티브,2,kosdaq,-3.28,1651,0,0,0,"차량용 구동품(Clutch, Auto Parts 등)을 주력으로 생산하는 자동차 부품업체. 현대차, 기아차, 현대모비스 등 다양한 고객사를 보유."
154286,자동차 부품,138,660,005850,에스엘,1,kospi,-3.33,58000,0,0,0,"자동차 부품 중 전조등(램프) 및 샤시부품 생산업체. 현대차, 기아차, 한국GM 등 국내 자동차 메이커에 납품 중. 2009년 현대자동차 에쿠스 리무진에 국내 최초로 LED Head Lamp가 장착 되었으며, AVM(어라운드 뷰 모니터링 시스템), HUD(전방표시장치), 차량용 무선충전기의 개발을 통해 사업영역을 확대중."
154286,자동차 부품,139,3139,214330,금호에이치티,1,kospi,-3.4,2555,0,0,0,"자동차용 조명 전문 제조 업체. 조명의 광원에 따라 LED모듈 사업부 및 백열전구(BULB) 사업부로 구분지어 사업을 영위중이며, 차량 전면/후면 조명장치, 계기판, 실내등 등 자동차에 사용되는 전 부문의 조명을 생산중."
154286,자동차 부품,140,167174,417200,LS머트리얼즈,2,kosdaq,-3.4,13080,0,0,0,"자동차 부품 관련 소재 생산. Profile, 차량용 PA12 코팅튜브 공급."
154286,자동차 부품,141,3100,200880,서연이화,1,kospi,-3.43,10980,0,0,0,"자동차용 내장제품 및 SEAT 전문생산업체. 주요 생산품은 자동차용 DOOR TRIM, 소형상용차 SEAT 등. 현대/기아차의 부품 협력업체로 생산품의 대부분을 현대/기아차에 공급."
154286,자동차 부품,142,165609,424980,마이크로투나노,2,kosdaq,-3.47,6680,0,0,0,"자동차 pressure sensor, 자동차의 ABS, ESC, TCS 시스템 작동을 위해 브레이크에 가해지는 압력을 가해지는 반도체칩 생산"
154286,자동차 부품,143,164708,198940,한주라이트메탈,2,kosdaq,-3.63,1485,0,0,0,"베터리 케이스, 모터 하우징등의 전기차 부품 생산"
154286,자동차 부품,144,2214,065500,오리엔트정공,2,kosdaq,-3.71,1142,0,0,0,"자동차부품 전문생산업체. 자동차 수동변속기의 핵심부품인 티엠컨트롤하우징앗세이, 리테이너베어링등과 자동화된 수동변속기인 DCT-7(Dual Clutch Transmission) Central Plate, 엔진부품인 캡앗세이캠샤프트베어링, 하우징서모스탯 등을 생산해 현대자동차, 기아자동차 등 국내자동차 메이커에 공급."
154286,자동차 부품,145,167198,199430,케이엔알시스템,2,kosdaq,-3.73,10850,0,0,0,자동차에 사용되는 제품 및 부품의 테스트 장비 사업과 이를 활용해 전문적인 시험 평가를 진행하는 데이터 납품 서비스 사업 영위
154286,자동차 부품,146,1266,024830,세원물산,2,kosdaq,-3.86,8960,0,0,0,"자동차 차체 보강판넬류(REAR FLOOR COMPL, FENDER APRON, MBR FRONT SIDE, SIDE INR, REF ASSY SID-OTR, DASH PANEL 등) 생산 업체. 차체 보강판넬류는 차체의 형상을 구성하며 차량의 고속주행시 방진, 방음기능을 수행하고 차량 충돌시에는 탑승자에게 충격전달을 최소화하는 역할을 수행. 주요 매출처는 현대자동차, 현대모비스, 현대글로비스, 기아자동차 등이며, 총제품 매출에서 현대자동차가 대부분을 차지.최대주주는 ㈜에스엠티 외(77.97%)"
154286,자동차 부품,147,949,012330,현대모비스,1,kospi,-3.88,495000,0,0,0,"현대자동차 그룹의 국내 최대 자동차부품 제조 및 판매업체. 자동차 3대 핵심모듈인 샤시모듈, 칵핏모듈, 프론트엔드모듈 등을 생산하여 현대, 기아차에 직서열 공급하는 모듈 및 부품제조사업과 국내외에서 운행 중인 모든 현대, 기아차에 소요되는 보수용 부품의 공급을 책임지고 있는 A/S용 부품사업을 영위."
154286,자동차 부품,148,155478,307180,아이엘,2,kosdaq,-3.97,4350,0,0,0,"자동차 헤드램프, 실내조명용 실리콘 렌즈 공급."
154286,자동차 부품,149,1982,051910,LG화학,1,kospi,-3.98,265500,0,0,0,차량 선루프용 투명도 조절 필름(SGF) 시장에 진출하며 전장 소재 사업 확장.  자동차 선루프 시스템 분야 글로벌 리더 기업인 독일 베바스토와 SGF 수주계약을 체결
154286,자동차 부품,150,2830,119500,포메탈,2,kosdaq,-4.04,2495,0,0,0,"종합단조정밀기계부품 생산 업체. 자동차부품용 스핀들, 너클, 요크, Arm, 커넥팅로드, 캠샤프트 등을 생산."
154286,자동차 부품,151,2760,105550,엣지파운드리,2,kosdaq,-4.04,404,0,0,0,"자동차 운행에 있어 필수적으로 적용되는 엑셀, 브레이크 및 엔진에 적용되는 센서(IR SENSOR, APS, BPS, TPS 등) 및 액츄에이터(OCV 등)를 개발, 제조 및 공급하는 업체."
154286,자동차 부품,152,159101,009900,명신산업,1,kospi,-4.39,7400,0,0,0,"핫스탬핑 공법을 활용한 자동차용 차체 부품의 제조 및 판매를 주요사업으로 영위하는 업체. 국내에서는 1차 협력업체 엠에스오토텍(최대주주) 등 차체 제작업체에 납품하고, 1차 협력업체는 별도의 생산작업을 거쳐 최종으로 현대/기아자동차에 납품. 해외에서는 종속법인인 심원테크와 심원USA를 거쳐 글로벌 전기자동차 고객사(테슬라 등)에 납품."
154286,자동차 부품,153,163227,396300,세아메카닉스,2,kosdaq,-4.43,3130,0,0,0,자동차 부품인 다이캐스팅 제품 생산
154286,자동차 부품,154,1472,033250,체시스,1,kospi,-4.7,3345,0,0,0,"AXLE, CROSS MEMBER, ARM 등의 자동차부품 전문 제조업체."
154286,자동차 부품,155,895,011070,LG이노텍,1,kospi,-4.8,814000,0,0,0,"조향용 모터, 제동용 모터(ABS/ESC/AEB), 파워트레인/현가 장치용 모터 등의 자동차 부품 생산."
154286,자동차 부품,156,2608,092200,디아이씨,1,kospi,-4.82,4340,0,0,0,"동력 전달장치의 핵심 부품인 Gear & Shaft를 전문적으로 생산하는 국내 최고의 Gear 생산업체. 자동차부품이 매출액의 80% 이상를 차지하며, 현대차, 한국GM, 기아차가 주요 매출처."
154286,자동차 부품,157,161758,357580,아모센스,2,kosdaq,-4.94,6160,0,0,0,자동차용 LED 해드램프용 기판 등 생산.
154286,자동차 부품,158,882,010690,화신,1,kospi,-5.19,8960,0,0,0,"자동차 섀시 및 차체의 각종부품 제조업체. 차의 양쪽 WHEEL을 고정시켜주는 Arm류, ARM을 고정시켜주는 Member류, 차량의 후륜에 장착되는 CTBA, 기타 Link류와 Press 성형제품 등을 주요제품으로 생산."
154286,자동차 부품,159,167294,177900,쓰리에이로직스,2,kosdaq,-5.2,4285,0,0,0,"국내에서 NFC 태그와 리더칩을 유일하게 상용화하였으며 자동차용 NFC 리더칩 분야에서 ‘AEC-Q100’과 NFC포럼의 ‘디지털키2.0’ 인증을 획득, 주요 완성차 업체에 공급"
154286,자동차 부품,160,973,012860,모베이스전자,2,kosdaq,-5.41,2360,0,0,0,"자동차 전장품 전문업체. 자동차용 스마트키 시스템, Car Lock Set, 파워윈도우 스위치, 멀티펑션 스위치, 전자UNIT 등을 비롯하여 기타 여러가지 자동차용 스위치류 및 마그네슘 다이캐스팅용 부품을 생산, 공급 중."
154286,자동차 부품,161,165958,354320,알멕,2,kosdaq,-5.48,27600,0,0,0,알루미늄을 활용해 전기자동차용 배터리부품 사업을 주사업으로 영위
154286,자동차 부품,162,943,012200,계양전기,1,kospi,-5.89,4470,0,0,0,"전동공구, 농업용 소형엔진, 산업용구(에어공구, 절삭공구, 측정공구, 용접기 등) 등의 산업용품사업과 자동차용 모터 등의 전장품사업을 영위. 현대/기아자동차 중형 이상 차종 대부분에 Seat용 모터를 납품중."
154286,자동차 부품,163,2801,113810,디젠스,2,kosdaq,-6.06,465,0,0,0,소음기(Muffler)를 주로 생산하는 자동차부품 제조업체. 주요 매출처는 한국GM.
154286,자동차 부품,164,160507,333430,일승,2,kosdaq,-6.31,3190,0,0,0,차량용 기능성 보호필름 등 생산.
154286,자동차 부품,165,2727,101930,인화정공,2,kosdaq,-6.33,6960,0,0,0,"11년11월 대연정공을 인수해 자동차부품사업도 영위하고 있으며, 현대위아, 현대다이모스 등에 케이지(CAGE) 및 베벨기어(GEAR)류 등을 공급."
154286,자동차 부품,166,167327,448900,한국피아이엠,2,kosdaq,-6.34,50200,0,0,0,"MIM 기술을 기반으로 자동차, 정보기술(IT), 자율주행 등 다양한 산업에 적용되는 제품을 공급 중"
154286,자동차 부품,167,2885,126640,화신정공,2,kosdaq,-7.1,3665,0,0,0,"자동차부품업체인 화신의 핵심 계열사로 자동차 조향장치의 주요 구성품인 샤시류, 정밀가공부품, 보수용부품 등을 생산 하고 있음. 주요 매출처는 현대모비스 등 부품업체와 현대차 등 완성차 업체임."
154286,자동차 부품,168,907,011330,유니켐,1,kospi,-7.93,3310,0,0,0,자동차 시트 등에 필요한 피혁원단을 제조해 판매하는 피혁 전문 제조기업
154286,자동차 부품,169,479,002880,디와이에이,1,kospi,-8.79,841,0,0,0,"자동차부품사업(자동차용 시트 등) 영위. 광주SEAT사업부에서는 기아자동차 광주사업장에 독점공급. 화성SEAT사업부에서는 코란도 및 렉스턴, K9 RrSEAT(KH)를 각각 기아자동차 및 쌍용차에 공급."
154286,자동차 부품,170,2757,105330,케이엔더블유,2,kosdaq,-9.73,6400,0,0,0,자동차내장부품에 사용되는 제품 제조
154286,자동차 부품,171,819,009150,삼성전기,1,kospi,-9.85,1648000,0,0,0,차량용 카메라모듈 공급.
154286,자동차 부품,172,706,006660,삼성공조,1,kospi,-10.15,9650,0,0,0,"자동차부품업체. 라디에터, 오일쿨러 등 냉각기 계통 자동차 부품과 변속기 등을 생산하여 국내 자동차, 중장비, 농기계 제조업체와 A/S업체 등에 OEM 방식으로 직접 공급하고 있으며, 일부는 미국, 유럽, 동남아 등 해외시장으로도 직수출."
154286,자동차 부품,173,167205,437730,삼현,2,kosdaq,-10.27,33200,0,0,0,"자동차 모터와 제어기, 감속기를 하나로 통합한 전장 부품이 주력 사업으로 스마트 액추에이터와 스마트 파워유닛 등을 보유"
154286,자동차 부품,174,2514,085910,네오티스,2,kosdaq,-11.24,15090,0,0,0,"자동차에 사용되는 모터용 샤프트 생산/판매사업 등을 영위. Motor Shaft는 자동차용 파워 윈도우 모터의 기어 축이며, 대부분이 유럽 자동차에 장착되는 모터축. 주고객은 완성차 회사의 1차 부품 공급업체(Vendor)인 어셈블리 메이커."
154286,자동차 부품,175,166048,274400,이노시뮬레이션,2,kosdaq,-13.49,2180,0,0,0,XR기반 국내 최초 자동차 시뮬레이터 개발 성공
154286,자동차 부품,176,1267,024840,KBI메탈,2,kosdaq,-16.97,4525,0,0,0,"자동차 전장사업(모터 및 트랜스포머용 CORE, 중대형 상용차 및 장비용 ALTERNATOR와 STARTER 등) 영위."
165004,AI반도체,1,163417,399720,가온칩스,2,kosdaq,17.95,48950,0,0,0,삼성 파운드리 이용 팹리스의 87% 고객사
165004,AI반도체,2,1872,045970,코아시아,2,kosdaq,4.49,2910,0,0,0,美 고객사와 ADAS용 5나노 반도체 개발 이력 보유
165004,AI반도체,3,158770,330860,네패스아크,2,kosdaq,0.92,32950,0,0,0,네패스 퓨처인텔리전스사업부에서 개발한 칩을 기반으로 뉴로모픽 인공지능칩 테스트 개발 완료
165004,AI반도체,4,1802,043100,알파AI,2,kosdaq,0,520,0,0,0,"과기부 딥테크 벨리 육성사업 공동 개발기업 선정, 광주형 AI 반도체 칩과 솔루션을 적용해 제품화하는 시스템을 구축하는 것이 목표"
165004,AI반도체,5,2808,114450,그린생명과학,2,kosdaq,-0.05,1863,0,0,0,AI 반도체 소재 공급 계약
165004,AI반도체,6,163572,323280,태성,2,kosdaq,-0.39,38350,0,0,0,AI 반도체에 필수적인 FC-BGA 생산 및 플립칩 생산시설 증축
165004,AI반도체,7,165358,389020,자람테크놀로지,2,kosdaq,-1.75,22450,0,0,0,차세대지능형반도체 기술개발사업 국책과제로 설계 부문을 맡아 한국전자기술연구원(KETI)과 디바이스용 인공지능(AI) 칩을 개발
165004,AI반도체,8,2825,117670,알파칩스,2,kosdaq,-1.85,9000,0,0,0,'국방 AI 반도체' 국산화 진행
165004,AI반도체,9,152468,336370,솔루스첨단소재,1,kospi,-1.86,7900,0,0,0,복수의 북미 GPU 기업으로부터 차세대 AI 가속기에 탑재될 '초극저조도' 동박에 대한 제품 공급 승인
165004,AI반도체,10,167143,445090,에이직랜드,2,kosdaq,-1.91,19050,0,0,0,인공지능(AI) 반도체 설계기업 디퍼아이는 글로벌 반도체 제조사 TSMC를 통해 자체 개발한 엣지형 AI 반도체칩 'Tachy-BS402'의 양산. 디퍼아이는 한국의 TSMC 디자인 하우스 에이직랜드와 협력해 백엔드 설계를 진행.
165004,AI반도체,11,167401,490470,세미파이브,2,kosdaq,-2.03,19350,0,0,0,ASIC란 특정 응용에 초점을 맞춰 성능과 전력 효율을 극대화한 반도체로 최근 AI 전용 반도체 수요가 폭발
165004,AI반도체,12,152406,300120,라온피플,2,kosdaq,-2.22,485,0,0,0,자회사 라온로드가 정부주관 NPU기반 차세대 AI 반도체 개발 프로젝트 수주
165004,AI반도체,13,152677,254120,자비스,2,kosdaq,-2.32,800,0,0,0,AI 반도체 검사 장비 개발
165004,AI반도체,14,1711,039440,에스티아이,2,kosdaq,-2.63,25950,0,0,0,차세대 D램으로 불리는 HBM용 플럭스 리플로우 장비 수주
165004,AI반도체,15,3096,200470,에이팩트,2,kosdaq,-3.38,5720,0,0,0,"네이버, 삼성전자와 함께 개발한 인공지능(AI) 반도체를 공개, 에이팩트가 개발 및 양산한 LLPDR 부각"
165004,AI반도체,16,164111,405100,큐알티,2,kosdaq,-3.42,11000,0,0,0,AI 반도체 전문 팹리스(반도체 설계전문) 리벨리온과 MOU 체결
165004,AI반도체,17,163825,394280,오픈엣지테크놀로지,2,kosdaq,-3.62,10920,0,0,0,세계 유일의 통합 AI 반도체 설계자산 IP 플랫폼을 보유한 시스템 반도체 IP 전문업체
165004,AI반도체,18,163576,396270,넥스트칩,2,kosdaq,-4.23,2265,0,0,0,AI 기반 ADAS칩 '아파치5' 양산준비 완료. 최종 시제품 개발 완료
165004,AI반도체,19,166285,438700,버넥트,2,kosdaq,-4.37,1817,0,0,0,국내 AI(인공지능) 반도체 설계·제조 기술과 AI 솔루션을 해외에서 검증할 수 있도록 지원하는 'AI 반도체 해외 실증 지원사업'에 참여
165004,AI반도체,20,3546,289080,SV인베스트먼트,2,kosdaq,-4.39,1830,0,0,0,투자사인 인공지능(AI) 반도체 스타트업 리벨리온이 삼성전자와 차세대 AI칩 리벨(Rebel)의 공동개발에 나섬
165004,AI반도체,21,166290,172670,에이엘티,2,kosdaq,-4.73,9070,0,0,0,"AI 구현에 필요한 이미지센서, 파워IC 등 고난이도 제품의 테스트 및 패키징 사업 영위"
165004,AI반도체,22,167294,177900,쓰리에이로직스,2,kosdaq,-5.2,4285,0,0,0,국내에서 유일하게 'LPDDR5 5G IoT 솔루션'을 제공. 더불어 삼성전자와 SK하이닉스가 출자한 펀드인 퀀텀ㆍ코리아오메가 4차산업 핵심기술펀드가 쓰리에이로직스의 지분 7.14%를 보유
165004,AI반도체,23,167161,452160,제이엔비,2,kosdaq,-5.21,3365,0,0,0,유회준 카이스트 인공지능 반도체 대학원 교수 연구팀과 카이스트 PIM 반도체 연구센터가 400㎽(밀리와트) 초저전력을 소모하면서 0.4초 만에 거대언어모델(LLM)을 처리할 수 있는 AI 반도체 ‘상보형-트랜스포머’를 세계 최초로 개발. 제이엔비는 삼성전자의 28나노 공정 IT 기기용 전력반도체와 통신반도체를 생산하는 미국 텍사스 오스틴시 반도체 공장에 적용될 스태커 시스템의 설계 및 제조도 완료
165004,AI반도체,24,2876,123860,아나패스,2,kosdaq,-5.5,14270,0,0,0,인텔의 인공지능(AI) PC IHV(Intel Hardware Vendor) 파트너로 공식 인증. 인텔의 AI PC IHV 파트너로 등재됨에 따라 더욱 안정적이고 고성능의 AI PC용 TCON(디스플레이의 핵심반도체)을 공급.
165004,AI반도체,25,164784,254490,미래반도체,2,kosdaq,-5.65,16370,0,0,0,"삼성전자 HBM 수요 증가에 따라 삼성전자의 메모리, 비메모리 반도체 유통 전문업체 부각"
165004,AI반도체,26,159546,353200,대덕전자,1,kospi,-5.89,116700,0,0,0,인공지능(AI) 반도체와 서버 시장을 겨냥해 현재 생산중인 플립칩(FC)-볼그리드어레이(BGA) 제품보다 2배 큰 제품을 개발
165004,AI반도체,27,1794,042700,한미반도체,1,kospi,-7.06,210500,0,0,0,고대역폭메모리(HBM) 증설에 필요한 TC본더 장비를 제조하여 AI 반도체 성장에 동반 수혜
165004,AI반도체,28,164254,168360,펨트론,2,kosdaq,-9.8,16010,0,0,0,반도체 검사장비 개발 및 공급. AI 컴퓨팅 플랫폼을 구축한 화웨이에 반도체 검사장비 납품 중.
165004,AI반도체,29,1434,032580,피델릭스,2,kosdaq,-12.52,4890,0,0,0,
165004,AI반도체,30,163547,412350,레이저쎌,2,kosdaq,-26,4240,0,0,0,구글·애플·아마존 AI 반도체 직접 개발 경쟁..세계유일 면레이저 광학기술 보유 부각
150781,원자력,1,3232,250060,모비스,2,kosdaq,4.14,2765,0,0,0,"가속기 사업(LLRF, SSA, Undulator, SMC 등), 핵융합 사업(CFS, CIS, MCS-CPSS 등), 머신러닝 사업(지능형 제어솔루션 등) 등을 주요 사업으로 영위."
150781,원자력,2,1838,044490,태웅,2,kosdaq,2.17,28300,0,0,0,원자력발전 주기기에 소요되는 단조품을 생산.
150781,원자력,3,2668,096690,에이루트,2,kosdaq,1.7,5390,0,0,0,"관계사 우진기전, 아랍에미리트(UAE) 원전 프로젝트 참여 경험 보유"
150781,원자력,4,691,006360,GS건설,1,kospi,0.98,30900,0,0,0,"삼성물산, 대우건설과 함께 신월성원자력 1, 2호기 건설에 참여하여 원자력 사업에 진출. 현대건설, SK건설과 신울진원자력 1, 2호기 건설을 추가로 수주."
150781,원자력,5,2421,079980,휴비스,1,kospi,0.91,1887,0,0,0,티에스케이코퍼레이션 지분 보유. 티에스케이코퍼레이션은 원전 수처리 기술을 보유한 휴비스워터 지분 보유 중.
150781,원자력,6,3059,187220,디티앤씨,2,kosdaq,0.8,2510,0,0,0,"시험인증 사업을 전문적으로 하는 기업으로 원전용 기기 및 부품에 대한 성능검증기관 인증을 획득했으며, UAE에 수출한 원전에 기계장치 검증을 수주한 바 있음."
150781,원자력,7,167325,101970,우양에이치씨,2,kosdaq,0.74,10890,0,0,0,한국수력원자력의 유자격 공급자로 등록되며 원자력 플랜트 및 소형모듈원자로(SMR) 시장 진출의 기반을 마련
150781,원자력,8,2742,103230,에스앤더블류,2,kosdaq,0.55,2730,0,0,0,"선박엔진 부품 및 산업부품(산업볼트), 단조품 생산/판매 업체. 두산중공업 등에 볼트, 스크류 등을 공급. 신고리/월성/울진/영광원자력 발전소 등에 사용되는 원자력 ASME SEC3 볼트류를 공급."
150781,원자력,9,162606,376180,피코그램,2,kosdaq,0.35,1438,0,0,0,국책과제로 ‘방사선융합기술’ 사업 진행이력 보유. 방사선기술 기반 세슘 정화용 필터 개발
150781,원자력,10,1975,051600,한전KPS,1,kospi,0.33,45500,0,0,0,"한국전력공사 계열의 발전설비 정비 전문업체. 국내 발전설비정비 선도기업으로서 전력설비정비(화력, 원자력/양수, 송변전, 대외, 해외) 이와 관련되는 기술개발 및 신재생에너지 사업 등을 영위."
150781,원자력,11,1585,036640,HRS,2,kosdaq,0.32,4635,0,0,0,원자력 발전소에 사용되는 실리콘 방화제 생산업체. 10년7월 유럽의 힐티(HILTI)사와의 원자력발전소용 방화제 판매 독점권부여 계약을 체결한 바 있음.
150781,원자력,12,1108,017040,광명전기,1,kospi,0,932,0,0,0,"수배전반 및 배전제어장치, 가스절연개폐장치(GIS) 등을 생산, 판매하는 업체로 원자력 발전소에 수배전관을 납품."
150781,원자력,13,1562,036190,금화피에스시,2,kosdaq,-0.15,32250,0,0,0,"원자력발전소 건설공사 중 핵심 부분인 원자로 건설공사 시공 경험을 보유. 원자로, 증기발생기, 터빈, 발전기 등을 설치. 신월성 1, 2호 주설비공사를 수행."
150781,원자력,14,2649,095190,신화프리텍,2,kosdaq,-0.25,2010,0,0,0,"원자력, 수력, 화력발전소 등의 스팀터빈분야에 ""고압및 저압용 Valve A'ssy"" 와 ""Front standard"" Rotor a'ssy""등 주요 핵심부품을 국산화개발/납품 진행."
150781,원자력,15,1648,038010,제일테크노스,2,kosdaq,-0.51,5900,0,0,0,원자력 발전소 핵심설비 공급
150781,원자력,16,166111,282720,금양그린파워,2,kosdaq,-0.55,7200,0,0,0,소형모듈원자로 협의체 참여
150781,원자력,17,1895,047050,포스코인터내셔널,1,kospi,-0.6,49700,0,0,0,한국원자력연구원과 SMR·선진원자로 핵연료 협력
150781,원자력,18,712,006890,태경케미컬,1,kospi,-0.71,5620,0,0,0,원자력발전 유지보수 필수기술인 드라이아이스 세척장비 제조 및 판매업 추가 예정.
150781,원자력,19,3086,195990,루트K,2,kosdaq,-0.72,691,0,0,0,"원전해체산업기술연구조합(NDIRA) 조합사. 원자력발전소 안전성 평가 및 방사성폐기물 처리, 처분 분야 전문기업 액트 인수."
150781,원자력,20,302,000210,DL,1,kospi,-0.98,45250,0,0,0,"원전 시공 기술을 보유하고 있는 몇 안 되는 국내 건설사중 하나. 영광원자력 5, 6호기의 주설비공사를 진행하였으며, 영광원전 온배수 저감시설, 고리원전 소내정전 대처설비공사도 준공. 또한, 울진 1, 2호기 증기발생기 교체(SGR)사업에서 시공자로 선정된바 있으며, 현대건설, SK건설과 신고리원자력 1, 2호기 주설비 공사에 참여."
150781,원자력,21,3527,215090,솔디펜스,2,kosdaq,-1.07,1385,0,0,0,"방산분야 전자/제어 전문업체로 민수부분에서 원자력 발전용 터빈발전기 제어분야 부품들을 개발, 생산. 다만, 원자력 매출 비중은 미미."
150781,원자력,22,384,001430,세아베스틸지주,1,kospi,-1.08,32100,0,0,0,사용후핵연료 운반저장용기 공급. 사용후핵연료처리장치인 CASK 수주 확보 이력 보유. 국내 사용후핵연료 건식저장 사업 협력'에대한 3자 MOU채결로 발주 시 우선순위 예상
150781,원자력,23,165617,298830,슈어소프트테크,2,kosdaq,-1.08,4125,0,0,0,"한국형 원자로 계측제어시스템의 시험 검증 수행. IEEE 1012, KINAC/RS-015 표준을 준수하는 소프트웨어 검증 및 사이버보안 서비스에서 높은 전문성을 축적. 한국형 원자로 제어 시스템에 대한 검증에 참여, 소형모듈원전에 대한 검증을 시작했고 미국 뉴스케일이 만드는 소형모듈원전 검증 사업에 참여"
150781,원자력,24,2442,081150,티플랙스,2,kosdaq,-1.09,2730,0,0,0,원자력발전소 밸브장치용 스테인리스 환봉 공급.
150781,원자력,25,2952,140520,대창스틸,2,kosdaq,-1.42,1949,0,0,0,원자력발전소용 이중바닥재 독점 스팩보유로 국내원전뿐아니라 해외 한국형원자력발전소 수주현장에 적용되어 수출진행중.
150781,원자력,26,977,013030,하이록코리아,2,kosdaq,-1.43,31000,0,0,0,계장용 관 이음쇠(Fitting) 및 밸브(Valve) 등을 제조 및 판매하는 업체. 한국전력으로부터 원자력발전소용 초정밀 Fitting(관이음쇠)제품의 제조승인을 획득해 다수의 원자력발전소에 제품을 공급.
150781,원자력,27,1227,023160,태광,2,kosdaq,-1.88,23550,0,0,0,원자력발전소용 Fitting(관이음쇠)제품 공급.
150781,원자력,28,3210,237750,피앤씨테크,2,kosdaq,-2.25,3915,0,0,0,원자력 관련 부품인 계전ㆍ계측기기 납품
150781,원자력,29,2763,105740,디케이락,2,kosdaq,-2.33,6700,0,0,0,"계장용 피팅 및 밸브 제조업체. 계장용 피팅 및 밸브는 조선, 해양 플랜트, 원자력, 화력, 수력 발전설비, 반도체, CNG 및 수소용 자동차 산업, 해외 정유시설의 대형 플랜트 등에 주로 사용. 국내 최초로 ASME(미국 기계기술자협회)로부터 원자력 발전주기자재 제작인증서인 ""N""과 부품 생산 자격인 ""NPT"" 획득."
150781,원자력,30,1783,042370,비츠로테크,2,kosdaq,-2.33,8790,0,0,0,"차단기 및 개폐기 수배전반 제조사. 원전용 차단기, 폐액처리장치 제조사로 국제핵융합실험로 수주 경험."
150781,원자력,31,2901,130660,한전산업,1,kospi,-2.33,11320,0,0,0,원자력 수처리설비 운전 및 경상정비사업 영위.
150781,원자력,32,1062,015760,한국전력,1,kospi,-2.43,38200,0,0,0,"국내 발전 및 송전사업을 책임지고 있는 공기업으로 전기판매, 원자력발전, 화력발전, 기타(발전소 설계 및 정비 등)사업을 영위."
150781,원자력,33,1185,019990,에너토크,2,kosdaq,-2.66,5120,0,0,0,"전동액츄에이터 및 감속기 제조 및 판매업체. 주요 제품인 전동엑츄에이터는 화력/원자력/수력 등의 발전플랜트에서 액체 및 기체, 유체의 흐름을 제어하는 밸브 구동 장비임."
150781,원자력,34,163677,126720,수산인더스트리,1,kospi,-2.71,21500,0,0,0,원자력 발전설비 정비사업영위
150781,원자력,35,2585,090710,휴림로봇,2,kosdaq,-2.75,7080,0,0,0,"방사성폐기물의 처리, 영구처분 용역사업 등 영위."
150781,원자력,36,920,011700,한신기계,1,kospi,-2.75,2475,0,0,0,"공기압축기(Air Compressor) 전문 제조업체로 원자력 발전소용 공기압축기를 국내 주요 원전에 공급. 원자력발전소 신울진 1,2호기, 고리 3,4호기 Oil Free Compressor 공급."
150781,원자력,37,1743,040610,SG&G,2,kosdaq,-2.84,3250,0,0,0,원전부품 사업영위
150781,원자력,38,1928,048770,TPC로보틱스,2,kosdaq,-2.93,3145,0,0,0,3D프린팅 기술로 원전용 임펠러 제작하는 기술 개발
150781,원자력,39,918,011560,세보엠이씨,2,kosdaq,-2.99,24350,0,0,0,원자력발전소용 HRSG(배열회수보일러) 공급.
150781,원자력,40,160562,375500,DL이앤씨,1,kospi,-3,64600,0,0,0,"원전 시공 기술을 보유하고 있는 몇 안 되는 국내 건설사중 하나. 영광원자력 5, 6호기의 주설비공사를 진행하였으며, 영광원전 온배수 저감시설, 고리원전 소내정전 대처설비공사도 준공. 또한, 울진 1, 2호기 증기발생기 교체(SGR)사업에서 시공자로 선정된바 있으며, 현대건설, SK건설과 신고리원자력 1, 2호기 주설비 공사에 참여."
150781,원자력,41,150684,007460,에이프로젠,1,kospi,-3.01,2415,0,0,0,"하드페이싱(Hardfacing), 단열공사(원자력발전소 특수보온(Nukon System) 포함) 등을 주요 사업으로 영위하는 업체. 국내에서 독보적인 원자력 보온재 누콘시스템(NUKON System)의 제작 및 공급업체."
150781,원자력,42,2041,053690,한미글로벌,1,kospi,-3.17,17420,0,0,0,루마니아의 체르나보다 원자력발전소 1호기 설비 개선 인프라 건설사업 PM 용역을 수주
150781,원자력,43,1876,046120,오르비텍,2,kosdaq,-3.2,5150,0,0,0,"원자력사업, ISI사업, 항공사업 등을 영위하는 업체. 원자력사업본부는 원자력 발전소의 방사선안전관리, 방사성폐기물 규제해제, 방사선 계측사업 및 관련제품 생산/판매 등을 영위."
150781,원자력,44,1850,045100,한양이엔지,2,kosdaq,-3.27,31100,0,0,0,"원자력 사업참여 필수 인증인 전력산업기술기준인증(KEPIC)를 획득하고, 원자력 발전 설비부문 중 폐수처리설비를 담당."
150781,원자력,45,163241,388050,지투파워,2,kosdaq,-3.46,7530,0,0,0,원전용 전력설비 필수 인증 보유
150781,원자력,46,1026,014620,성광벤드,2,kosdaq,-3.54,25850,0,0,0,"관이음쇠 전문 제조업체. 조선업, 석유화학 플랜트사업, 원자력공사, 발전설비 산업 등에 쓰이는 금속관이음쇠(ELBOW, TEE, REDUCER 등)를 생산, 판매."
150781,원자력,47,2710,100840,SNT에너지,1,kospi,-3.58,25600,0,0,0,"미국 Foster Wheeler North America Corp(FWNAC)와의 기술도입 계약으로 원자력발전소는 물론 화력발전소와 LNG복합화력발전소 등에서 사용되는 복수기에 대하여 설계 및 제작과 설치에 관한 국내 독점실시권을 취득. 특히, 원자력발전분야는 미국의 FOSTER WHEELER와 협력관계를 바탕으로 한국수력원자력을 상대로 수주활동을 진행."
150781,원자력,48,158664,290690,소룩스,2,kosdaq,-4.02,4060,0,0,0,원전 특수 조명 공급
150781,원자력,49,2487,083650,비에이치아이,2,kosdaq,-4.25,49600,0,0,0,"발전용, 제철용 산업설비 설계/생산 전문업체. 주요 제품으로는 HRSG(배열회수보일러), 보일러, Balance of Plant 등. 원자력 발전 보조설비(원자로에서 나오는 열을 보일러로 전달하는 열교환기를 비롯한 각종 주변기기)를 생산."
150781,원자력,50,1502,034020,두산에너빌리티,1,kospi,-4.56,81600,0,0,0,"원자로 용기 제작이 가능한 단조설비를 가진 세계적인 회사중 하나이며, 국내 첫 원자력발전 해외 수출 1호인 아랍에미리트(UAE) 원자력발전소 주기기 공급사로 참여."
150781,원자력,51,2642,094820,일진파워,2,kosdaq,-4.58,11680,0,0,0,"한국원자력연구원의 원자력발전설비중 하나인 중소형 원자로(SMART)개발사업과 다목적 연구용원자로 개발사업에 주요 파트너로 동참했으며, 핵융합 핵심 원료인 삼중수소 취급 기술 보유."
150781,원자력,52,339,000720,현대건설,1,kospi,-4.78,109500,0,0,0,"국내 원전 건설의 선두주자로 국내 최대 시공 실적을 보유하고 있음. 신고리 1, 2호기와 신고리 3, 4호기 시공에 대표사로 참여 중에 있으며, 국내 첫 원자력발전 해외 수출 1호인 아랍에미리트(UAE) 원자력발전소 시공에도 참여함. 웨스팅하우스와 대형원전(모델명 'AP1000')의 글로벌 사업 공동참여를 위한 전략적 협약(Strategic Cooperation Agreement)을 체결"
150781,원자력,53,2005,052690,한전기술,1,kospi,-4.86,101700,0,0,0,한국전력공사 계열의 발전소 및 플랜트 관련 엔지니어링 업체. 원자력발전소 설계사업의 경우 국내사업은 한국수력원자력이 발주하는 국내 원자력발전소의 설계 및 엔지니어링을 맡고 있음.
150781,원자력,54,2526,086670,비엠티,2,kosdaq,-5.01,14790,0,0,0,"산업용 피팅 및 밸브 생산업체. 주 매출 품목인 배관자재와 전기통신자재를 국내 외 반도체, IT, 조선/해양플랜트, 발전(원자력), 석유가스 플랜트 건설 및 각 설비에 공급중."
150781,원자력,55,2806,114190,강원에너지,2,kosdaq,-5.25,9020,0,0,0,산업용 보일러 전문업체. 원전용으로 사용되는 증기발생기(수관식 보일러)를 생산. 한국수력원자력(주)으로부터 산업용보일러설비 수주 경험 보유.
150781,원자력,56,864,010140,삼성중공업,1,kospi,-5.27,22450,0,0,0,해양플랜트 기술과 역량을 기반으로 용융염원자로 개발사인 덴마크 시보그와 소형 용융염원자로(CMSR)를 활용한 '부유식 원자력 발전 설비' 제품 개발을 위한 기술협력 업무협약(MOU) 체결
150781,원자력,57,385,001440,대한전선,1,kospi,-5.27,30550,0,0,0,원자력 발전소용 케이블 제조
150781,원자력,58,714,006910,보성파워텍,2,kosdaq,-5.36,6890,0,0,0,전력산업 기자재 생산 전문업체로 한국형 원자력발전소의 철골구조물을 생산/공급 중.
150781,원자력,59,2696,099410,동방선기,2,kosdaq,-5.58,3130,0,0,0,미국 SMR 기업 '뉴스케일파워'에 지분 투자
150781,원자력,60,3066,189860,서전기전,2,kosdaq,-5.58,4060,0,0,0,원자력 발전용 배전반 및 MCC(전동기제어반) 제조
150781,원자력,61,862,010120,LS ELECTRIC,1,kospi,-5.72,206000,0,0,0,"발전 후 전력의 변전 및 변압기 설치 기술 보유. 울진 원자력 발전소 3, 4호기, 영광 원자력발전소 5, 6호기에 주제어반 및 관련 계측기기를 공급한 경험 보유."
150781,원자력,62,167382,488900,비츠로넥스텍,2,kosdaq,-5.96,7730,0,0,0,"우주항공, 핵융합, 가속기, 플라즈마 등 첨단 응용과학 분야 장비와 부품 개발 및  납품"
150781,원자력,63,167181,457550,우진엔텍,2,kosdaq,-6.01,15790,0,0,0,"원자력 및 화력발전소의 설비 진단, 성능 개선을 포함한 종합솔루션을 제공하는 정비 서비스와 국산 시스템의 제작 및 공급 사업을 영위."
150781,원자력,64,2663,096350,대창솔루션,2,kosdaq,-6.15,1571,0,0,0,세계 최초 주강방식 핵폐기물 저장용기 생산. 18년 5월 캐나다 원전 핵폐기물 컨테이너 공급 계약을 체결한 바 있음
150781,원자력,65,2764,105840,우진,1,kospi,-6.33,14800,0,0,0,산업용 계측기 및 제어장치 제조/판매업체. 축적된 계측기 관련 기술력을 응용하여 원자력발전소용 계측기를 핵심사업으로 영위.
150781,원자력,66,1446,032820,우리기술,2,kosdaq,-6.7,10870,0,0,0,"제어계측 전문업체. 원자력사업의 경우 원자력발전소의 감시, 경보, 제어시스템을 100%자체 기술로 개발하여 공급, 특히 원전의 핵심기술인 계측제어설비(MMIS)는 국산화에 성공하여 세계 4번째로 원전핵심기술 보유."
150781,원자력,67,150923,298040,효성중공업,1,kospi,-6.9,2902000,0,0,0,"(주)효성에서 중공업 및 건설사업부문이 인적분할되어 재상장된 업체. 발전 후 전력의 변전 및 변압기 설치 기술 보유. 원자력발전소용 345KV 변압기, 765KV변압기, 800KV 2점절 가스절연 개폐기 등을 국내 최초 개발했으며, 세계에서 두 번째로 극초고압 차단기인 1,100KV GIS(가스절연개폐장치)를 개발함."
150781,원자력,68,1894,047040,대우건설,1,kospi,-6.97,16820,0,0,0,"다수의 국내외 원자력발전소 관련 시공 경험과 세계적인 원전 시공 관련 기록을 보유. 원자로 건물 및 원자로 자관설치 세계 최단기간 완공, 구조물 안정성 테스트(SIT), 종합 누설률 테스트(ILRT) 세계 최고기록 등을 보유. 삼성물산, GS건설과 함께 신월성원자력 1, 2호기 건설에 참여."
150781,원자력,69,2370,075580,세진중공업,1,kospi,-7.58,12310,0,0,0,소형 원자력 발전소 개발 협약 이력 보유
150781,원자력,70,1892,046940,우원개발,2,kosdaq,-8.31,3860,0,0,0,"신고리 원자력 5,6호기 주설비공사 공급계약 체결"
150781,원자력,71,167400,012210,삼미금속,2,kosdaq,-9.99,6850,0,0,0,국내 원전과 UAE 바카라 원전에 터빈블레이드 공급
150781,원자력,72,2070,054540,삼영엠텍,2,kosdaq,-10.95,6750,0,0,0,원자력 발전용 터빈 관련 부품 공급.
150781,원자력,73,167335,136150,원일티엔아이,2,kosdaq,-26.03,8470,0,0,0,"에너지 토탈 솔루션 전문기업으로 천연가스 생산 공급 설비 및 발전, 원자력,  수소, 조선해양부문 사업 전개"
154232,지주사,1,485,002990,금호건설,1,kospi,13.36,14000,0,0,0,금호아시아나그룹의 실질적인 지배회사. 아시아나항공 등 계열사를 거느리고 있음.
154232,지주사,2,2129,058650,세아홀딩스,1,kospi,7.95,119500,0,0,0,"세아그룹의 지주회사로 세아제강의 투자부문을 분할하여 설립. ㈜세아베스틸, ㈜세아특수강 등의 자회사를 보유."
154232,지주사,3,3038,175330,JB금융지주,1,kospi,7.28,28000,0,0,0,"JB금융그룹 지주회사. 주요 자회사로 은행업을 영위하는 전북은행, 광주은행을 비롯해 JB우리캐피탈, JB자산운용 등을 보유. 18년10월 주식 교환·이전 통해 광주은행을 자회사로 편입."
154232,지주사,4,423,002030,아세아,1,kospi,5.98,187800,0,0,0,"아세아그룹의 지주회사. 13년11월 지주사인 아세아와 사업회사인 아세아시멘트로 분할, 재상장됨. 주요 종속회사로 아세아시멘트(주), 한라시멘트(주), 아세아제지(주) 등 보유."
154232,지주사,5,2492,084110,휴온스글로벌,2,kosdaq,5.06,27000,0,0,0,"기존 휴온스가 의약품 제조사업을 인적 분할함에 따라 변경상장된 업체. 의약품 제조사업을 제외한 브랜드/투자 등 지주사업과 보툴리눔 톡신 사업 영위. 주요 종속회사로 (주)휴온스, (주)휴메딕스, (주)휴온스메디케어를 비롯해 유리용기 생산/판매업체 (주)휴베나를 보유."
154232,지주사,6,1872,045970,코아시아,2,kosdaq,4.49,2910,0,0,0,"코아시아 세미(시스템반도체 파운드리 디자인솔루션 전문업체), 비에스이(마이크로폰 및 스피커 생산 업체), 이츠웰(LED 패키징 전문 업체), 코아시아 씨엠 비나(휴대폰용 카메라모듈 제품을 제조) 등을 자회사로 보유한 사업지주회사."
154232,지주사,7,855,009970,영원무역홀딩스,1,kospi,4.45,190000,0,0,0,"영원무역의 지주회사로 투자사업 부문을 전담. 종속회사로 ㈜영원무역, ㈜영원아웃도어 등을 보유."
154232,지주사,8,673,006040,동원산업,1,kospi,3.96,35400,0,0,0,동원그룹 지주사
154232,지주사,9,3276,900070,글로벌에스엠,2,kosdaq,3.58,1070,0,0,0,"케이만제도에 설립된 지주회사. Seoul Metal (H.K.), SM(WH), SM(TJ), SM(HZ) 등 4개 자회사를 100% 소유하고 있으며, 4개 자회사는 동관법인, 위해법인, 천진법인, 혜주법인을 각 100%를 소유. 또한, 12년8월 베트남법인 13년 말레이시아법인 자회사 편입."
154232,지주사,10,494,003090,대웅,1,kospi,3.41,18200,0,0,0,"대웅그룹의 지주회사. 주 수익은 자회사에 대한 용역 수익, 임대료수익, 수수료 수익 등으로 구성. (주)대웅제약, 대웅바이오(주), (주)대웅개발, 한올바이오파마(주) 등을 주요 종속회사로 보유."
154232,지주사,11,679,006120,SK디스커버리,1,kospi,3.23,51200,0,0,0,"기존 SK케미칼이 Green Chemicals 사업과 Life Science 사업을 인적분할함에 따라 투자사업만을 영위하는 업체. SK그룹 계열의 지주회사로 자회사 관리 및 신규사업 투자 사업 영위. 주요 자회사로 SK가스, SK플라즈마 등을 보유중이며, 계열사인 SK케미칼 지분을 보유. 2019년9월 SK신텍(주) 흡수합병 완료."
154232,지주사,12,470,002790,아모레퍼시픽홀딩스,1,kospi,3.08,25100,0,0,0,"아모레퍼시픽, 에뛰드, 이니스프리, 아모스프로페셔널, 퍼시픽글라스, 퍼시픽패키지 등을 자회사로 보유한 아모레퍼시픽그룹의 지주회사. 06년6월 (구)태평양에서 인적 분할되어 지주회사 체제로 전환."
154232,지주사,13,612,004990,롯데지주,1,kospi,2.9,24800,0,0,0,"구 롯데제과가 식품사업 부문을 인적분할함에 따라 투자사업 부문을 영위하는 롯데그룹 지주회사. 롯데쇼핑, 롯데칠성음료, 롯데푸드 등의 투자사업 부문을 분할합병한 뒤 변경상장. 롯데제과㈜, 롯데칠성음료㈜, 롯데쇼핑㈜, ㈜호텔롯데, 롯데케미칼㈜ 등의 계열사를 보유."
154232,지주사,14,1261,024720,콜마홀딩스,1,kospi,2.79,8850,0,0,0,"부동산임대사업과 자회사를 관리하는 지주사업을 영위하는 업체. 한국콜마, 콜마비앤에이치, 콜마파마 등의 자회사를 보유."
154232,지주사,15,408,001800,오리온홀딩스,1,kospi,2.73,26350,0,0,0,기존 오리온에서 투자사업 부문이 인적분할되어 변경상장된 업체. 코스피 상장사 분할신설법인 오리온을 비롯해 코스닥 상장사 쇼박스 등을 자회사로 보유하며 지주사업을 영위.
154232,지주사,16,332,000640,동아쏘시오홀딩스,1,kospi,2.64,85600,0,0,0,"동아쏘시오그룹의 지주회사. 동아제약, 수석, 용마로지스 등의 자회사 보유."
154232,지주사,17,2401,078930,GS,1,kospi,2.56,80100,0,0,0,"GS그룹의 지주회사. 자회사를 통해 자원개발 및 에너지, 유통사업, 녹색성장 사업 등을 영위. 상장사 (주)GS리테일, (주)GS홈쇼핑, (주)GS글로벌을 비롯해 GS에너지(주), (주)GS스포츠, GS이피에스(주), (주)GS이앤알을 자회사로 보유."
154232,지주사,18,884,010770,평화홀딩스,1,kospi,2.56,4010,0,0,0,"평화산업(주), 평화오일씰공업(주), 평화기공(주), (주)평화이엔지, 평화씨엠비(주), (주)피엔디티 등을 자회사로 보유한 지주회사."
154232,지주사,19,1051,015360,INVENI,1,kospi,2.39,14570,0,0,0,"18년4월 기존 도시가스 사업부문을 단순/물적분할함에 따라 지주사업 영위. 서울 및 경기도 지역 등을 기반으로 도시가스를 공급하는 분할 신설업체 (주)예스코 지분 100%를 보유하고 있으며, 도시가스 수요자 관리대행업체 (주)예스코서비스, 가스 관련기기제작 및 판매업체 대한가스기기(주), 상/하수도설비업 및 하/폐수처리시설운영 대행업체 (주)예스코이에스, 사업지원 서비스업체 (주)한성 등을 종속회사로 보유."
154232,지주사,20,2945,139130,iM금융지주,1,kospi,2.24,18710,0,0,0,"(주)대구은행, (주)DGB캐피탈, (주)DGB신용정보, (주)DGB데이터시스템, DGB생명보험(주), 하이투자증권(주) 등을 자회사로 보유한 DGB금융그룹의 지주회사."
154232,지주사,21,650,005720,넥센,1,kospi,2.15,6180,0,0,0,넥센그룹의 모회사임과 동시에 자동차타이어용 튜브 등 고무제품의 제조 및 판매 및 물류사업을 영위하는 사업형 지주회사.
154232,지주사,22,459,002620,제일파마홀딩스,1,kospi,2.13,6700,0,0,0,"기존 제일약품에서 투자사업부문이 인적분할되어 변경 상장된 업체. 지주사업 영위. 주요 자회사로 제일약품, 제일헬스사이언스, 제일앤파트너스 등을 보유."
154232,지주사,23,3047,180640,한진칼,1,kospi,2.06,133800,0,0,0,"대한항공의 투자사업부문을 인적분할해 신설된 지주회사. (주)대한항공, (주)한진 지분을 보유하고 있으며, 주요 종속회사로는 ㈜진에어, ㈜칼호텔네트워크, 토파스여행정보㈜, ㈜한진관광, 정석기업㈜, ㈜제동레저 등을 보유."
154232,지주사,24,3219,241590,화승엔터프라이즈,1,kospi,1.94,3145,0,0,0,화승그룹 계열사로 브랜드(아디다스 그룹) 신발의 제조업자 개발생산 방식(ODM) 생산업체 화승비나를 100% 자회사로 두고 있는 외국기업지배지주회사.
154232,지주사,25,2932,138040,메리츠금융지주,1,kospi,1.78,114400,0,0,0,"2011년3월 메리츠화재해상보험에서 보험사업을 제외한 투자사업 부문이 인적분할 됨에 따라 설립된 메리츠금융그룹의 금융지주회사. 메리츠종합금융증권, 메리츠화재해상보험, 메리츠자산운용, 메리츠캐피탈, 메리츠대체투자운용 등을 자회사로 보유."
154232,지주사,26,2528,086790,하나금융지주,1,kospi,1.68,126900,0,0,0,"하나금융그룹의 금융지주회사. KEB하나은행, 하나금융투자, 하나카드, 하나생명보험 등을 자회사로 보유."
154232,지주사,27,2654,095570,AJ네트웍스,1,kospi,1.52,4335,0,0,0,"지주사업과 렌탈사업을 영위하는 사업지주회사. 주요 종속회사로 AJ토탈, AJ파크, AJ렌탈서비스(구, AJ파렛트) 등을 보유."
154232,지주사,28,1546,035810,이지홀딩스,2,kosdaq,1.52,4340,0,0,0,"지주사 전환을 위해 기존 이지바이오의 투자사업부문이 인적분할되어 변경상장된 업체로, 닭고기업체 마니커, 오리제품의 생산 및 판매업체 정다운, 사료제조 및 판매업체 팜스토리(구 도드람B&F), 축산업 및 육류가공유통업체 우리손에프앤지, 동물관련 사업 및 인체관련 사업 영위업체 옵티팜 등을 종속회사로 보유."
154232,지주사,29,1540,035610,솔본,2,kosdaq,1.42,3920,0,0,0,"공정거래법이 적용되지 않는 사실상 지주회사. 주요 종속회사로는 (주)인피니트헬스케어, (주)포커스신문사, (주)솔본인베스트먼트, (주)포커스뉴스 등."
154232,지주사,30,2733,102260,동성케미컬,1,kospi,1.4,3625,0,0,0,"(주)동성화학으로부터 분할 설립된 동성그룹의 지주회사로 15년7월 (주)동성하이켐을 흡수합병함에 따라 사업(석유화학, 정밀화학, 우레탄사업) 지주회사로 전환. (주)동성화학, (주)동성화인텍 등의 자회사를 보유."
154232,지주사,31,2761,105560,KB금융,1,kospi,1.35,173200,0,0,0,"KB금융그룹의 금융지주회사. 자회사들이 영위하는 사업으로는 은행업(KB국민은행, KB저축은행), 신용카드업(KB국민카드), 금융투자업(KB증권, KB자산운용, KB부동산신탁, KB인베스트먼트), 보험업(KB생명보험, KB손해보험), 기타(KB신용정보, KB데이타시스템) 등."
154232,지주사,32,3448,005990,매일홀딩스,2,kosdaq,1.28,10260,0,0,0,구 매일유업이 유가공 사업부문을 인적분할함에 따라 변경상장된 업체. 투자사업부문 및 자회사 지분관리를 주요 사업으로 영위. 신설법인 매일유업을 종속회사로 보유.
154232,지주사,33,148893,316140,우리금융지주,1,kospi,1.28,31550,0,0,0,"우리금융그룹 지주사. ㈜우리은행과 우리에프아이에스㈜, ㈜우리금융경영연구소, 우리신용정보㈜, 우리펀드서비스㈜, 우리프라이빗에퀴티자산운용㈜ 등을 완전자회사 보유."
154232,지주사,34,1508,034310,NICE,1,kospi,1.24,11440,0,0,0,"NICE 그룹의 지주회사로 나이스정보통신(주), 한국전자금융(주), NICE평가정보(주) 등의 코스닥 상장업체들을 연결대상 종속회사로 보유."
154232,지주사,35,2449,081660,미스토홀딩스,1,kospi,1.09,46200,0,0,0,휠라 등 패션브랜드를 운영하는 미스토그룹의 지주사
154232,지주사,36,522,003550,LG,1,kospi,1.09,102300,0,0,0,"LG전자, LG화학, LG하우시스, LG생활건강, LG유플러스, 지투알 등의 상장사를 계열사로 보유한 LG그룹의 지주회사."
154232,지주사,37,293,000070,삼양홀딩스,1,kospi,1.05,57700,0,0,0,"삼양그룹 계열의 지주회사로 지주사업과 투자 및 임대사업을 영위. 삼양사(식품, 화학 등 영위), 삼양패키징, 삼양바이오팜 등의 자회사를 보유."
154232,지주사,38,359,001040,CJ,1,kospi,1.05,153600,0,0,0,"CJ그룹의 지주회사. CJ제일제당, CJ ENM, CJ CGV, CJ프레시웨이, CJ푸드빌, CJ대한통운 등의 자회사를 보유중."
154232,지주사,39,2610,092230,KPX홀딩스,1,kospi,1.04,87500,0,0,0,"KPX케미칼, KPX생명과학, 진양홀딩스 등의 상장사와 KPX글로벌, KPX개발 등의 비상장사를 자회사로 보유한 지주회사."
154232,지주사,40,3074,192400,쿠쿠홀딩스,1,kospi,0.96,26250,0,0,0,"기존 쿠쿠전자에서 투자사업부문이 분할되어 변경 상장된 업체. 자회사 관리 및 투자사업 등 지주사업 영위. 인적 분할된 쿠쿠홈시스는 생활가전 렌탈사업을 영위하며 코스피시장에 재상장됐으며, 물적 분할된 신설 쿠쿠전자는 비상장 업체로 전기밥솥 등 가전사업 부문을 영위."
154232,지주사,41,1784,042420,네오위즈홀딩스,2,kosdaq,0.92,21900,0,0,0,"상장사 (주)네오위즈를 비롯해 비상장사 (주)네오플라이, (주)네오위즈아이엔에스, (주)애디스콥, (주)게임온 등을 연결대상 종속회사로 보유한 지주회사."
154232,지주사,42,2085,055550,신한지주,1,kospi,0.84,108600,0,0,0,"신한금융그룹의 금융지주회사. 자회사들이 영위하는 사업으로 은행업(신한은행, 제주은행), 신용카드업(신한카드), 증권업(신한금융투자), 생명보험업(신한생명보험), 자산운용업(신한BNPP자산운용), 여신전문업(신한캐피탈), 저축은행업(신한저축은행), 채권추심업(신한신용정보) 등. 19년2월 오렌지라이프생명보험(주)(구, 아이엔지생명보험) 자회사로 편입."
154232,지주사,43,2337,072470,우리산업홀딩스,2,kosdaq,0.82,2445,0,0,0,"지주회사 체제 전환을 위해 기존 舊우리산업에서 2015년4월 분할되어 지주사업부문을 담당. 투자, 브랜드수수료, 경영자문수수료, 임대수익 등 지주회사 사업을 영위. 분할된 우리산업이 주력자회사."
154232,지주사,44,403,001740,SK네트웍스,1,kospi,0.77,9130,0,0,0,
154232,지주사,45,416,001940,KISCO홀딩스,1,kospi,0.77,26150,0,0,0,"환영철강공업(주), 대흥산업(주), 한국철강(주), (주)서륭 등의 자회사를 보유한 KISCO홀딩스그룹의 지주회사."
154232,지주사,46,2770,107590,미원홀딩스,1,kospi,0.75,53900,0,0,0,"기존 미원에스씨가 에너지경화수지 사업부문을 인적분할함에 따라 투자, 용역수익, 임대수익 등의 지주회사 사업을 영위하는 업체. 에너지경화수지(UV/EB curable resin) 제품을 생산하는 미원스페셜티케미칼(주) 등을 자회사로 보유."
154232,지주사,47,3286,900260,로스웰,2,kosdaq,0.73,1650,0,0,0,홍콩에 설립된 지주회사. 주요 사업회사로 자동차 전장부품 제조업체 중국 강소로스웰(로스웰전기)을 보유.
154232,지주사,48,3532,267250,HD현대,1,kospi,0.72,210500,0,0,0,"기존 현대중공업에서 로봇/투자 사업부문이 인적 분할돼 재상장된 현대중공업그룹 사업지주회사. 한국조선해양, 현대일렉트릭, 현대건설기계, 현대오일뱅크 등의 지분을 보유해 지주사업 영위."
154232,지주사,49,3539,012630,HDC,1,kospi,0.71,21150,0,0,0,"기존 현대산업이 건설사업 등을 인적분할함에 따라 변경 상장된 업체. HDC그룹 지주회사로 자회사 및 피투자회사 지분의 관리 및 투자를 목적으로 하는 투자사업 및 부동산임대사업을 영위. 연결 종속회사로 HDC현대EP(주), HDC아이파크몰(주), HDC아이서비스(주), HDC아이앤콘스(주), HDC영창(주) 등을 보유."
154232,지주사,50,370,001230,동국홀딩스,1,kospi,0.65,1711,0,0,0,"1954년 설립된 동국제강이 2023년 인적분할을 통해 동국홀딩스, 동국제강, 동국씨엠으로 분할되어 지주회사로 전환"
154232,지주사,51,1515,034810,해성산업,2,kosdaq,0.63,6440,0,0,0,"심벌,워드마크, 영문CI, 국문CI 상표권 보유"
154232,지주사,52,300,000180,성창기업지주,1,kospi,0.6,5040,0,0,0,"성창기업(합판 제조 및 판매 사업)과 성창보드(파티클보드(PB) 사업), 지씨테크(폐목재 가공처리 사업), 지씨글로벌(목재류 상품판매와 유통 및 수출입), 블루이엔지(반도체 검사장비 제조/판매), 성창디벨로퍼스(부동산 개발 전문회사)를 자회사로 보유하고 있는 지주회사."
154232,지주사,53,812,008930,한미사이언스,1,kospi,0.48,31650,0,0,0,"상장법인인 한미약품(주), (주)제이브이엠과 비상장법인 온라인팜(주), (주)에르무루스, 일본한미약품(주) 등을 자회사로 보유한 지주회사."
154232,지주사,54,399,001630,종근당홀딩스,1,kospi,0.37,40200,0,0,0,"지주사 전환을 위해 종근당의 투자사업부문이 인적분할되어 2013년 12월 변경상장됨. 주요 자회사는 종근당바이오, 경보제약, 종근당건강 등임."
154232,지주사,55,150544,031980,피에스케이홀딩스,2,kosdaq,0.31,127600,0,0,0,반도체 장비 기업 피에스케이(PSK)의 지주사. 반도체 공정 장비 및 신사업 투자를 관리
154232,지주사,56,1084,016450,한세예스24홀딩스,1,kospi,0.23,4335,0,0,0,"상장사인 예스24(온라인서점 사업), 한세실업(의류수출기업)과 비상장사인 동아출판, 한세드림(주), (주)에프알제이 등을 자회사로 보유한 지주회사."
154232,지주사,57,150706,000240,한국앤컴퍼니,1,kospi,0.19,26200,0,0,0,"(구)한국타이어의 투자부문이 분할되어 변경상장된 지주회사. 한국타이어앤테크놀로지, 아트라스BX, 한국네트웍스 등의 계열사를 보유하고 로열티, 배당금, 임대료 등을 받는 지주사업 영위."
154232,지주사,58,311,000320,노루홀딩스,1,kospi,0.06,16340,0,0,0,"(주)노루페인트, (주)노루케미칼, (주)노루오토코팅 등을 자회사로 보유하고 있는 노루그룹 사업지주회사."
154232,지주사,59,2340,072710,농심홀딩스,1,kospi,0,90800,0,0,0,"2003년7월 농심에서 분할된 농심그룹 순수 지주회사. 상장사인 ㈜농심, 율촌화학㈜을 비롯해 비상장사인 태경농산㈜, 농심엔지니어링㈜, 농심개발㈜ 등을 자회사로 보유."
154232,지주사,60,167384,0126Z0,삼성에피스홀딩스,1,kospi,0,0,0,0,0,"삼성바이오에피스를 자회사로 보유, 추가 자회사 설립 및 신기술 투자를 총괄하는 바이오 투자형 지주회사로 운영될 예정"
154232,지주사,61,298,000140,하이트진로홀딩스,1,kospi,0,8320,0,0,0,"하이트진로그룹 계열의 지주회사. 상장사인 하이트진로(주)를 비롯해 하이트진로산업(주), (주)진로소주 등 맥주와 소주, 위스키 및 주정 등을 취급하는 주류전문 회사들을 자회사, 손자회사로 보유."
154232,지주사,62,624,005250,녹십자홀딩스,1,kospi,-0.1,10200,0,0,0,"(주)녹십자, (주)녹십자헬스케어, (주)녹십자이엠, Green Cross HK Holdings Limited(홍콩) 등을 자회사로 보유한 녹십자그룹 지주회사."
154232,지주사,63,422,002020,코오롱,1,kospi,-0.11,46750,0,0,0,"코오롱그룹의 순수 지주회사. 코오롱인더스트리, 코오롱글로벌, 코오롱제약, 코오롱생명과학, 티슈진, 코오롱베니트 등을 자회사로 보유."
154232,지주사,64,3424,121440,골프존홀딩스,2,kosdaq,-0.3,6640,0,0,0,"상장사인 (주)골프존을 포함해 (주)골프존카운티, (주)골프존유통, (주)뉴딘콘텐츠(舊 골프존엔터테인먼트) 등의 자회사를 보유한 지주회사."
154232,지주사,65,3218,241560,두산밥캣,1,kospi,-0.31,64800,0,0,0,"두산그룹 계열의 외국기업지배 지주회사. 북미, 오세아니아, 유럽, 중동, 아프리카, 아시아, 라틴아메리카 지역 내에 종속회사를 두고 있으며, 종속회사들을 통하여 건설기계(Compact 건설기계, Portable Power 등) 제조 및 판매업을 영위."
154232,지주사,66,148894,900340,윙입푸드,2,kosdaq,-0.38,1301,0,0,0,중국내 영업자회사인 광동영업식품유한공사를 완전 자회사로 보유한 홍콩지주회사. 100% 자회사 광동영업식품유한공사는 돼지고기 및 가금류를 건조 ·훈연 ·염장 ·조리 및 기타 방법으로 가공 또는 저장 처리하여 식용 가능한 고기 가공품을 제조하는 육가공 업체임.
154232,지주사,67,3482,900140,엘브이엠씨홀딩스,1,kospi,-0.4,1250,0,0,0,"코라오디벨로핑(Kolao Developing Co.)을 유가증권시장에 상장하기 위해 설립된 역외지주회사로 코라오디벨로핑 지분 100% 보유. 자회사로 코라오디벨로핑, 엘브이엠씨 홀딩스 싱가포르, 엘브이엠씨인베스트먼트 등을 보유."
154232,지주사,68,3522,003380,하림지주,2,kosdaq,-0.4,10040,0,0,0,"하림 브랜드를 소유한 하림그룹 순수 지주회사. 상장사 (주)하림, (주)선진, (주)팜스코, 팬오션(주), (주)엔에스쇼핑을 비롯해 비상장사 제일사료(주), (주)하림유통, (주)주원산오리 등을 자회사로 보유."
154232,지주사,69,1131,017810,풀무원,1,kospi,-0.42,9380,0,0,0,"투자사업을 영위하는 순수 지주회사. 주요 종속회사로는 풀무원식품(주), (주)이씨엠디(단체급식업, 외식사업 등), 풀무원건강생활(주), 풀무원다논(주)(유제품 수입, 제조/판매) 등이 있음."
154232,지주사,70,754,007700,F&F홀딩스,1,kospi,-0.45,15440,0,0,0,"기존 F&F가 패션사업부문을 인적분할함에 따라 자회사 및 피투자회사 지분의 관리 등의 투자사업부문을 영위. 에프앤에프 상하이(중국법인)를 비롯해 종합물류 서비스업체 (주)에프앤에프 로지스틱스, 투자사업 업체 (주)에프앤에프 파트너스 등을 종속회사로 보유. 분할 신설회사 (주)F&F 지분도 보유."
154232,지주사,71,2501,084690,대상홀딩스,1,kospi,-0.51,7750,0,0,0,"대상그룹의 순수지주회사로 대상(주), 대상정보기술(주), (주)상암커뮤니케이션즈, 동서건설(주), (주)초록마을 등을 자회사로 보유."
154232,지주사,72,637,005440,현대지에프홀딩스,1,kospi,-0.53,14880,0,0,0,"연결회사는 현재 푸드서비스, 공산품 및 생식품 유통사업, 식재사업, 법인영업 사업, 가구사업, 중장비 제조사업등을 주요 사업으로 영위"
154232,지주사,73,3495,039020,이건홀딩스,2,kosdaq,-0.55,2725,0,0,0,"기존 이건창호가 창호 사업부문을 물적분할함에 따라 지주회사로 변경 상장된 업체. 분할신설법인 (주)이건창호, (주)이건그린텍과 상장사 이건산업(주) 등을 종속회사로 보유."
154232,지주사,74,1333,027410,BGF,1,kospi,-0.63,3965,0,0,0,"구 BGF리테일이 편의점 연쇄화 사업부문 등을 인적분할함에 따라 투자사업 부문을 영위하는 지주회사. 자회사 지분의 관리 및 투자를 목적으로 하는 사업을 영위. 주요 종속회사로 비지에프네트웍스(광고/홍보/전시 사업)와 BGF휴먼넷, 사우스스프링스(골프장 사업), BGF포스트 등을 보유."
154232,지주사,75,160101,363280,티와이홀딩스,1,kospi,-0.65,1690,0,0,0,"기존 태영건설에서 투자사업부문이 인적불할되어 재상장된 업체. 태영그룹 지주회사로, 코스피 상장사 SBS미디어홀딩스㈜를 비롯해 (주)티에스케이코퍼레이션(하수처리시설 시공 및 유지관리 업체), (주)블루원(구 블루원리조트) 등을 종속회사로 보유하고있고, 분할 존속 업체인 코스피 상장사 태영건설 지분 보유."
154232,지주사,76,1844,044820,코스맥스비티아이,1,kospi,-0.7,19740,0,0,0,"기존 코스맥스에서 분할되어 투자사업을 영위하는 지주회사. 건강기능식품 ODM을 주요사업으로 하는 코스맥스바이오(주), 코스맥스엔비티(주)를 주력 자회사로 보유. 지주회사의 자회사 주식소유요건 충족을 위해 사업회사인 코스맥스 지분을 취득해 코스맥스의 최대주주임."
154232,지주사,77,2943,138930,BNK금융지주,1,kospi,-0.75,18470,0,0,0,"(주)부산은행, (주)경남은행, (주)BNK투자증권, BNK캐피탈(주), (주)BNK저축은행, BNK신용정보(주), (주)BNK시스템 등을 자회사로 보유한 BNK금융그룹 지주회사."
154232,지주사,78,2707,100250,진양홀딩스,1,kospi,-0.81,3050,0,0,0,"진양산업, 진양화학, 진양폴리우레탄 등의 상장사와 한림인텍, 진양물산, 세일인텍, 진양AMC 등의 비상장사를 자회사로 두고 있는 지주회사. KPX홀딩스 그룹의 중간 지주회사 역할을 하고 있음."
154232,지주사,79,2077,054800,아이디스홀딩스,2,kosdaq,-0.85,14040,0,0,0,"11년7월 기존 아이디스에서 분할되어 투자사업부문을 담당하는 지주회사. 자회사로 (주)아이디스, (주)코텍, (주)빅솔론, 아이디피(주) 등을 보유."
154232,지주사,80,329,000590,CS홀딩스,1,kospi,-0.85,70400,0,0,0,피복용접재료 사업부문을 영위하는 상장사 조선선재(주)를 비롯해 플럭스코어드와이어 용접재료 사업을 영위하는 조선선재온산(주) 등을 자회사로 보유한 지주회사.
154232,지주사,81,657,005810,풍산홀딩스,1,kospi,-0.85,34900,0,0,0,"풍산, 풍산특수금속㈜, 풍산네오티스㈜, ㈜풍산메탈서비스 등의 자회사를 보유한 지주회사."
154232,지주사,82,709,006840,AK홀딩스,1,kospi,-0.86,5770,0,0,0,"상장업체 애경유화(주), 애경산업(주), (주)제주항공을 비롯해 에이케이에스앤디(주), 애경화학(주), 에이케이켐텍(주) 등을 자회사로 보유한 애경그룹 지주회사."
154232,지주사,83,711,006880,신송홀딩스,1,kospi,-0.97,4610,0,0,0,"간장, 된장 등을 만드는 신송그룹의 지주회사. 소맥전분업체인 신송산업(주)과 장류(간장, 고추장, 된장) 생산업체인 신송식품(주)를 100% 자회사로 보유."
154232,지주사,84,302,000210,DL,1,kospi,-0.98,45250,0,0,0,"21년1월 인적/물적분할을 통해 DL로 변경상장 후 지주사업을 영위중. DL케미칼, 글래드호텔, 대림에너지, Cariflex, 여천NCC, 폴리미래 등의 자회사를 보유."
154232,지주사,85,3457,003030,세아제강지주,1,kospi,-1.06,111700,0,0,0,세아그룹 계열사로 기존 세아제강이 강관 제조/판매업 등 제조사업부문을 인적분할함에 따라 변경상장된 업체. 제조사업을 제외한 투자사업 등을 영위. 코스피 상장사인 세아베스틸과 세아제강(분할신설 회사) 지분 보유.
154232,지주사,86,651,005740,크라운해태홀딩스,1,kospi,-1.06,5590,0,0,0,"크라운해태 그룹 지주사로 코스피 상장사 크라운제과, 해태제과식품을 비롯해 해성농림, 아트밸리, 씨에이치테크, 영그린 등을 자회사로 보유."
154232,지주사,87,2383,078070,유비쿼스홀딩스,2,kosdaq,-1.1,8060,0,0,0,"기존 유비쿼스가 투자사업부문, 네트워크사업부문, E&M사업부문으로 분리함에 따라 변경상장된 업체로 지주사업을 영위. 분할신설회사 유비쿼스와 넥싸이트, 유비쿼스인베스트먼트 등을 종속회사로 보유."
154232,지주사,88,304,000230,일동홀딩스,1,kospi,-1.1,6290,0,0,0,"기존 일동제약이 의약품(신설 일동제약), 바이오 및 건강기능식품(일동바이오사이언스), 히알루론산 및 필러 사업(일동히알테크) 등을 인적/물적 분할함에 따라 투자사업만을 영위하는 업체. 16년8월 일동홀딩스로 상호변경한 뒤 변경상장됨. 신설법인 일동제약과 일동바이오사이언스, 일동히알테크 등을 자회사로 보유."
154232,지주사,89,937,012030,DB,1,kospi,-1.22,1534,0,0,0,"DB그룹 비금융 부문 지주사 역할(DB하이텍, DB메탈 등 지분 소유)."
154232,지주사,90,151073,009540,HD한국조선해양,1,kospi,-1.23,360500,0,0,0,"현대중공업, 현대삼호중공업, 현대미포조선 등을 종속회사로 보유한 현대중공업그룹 중간 지주회사. 19년6월 기존 현대중공업이 대우조선해양 인수를 추진함에 따라 조선사업을 신설법인 현대중공업으로 물적분할하며 중간 지주회사로 전환. 조선부문 종속회사 외 그린에너지 사업(태양광, 풍력 등)을 영위하는 현대에너지솔루션(구, 현대중공업그린에너지)을 종속회사로 보유."
154232,지주사,91,1102,016880,웅진,1,kospi,-1.24,1918,0,0,0,"웅진그룹의 지주회사. (주)웅진씽크빅, (주)웅진북센, (주)웅진플레이도시 등의 자회사를 보유."
154232,지주사,92,167065,221800,지구홀딩스,2,kosdaq,-1.25,5530,0,0,0,헬스케어 지주사 지구 홀딩스 체제 전환
154232,지주사,93,2166,060980,HL홀딩스,1,kospi,-1.29,38400,0,0,0,기존 만도에서 분할된 투자사업부문을 영위하는 한라그룹 지주회사. 15년7월 자동차부품 유통 및 물류업체 한라마이스터 유한회사를 흡수합병함에 따라 사업 지주회사로 전환.
154232,지주사,94,2669,096760,JW홀딩스,1,kospi,-1.31,3775,0,0,0,"JW그룹의 사업 지주회사. 자회사의 지분소유를 통한 자회사의 사업내용을 지배하는 지주사업과 의약품 도소매 및 수출입을 주요 사업으로 영위. 주요 연결대상 종속회사로는 JW중외제약(주), JW신약(주), JW생명과학(주) 등."
154232,지주사,95,1064,015860,일진홀딩스,1,kospi,-1.32,5990,0,0,0,"일진전기(전력선/중전기기 제조), 일진다이아몬드(공업용 합성다이아몬드 제조), 일진디앤코(부동산 임대), 알피니언메디칼시스템(주) 등을 자회사로 보유한 일진그룹의 지주회사."
154232,지주사,96,744,007540,샘표,1,kospi,-1.35,43700,0,0,0,기존 샘표식품이 식품사업을 분할함에 따라 투자사업만을 영위하는 지주회사. 16년8월 샘표로 상호변경한 뒤 변경상장됨.
154232,지주사,97,161574,383800,LX홀딩스,1,kospi,-1.41,7690,0,0,0,"자회사로 LG상사, LG하우시스, 실리콘웍스 등 보유."
154232,지주사,98,2851,122450,KX,2,kosdaq,-1.44,2745,0,0,0,"KX그룹의 지주회사. KX하이텍, KX이노베이션 등의 자회사 보유"
154232,지주사,99,516,003480,한진중공업홀딩스,1,kospi,-1.47,4680,0,0,0,"한일레저(골프장사업), 대륜E&S(도시가스공급업), 대륜발전, 별내에너지(발전전기업) 등의 자회사를 보유한 한진중공업 그룹 지주회사."
154232,지주사,100,682,006200,한국전자홀딩스,1,kospi,-1.51,2290,0,0,0,"거래소 상장업체인 (주)KEC를 비롯하여 KEC THAILAND CO.,LTD., KEC HK CORP., 한국전자판매(주) 등의 자회사를 보유한 지주회사."
154232,지주사,101,563,004150,한솔홀딩스,1,kospi,-1.62,3030,0,0,0,"기존 한솔제지에서 투자사업부문을 분할해 지주사업을 영위하는 한솔그룹 지주회사. 한솔제지, 한솔홈데코, 한솔테크닉스, 한솔인티큐브, 한솔EME, 한솔PNS, 한솔페이퍼텍 등의 지분 보유."
154232,지주사,102,948,012320,경동인베스트,1,kospi,-1.79,46650,0,0,0,"경동홀딩스그룹의 지주회사로 인적분할신설회사 (주)경동도시가스, 물적분할회사 (주)경동에너아이를 비롯해 경동도시가스, 경동, 경동건설 등을 계열사로 보유."
154232,지주사,103,1285,025530,SJM홀딩스,1,kospi,-1.87,3415,0,0,0,상장업체 (주)SJM 등을 주요 자회사로 보유한 지주회사.
154232,지주사,104,3526,003300,한일홀딩스,1,kospi,-1.96,16970,0,0,0,"한일시멘트 계열의 실질적인 지주회사. 기존 한일시멘트가 시멘트, 레미콘, 레미탈 사업부문 등을 인적분할함에 따라 변경상장. 코스피상장업체 한일현대시멘트의 최대주주인 에이치엘케이홀딩스를 비롯해 코스닥상장업체 한일네트웍스, 비상장업체 서울랜드, 한일산업 등을 자회사로 보유하고 있으며, 분할신설법인 한일시멘트 지분 보유."
154232,지주사,105,991,013570,디와이,1,kospi,-2.29,4045,0,0,0,유압기기 제조부문을 영위하는 디와이파워와 자동차부품사업을 영위하는 디와이오토의 지주회사.
154232,지주사,106,2317,071050,한국금융지주,1,kospi,-2.4,243500,0,0,0,"종합 투자금융 솔루션을 제공하는 금융지주회사. 한국투자증권(주)을 비롯하여 (주)한국투자저축은행, 한국투자파트너스(주) 등을 종속회사로 보유."
154232,지주사,107,445,002380,KCC,1,kospi,-2.68,472000,0,0,0,KCC그룹 지주사
154232,지주사,108,763,007860,서연,1,kospi,-3.09,7840,0,0,0,"기존 한일이화에서 투자사업부문을 승계해 지주회사 역할을 하는 존속법인. 계열사로 (주)서연이화, (주)서연탑메탈, (주)서연인테크, (주)서연씨엔에프, (주)지산소프트 등."
154232,지주사,109,2643,094840,슈프리마에이치큐,2,kosdaq,-3.33,11600,0,0,0,"보안시스템 ODM사업 이외에 지주사업(경영자문, 투자, 브랜드수수료) 등을 영위하는 지주회사."
154232,지주사,110,338,000700,유수홀딩스,1,kospi,-3.39,5700,0,0,0,"법상의 지주회사에서는 제외되나 자회사의 주식을 확보, 유지, 관리하는 등 지주회사로서의 실질적인 지위와 역할에는 변함이 없으며, 연결대상 종속회사로는 (주)싸이버로지텍(소프트웨어 개발 및 판매), (주)유수로지스틱스(화물운송 중개, 대리 및 관련서비스업) 등이 있음. 영업수익은 자회사의 지분법이익, 임대사업수익 등으로 구성."
154232,지주사,111,685,006260,LS,1,kospi,-3.4,341000,0,0,0,"LS그룹의 지주회사. LS전선(주), LS산전(주), LS-Nikko동제련(주), LS엠트론(주), LS글로벌인코퍼레이티드(주), LS아이앤디㈜ 등의 자회사를 보유."
154232,지주사,112,1596,036830,솔브레인홀딩스,2,kosdaq,-3.46,34850,0,0,0,"자회사 관리 및 신규투자를 목적으로 하는 투자사업을 영위하는 업체. 기존 반도체 및 전자 관련 화학재료 제조사업을 분할함에 따라 변경상장. 종속회사인 솔브레인은 반도체 및 디스플레이 공정용 화학재료, 2차전지 소재 등을 공급."
154232,지주사,113,1523,035080,그래디언트,2,kosdaq,-3.47,9180,0,0,0,"인터파크 그룹의 지주회사. 전자상거래에 의한 도소매업, 도서 판매, 공연 기획, 제작과 티켓예매 및 판매대행업, 일반여행업 및 여행중개업 등의 사업을 영위하는 (주)인터파크와 B2B전자상거래업체 (주)아이마켓코리아, 의약품 도매사업을 영위하는 (주)안연케어 등을 주요종속회사로 보유."
154232,지주사,114,1574,036530,SNT홀딩스,1,kospi,-3.78,50900,0,0,0,"S&T그룹의 지주회사. 주요 자회사로 S&T중공업(주), S&T모티브(주), (주)S&TC를 보유하고 있으며, S&T대우기차부건(곤산)유한공사 등을 주요 손자회사로 보유."
154232,지주사,115,1021,014470,부방,2,kosdaq,-3.97,992,0,0,0,쿠첸으로 알려진 전기압력밥솥 제조 및 유통업체 (주)쿠첸과 전자부품사업(수동진동자 제조) 및 유통사업을 영위하는 (주)부방유통을 자회사로 보유한 지주회사. 15년9월 기존 리홈쿠첸의 사업부가 분할함에 따라 지주회사로 전환.
154232,지주사,116,2071,054620,APS,2,kosdaq,-4.05,4025,0,0,0,"구 AP시스템의 투자사업 부문이 인적분할되어 변경 상장된 업체. 신설법인 AP시스템을 비롯해 디이엔티, 제니스월드, 코닉오토메이션 등의 계열사를 보유하며 지주 사업을 영위."
154232,지주사,117,770,008060,대덕,1,kospi,-4.07,14620,0,0,0,"구 대덕전자의 자회사 관리 및 신규사업투자 사업 부문이 인적분할되어 변경 상장된 업체. 코스닥 상장사인 무선통신 모듈 전문업체 (주)와이솔 등을 자회사로 보유하고 있으며, 분할 신설업체 대덕전자(주) 지분 보유."
154232,지주사,118,1348,028080,휴맥스홀딩스,2,kosdaq,-4.1,5850,0,0,0,"코스닥 상장사인 휴맥스 등을 자회사로 보유한 휴맥스그룹 지주회사. 주 수익원은 자회사의 브랜드 사용료, 배당수익 등."
154232,지주사,119,2545,088390,이녹스,2,kosdaq,-4.19,7310,0,0,0,"기존 이녹스에서 지주회사 사업이 인적분할되어 변경 상장된 업체. 인적분할 신설법인 이녹스첨단소재(IT소재 제조 및 판매), 알톤스포츠(자전거 제조 및 판매) 등을 자회사로 보유."
154232,지주사,120,1392,030530,원익홀딩스,2,kosdaq,-4.69,17880,0,0,0,원익그룹 지주회사
154232,지주사,121,3289,900290,GRT,2,kosdaq,-4.94,2600,0,0,0,"중국 소재 중간지주회사인 외상독자기업(WOFE) 강소준휘광전과기유한공사(준휘광전) 지분 100%를 소유한 홍콩지주회사. 외상독자기업(WOFE) 준휘광전은 강음통리광전과학기술유한공사(통리광전) 지분 100%를 소유하고 있으며, 강소혜지신재료과기유한공사(혜지신재료) 지분 84.81%를 소유하고 있음. 실질영업회사는 중국 내 포장필름 및 광학보호필름 제품의 개발, 제조 및 판매 사업을 영위하는 통리광전과 혜지신재료임."
154232,지주사,122,600,004800,효성,1,kospi,-5.26,156700,0,0,0,"효성그룹 계열의 지주회사. 기존 사업 중 섬유/무역, 중공업/건설, 산업자재, 화학 사업부문을 각각 인적분할함에 따라 자회사 지분의 관리 및 투자, 연구용역, 그룹CI 관리, 인테리어(안양공장 생산/판매) 등을 주요 사업으로 영위. 상장사인 효성ITX㈜를 비롯해 효성티앤에스㈜(舊 노틸러스효성㈜) 등을 자회사로 보유하고 있으며, 인적분할 뒤 재상장한 효성티앤씨(주)(섬유/무역), 효성중공업(주)(중공업/건설), 효성첨단소재(주)(산업자재), 효성화학(주)(화학) 등을 계열사로 보유."
154232,지주사,123,1352,028260,삼성물산,1,kospi,-5.56,424500,0,0,0,"삼성전자, 삼성엔지니어링, 삼성SDS 등의 지분을 보유하고 있어 삼성그룹의 중간 지주회사 역할을 담당."
154232,지주사,124,3200,229640,LS에코에너지,1,kospi,-5.62,47850,0,0,0,"베트남 전력케이블 생산법인인 LS-VINA Cable & System Joint Stock Co.와 전력 및 통신케이블 생산법인인 LS Cable & System Vietnam Co., Ltd 등을 종속회사로 두고 있는 LS그룹 계열의 외국기업지배지주회사."
154232,지주사,125,1589,036710,심텍홀딩스,2,kosdaq,-5.97,3385,0,0,0,舊 심텍이 제조사업부문을 인적분할함에 따라 투자사업을 영위하는 지주회사. 반도체 및 통신기기용 인쇄회로기판(PCB) 사업을 영위하는 심텍을 자회사로 보유.
154232,지주사,126,1451,032940,원익,2,kosdaq,-6.08,5720,0,0,0,원익은 시가총액 900억원 수준의 지주사가 총자산 약 5조원 규모 원익그룹을 실질적으로 지배하고 있는 옥상옥 지주사
154232,지주사,127,1513,034730,SK,1,kospi,-6.15,626000,0,0,0,"SK그룹의 사업지주회사. SK이노베이션(주), SK텔레콤(주), SK네트웍스(주), SK머티리얼즈(주), SK건설(주), SKC(주), SK E&S(주), SK바이오팜(주), SK임업(주) 등의 자회사를 보유."
154232,지주사,128,299,000150,두산,1,kospi,-6.38,1320000,0,0,0,"두산그룹의 사업형 지주회사. 주요 종속회사로는 두산중공업㈜, 두산인프라코어㈜, 두산밥캣㈜, 두산건설㈜, ㈜오리콤 등."
154232,지주사,129,3287,900270,헝셩그룹,2,kosdaq,-6.84,599,0,0,0,진장헝셩완구유한회사와 췐저우Jazzit어페럴유한회사 등을 종속회사로 보유한 홍콩 지주회사.
154232,지주사,130,349,000880,한화,1,kospi,-7.87,101800,0,0,0,"방위사업 전문업체로 한화그룹의 실질적 지주회사. 연결대상 종속회사로 한화케미칼, 한화생명보험, 한화테크윈, 한화호텔앤드리조트, 한화건설, 한화에어로스페이스, 한화이글스, 에이치에스아이(구, 한화큐셀) 등을 보유."
154232,지주사,131,162765,402340,SK스퀘어,1,kospi,-9.3,1356000,0,0,0,"SK스퀘어는 SK(주)의 손자회사가 직접 인수·합병할 수 없는 한계를 극복하기 위해 설립. SK하이닉스, 11번가, 원스토어, 티맵모빌리티 등 12개 자회사를 거느림."
154232,지주사,132,3290,900300,오가닉티코스메틱,2,kosdaq,-9.76,2080,0,0,0,중국 소재 중간지주회사 푸젠통호무역유한공사(통호무역)를 100% 자회사로 보유한 홍콩 지주회사. 중국내 유아용 화장품 전문 업체 푸젠해천약업과기발전유한공사(해천약업)을 손자회사로 보유.
154232,지주사,133,2377,077360,덕산하이메탈,2,kosdaq,-10.53,8500,0,0,0,"반도체 패키징 재료인 솔더볼(Solder Ball) 제조/판매 사업과 지주사업을 영위하는 사업형 지주회사. 주요 매출처는 삼성전자, SK하이닉스, 스테츠칩팩코리아, 시그네틱스 등. 연결대상 종속회사로 덕산에스지(주)(전자기기 및 모바일용 비산방지 데코필름 및 전사 필름을 제조, 판매)를 보유."
154232,지주사,134,1569,036420,콘텐트리중앙,1,kospi,-23.75,1220,0,0,0,"중앙일보 계열의 지주사업과 영화 및 방송 콘텐츠 투자사업을 영위하는 업체. 2015년 지주회사로 전환했으며, 멀티플렉스 극장(메가박스 등) 운영사업을 영위하는 메가박스중앙(주)과 드라마 제작 및 콘텐츠 유통사업 등을 영위하는 제이티비씨스튜디오(주) 등을 자회사로 보유."
165277,의료AI,1,167428,365660,레몬헬스케어,2,kosdaq,30,12220,0,0,0,실시간 양방향 의료마이데이터 중계 플랫폼 영위
165277,의료AI,2,167376,494120,큐리오시스,2,kosdaq,11.87,27800,0,0,0,"랩오토메이션 제품군 개발. 랩 오토메이션 제품군은 단위작업 자동화, 전공정 자동화로 구분되며 바이오파운드리 분야 합성생물학 자동화 기반 인프라에서 활용"
165277,의료AI,3,152572,279600,미디어젠,2,kosdaq,9.13,4005,0,0,0,KISTI와 AI 기반 ‘신약 후보물질 정보 생성 장치’ 공동 특허 등록
165277,의료AI,4,162877,359090,씨엔알리서치,2,kosdaq,7.45,1889,0,0,0,"관계회사인 트라이얼인포매틱스의 ‘Aid-U’라는 제품이 FDA 510(K) 허가. Aid-U는 기존 PACS(영상저장 전송시스템 (Picture Archiving and Communication System)) 서비스를 웹 기반 플랫폼으로 전환하여 의료진에게 장소와 장치에 구애받지 않고 빠른 영상 판독 서비스를 제공할 수 있으며, AI 와 연동 가능한 구조로 설계"
165277,의료AI,5,167272,475960,토모큐브,2,kosdaq,5.11,34950,0,0,0,홀로토모그래피(3차원 굴절률 토모그램을 측정하는 레이저) 기반으로 살아있는 오가노이드를 실시간 관찰할 수 있는 이미징 기술을 보유
165277,의료AI,6,166289,388870,파로스아이바이오,2,kosdaq,4.05,5650,0,0,0,자체 구축한 AI 기반의 신약개발 플랫폼 '케미버스(Chemiverse)'를 활용하여 희귀 난치성 질환 중심의 혁신신약 개발
165277,의료AI,7,162686,372800,아이티아이즈,2,kosdaq,3.3,3130,0,0,0,오픈소스 기반 의료 AI CDSS(Clinic Decision Support System) 솔루션 개발. 'GenAI-MEDI'는 기존 AI 솔루션의 단점과 부담감을 크게 개선
165277,의료AI,8,167288,382150,온코크로스,2,kosdaq,2.6,3755,0,0,0,자체 개발한 AI 플랫폼 '랩터 AI(RAPTOR AI)'를 통해 신약 후보 물질이나 이미 개발된 약물에 대한 최적의 정응증(치료범위)을 발굴하는 서비스를 제공
165277,의료AI,9,167227,458870,씨어스테크놀로지,2,kosdaq,2.17,35300,0,0,0,웨어러블 의료기기 및 AI 기술을 바탕으로 진단 및 모니터링 서비스를 제공하는 기업
165277,의료AI,10,2890,127120,제이에스링크,2,kosdaq,1.63,37500,0,0,0,한국형 의료 AI개발을 목표로 세브란스병원 및 한국마이크로소프트(MS) 셀바스AI 등 10개 기업과 ‘한국형 디지털 헬스케어 공동연구’ 협약 체결
165277,의료AI,11,156843,229000,젠큐릭스,2,kosdaq,0.58,1723,0,0,0,"젠큐릭스, 딥바이오와 AI 암 진단 분야 MOU체결"
165277,의료AI,12,3123,208370,셀바스헬스케어,2,kosdaq,0.54,2805,0,0,0,"정부의 AI 기반 의료시스템 디지털 전환 지원 사업 추진소식에 부각, 원격의료 하드웨어 제작으로 노인 및 취약층을 위한 메디케어 사업 영위 부각"
165277,의료AI,13,153265,311690,CJ 바이오사이언스,2,kosdaq,0.45,4430,0,0,0,인공지능(AI) 기반 신약 개발 플랫폼 ‘이지엠(Ez-Mx)’ 개발
165277,의료AI,14,3213,238120,얼라인드,2,kosdaq,0.15,3275,0,0,0,미국 AI 기반 신약개발 기업 Generate Biomedicines 이달 말 나스닥 상장을 목표로 IPO. 2021년 10월 제너레이트의 시리즈B 라운드에 국내 최초 전략적 투자자로 참여
165277,의료AI,15,160384,338220,뷰노,2,kosdaq,0,7880,0,0,0,도입된 정부 공공의료 AI ‘닥터앤서’ 자문기업
165277,의료AI,16,3141,214390,경보제약,1,kospi,0,5190,0,0,0,제이엘케이와 의료AI에 기반한 플랫폼 판매 공동 사업 추진 이력 부각
165277,의료AI,17,167394,0007C0,아크릴,2,kosdaq,0,0,0,0,0,헬스케어 특화 플랫폼 '나디아'로 헬스케어 데이터 표준화를 진행하고 AI 의료기기 개발을 지원하는 플랫폼 운영
165277,의료AI,18,153086,322510,제이엘케이,2,kosdaq,-0.24,4110,0,0,0,인공지능 의료분석 솔루션개발 및 데이터분석 업체
165277,의료AI,19,1772,041920,메디아나,2,kosdaq,-0.29,10490,0,0,0,실시간 원격 환자 모니터링 AI 예측 진단 솔루션인 PMD와 CMS를 핵심 사업으로 육성
165277,의료AI,20,163636,328130,루닛,2,kosdaq,-0.45,11070,0,0,0,의료영상 암의 진단 및 치료 인공지능 솔루션 공급
165277,의료AI,21,3145,214680,디알텍,2,kosdaq,-0.69,1151,0,0,0,AI 딥러닝 기반 저선량 고화질 X-Ray 기술 보유
165277,의료AI,22,166688,384470,코어라인소프트,2,kosdaq,-1.33,2960,0,0,0,인공지능(AI) 의료영상 소프트웨어 사업 영위
165277,의료AI,23,2498,084650,랩지노믹스,2,kosdaq,-1.38,645,0,0,0,AI 알고리즘을 활용해 개인화된 ‘건강 진단 데이터 서비스’(IB서비스)를 보험사 등 금융 관련기관에 공급할 예정
165277,의료AI,24,167356,380550,뉴로핏,2,kosdaq,-1.66,9500,0,0,0,"MRI·PET-CT 등 의료영상을 분석해 알츠하이머병 진단부터 치료제 처방, 치료 효과 측정, 부작용 모니터링 등을 지원"
165277,의료AI,25,165613,393210,토마토시스템,2,kosdaq,-1.74,2255,0,0,0,미국 의료 AI 관리 시스템 개발 및 진출 준비중으로 노인 및 취약층을 위한 메디케어 정책 수혜주로 부각
165277,의료AI,26,167346,340450,지씨지놈,2,kosdaq,-1.75,4775,0,0,0,‘인공지능(AI) 기반 무세포 DNA의 종양 유래 변이 검출 방법 및 이를 이용한 암 조기 진단 방법’에 대한 특허가 일본에서 공식 등록
165277,의료AI,27,153089,226330,신테카바이오,2,kosdaq,-1.91,1589,0,0,0,빅데이터 기반 AI기술인 알고리즘 개인유전체맵플랫폼 기술 보유 및 AI 신약개발 플랫폼 미국 론칭
165277,의료AI,28,1651,038070,서린바이오,2,kosdaq,-2.12,4385,0,0,0,AI 기반 오믹스 분석서비스 사업 협약 체결
165277,의료AI,29,2780,108860,셀바스AI,2,kosdaq,-2.19,7130,0,0,0,셀바스AI 계열사인 셀바스헬스케어는 20일 AI 의료 사업을 공동으로 추진하고 있는 미국의 울트라사이트와 합작법인(조인트벤처·JV) 설립 계약을 체결
165277,의료AI,30,156175,223250,드림씨아이에스,2,kosdaq,-2.24,3280,0,0,0,임상시험 결과를 미리 예측하는 의료 AI 진단 솔루션 개발
165277,의료AI,31,164005,419540,비스토스,2,kosdaq,-2.26,3240,0,0,0,가정용 AI 태아심음측정기는 현재 의료기기 개발 및 병원용 다기능 스마트 인큐베이터는 시제품 제작에 들어가 올 연말 상용화를 계획
165277,의료AI,32,167290,398120,에스지헬스케어,2,kosdaq,-2.37,2060,0,0,0,"인공지능(AI) 솔루션 기반 영상진단의료기기 기업,  자회사 민트랩스, 청담해리슨병원과 함께 의료 AI 기반 재활 로봇 개발을 위한 업무협약(MOU)을 체결"
165277,의료AI,33,163202,376930,노을,2,kosdaq,-2.59,714,0,0,0,혈액암 등 AI진단 플랫폼 개발
165277,의료AI,34,167358,468530,프로티나,2,kosdaq,-2.92,24950,0,0,0,"세계 최초로 단일 분자 수준의 단백질간 상호작용을 분석할 수 있는 플랫폼 SPID(Single-molecule Protein Interaction Detection) 플랫폼을 상용화, 서울대 연구진과 함께 국책 과제를 수주해 'AI(인공지능) 항체 신약개발 플랫폼'을 연구"
165277,의료AI,35,167336,376900,로킷헬스케어,2,kosdaq,-3.12,37300,0,0,0,인공지능(AI)과 3D 바이오프린팅 기술을 기반으로 한 재생의학 전문 바이오 헬스케어 기업
165277,의료AI,36,167276,394800,쓰리빌리언,2,kosdaq,-3.16,5820,0,0,0,AI기반 희귀질환 진단 검사 기술을 보유한 기업으로 환자의 질병을 유발한 원인 유전변이 등을 진단 검사
165277,의료AI,37,162672,389030,지니너스,2,kosdaq,-3.57,2160,0,0,0,신약개발 바이오텍 '파로스아이바이오'와 인공지능(AI)을 활용한 혁신신약개발을 위한업무협약(MOU) 체결 이력 부각
165277,의료AI,38,162099,315640,딥노이드,2,kosdaq,-3.78,1501,0,0,0,인공지능 의료기기 DEEP:AI 등 판매
165277,의료AI,39,165725,340810,시선AI,2,kosdaq,-3.78,2290,0,0,0,미래형 건강관리 플랫폼 운영기업 마이베네핏과 AI 헬스케어 서비스 개발을 위한 업무협약 체결
165277,의료AI,40,159122,354200,엔젠바이오,2,kosdaq,-6.94,737,0,0,0,AI 정밀진단 플랫폼 기업. LG AI연구원과 라이선스 계약
165277,의료AI,41,160710,347700,스피어,2,kosdaq,-16.33,20500,0,0,0,전립선암 발병·재발 예측 AI솔루션 관련 특허 2종 획득
162887,AI(인공지능),1,158610,301300,바이브컴퍼니,2,kosdaq,9.97,1500,0,0,0,"인공지능, 빅데이터 기반 서비스 제공업체. 기업, 공공기관, 개인 등 사회전반에 인공지능과 빅데이터를 기반으로 한 서비스를 제공하고 있으며, 주요 기술제품은 SOFIA 플랫폼을 기반으로 개발된 AI Analytics 제품(Some Trend, AI Solver)와 AI Assistant 제품(AI Report, AI Agent) 등이 있음."
162887,AI(인공지능),2,152572,279600,미디어젠,2,kosdaq,9.13,4005,0,0,0,AI음성 인식 전문 업체인 뉘앙스와 파트너 계약 체결
162887,AI(인공지능),3,158415,352820,하이브,1,kospi,7.91,232000,0,0,0,AI기반 가창 업체 '수퍼톤' 인수
162887,AI(인공지능),4,569,004270,남성,1,kospi,6.97,7520,0,0,0,KT와 아마존이 공동 개발한 음성 AI 알렉사오토를 탑재한 인포테인먼트 기기 개발
162887,AI(인공지능),5,163213,288980,모아데이타,2,kosdaq,6.08,1012,0,0,0,인공지능을 활용한 이상탐지 기술 제공
162887,AI(인공지능),6,1142,018260,삼성에스디에스,1,kospi,6.05,205000,0,0,0,글로벌 투자회사 KKR과 손잡고 AI·M&A 투자 확대. 국회에 생성형 AI 도입.
162887,AI(인공지능),7,2399,078860,아이오케이이엔엠,2,kosdaq,4.36,2870,0,0,0,인공지능(AI) 반도체 팹리스 업체인 리벨리온의 초기 투자자로 그레이트스톤 사모펀드(PEF)를 통해 리벨리온 주식을 주식을 보유
162887,AI(인공지능),8,3112,205100,엑셈,2,kosdaq,4.23,1527,0,0,0,AI(인공지능) 기반 빅데이터 서비스 플랫폼 서비스 사업 수주 이력 보유
162887,AI(인공지능),9,1199,021040,대호특수강,2,kosdaq,3.31,935,0,0,0,"단 한 장의 의상 이미지로 원하는 AI모델에 의상을 착장시키고, 배경생성과동작구현까지 되는 AI패션 서비스 기술을 보유, 세계 최초의 상업적 활용이며, 기존 방식 대비 10분의1 비용으로 구현 가능, 현재 주요 기술 구현했으며 2025년부터 본격 사업화할 계획"
162887,AI(인공지능),10,1181,019680,대교,1,kospi,3.17,977,0,0,0,지분보유한 투블럭에이아이가 '챗GPT'와 같은 AI 활용방법에 대한 특허 2건 등록
162887,AI(인공지능),11,162135,099390,브레인즈컴퍼니,2,kosdaq,2.45,3350,0,0,0,AI(인공지능) 클라우드 전문회사 '에이프리카' 인수
162887,AI(인공지능),12,686,006280,녹십자,1,kospi,2.04,125000,0,0,0,"GC 지놈, AI 기반 NIPT 분석알고리즘 개발"
162887,AI(인공지능),13,3227,246690,TS인베스트먼트,2,kosdaq,2,1629,0,0,0,AI관련 기술과 특허취득한 국내 AI 페르소나와 협력한 회사에 투자
162887,AI(인공지능),14,2064,054300,팬스타엔터프라이즈,2,kosdaq,1.98,980,0,0,0,퓨리오사AI와 방위산업 공동진출 등을 위한 사업협력 계약을 체결
162887,AI(인공지능),15,2990,150900,파수AI,2,kosdaq,1.91,3205,0,0,0,'FDI(Fasoo Digital Intelligence) 2024'를 에서 생성형 AI 전략 발표 예정. 앞서 기업용 경량언어모델(sLLM) '파수 ELLM' 출시를 알리며 AI 기업으로 거듭나겠다는 의지를 밝힘
162887,AI(인공지능),16,1385,030200,KT,1,kospi,1.83,55500,0,0,0,AI 보이스 스튜디오에 '생성형 AI' 기능 확대. 대화형 초거대 AI 서비스 개발 및 상용화 예정
162887,AI(인공지능),17,2245,066570,LG전자,1,kospi,1.83,189100,0,0,0,딥러닝 기반의 인공지능 플랫폼 '씽큐(ThinQ)' 개발. 인공지능이 탑재된 OLED TV AI ThinQ 모델 개발. 인공지능 스피커 'LG 엑스붐 AI 씽큐(ThinQ)'를 출시.
162887,AI(인공지능),18,2702,100030,인지소프트,2,kosdaq,1.69,16820,0,0,0,`인공지능(AI) 이미지 인식기술 보유
162887,AI(인공지능),19,3037,175140,휴먼테크놀로지,2,kosdaq,1.51,2350,0,0,0,"인하대학교병원과 AI, 웨어러블 기술을 활용한 '격리병동 입원환자를 위한 비대면 환자 케어 서비스 제공 및 IoMT(의료사물인터넷) 웨어러블 단말을 도입해 비대면 스마트 간호서비스를 제공"
162887,AI(인공지능),20,1540,035610,솔본,2,kosdaq,1.42,3920,0,0,0,국내 공공기관 등에 AI 챗봇을 구축한 '와이즈넛' 지분 보유
162887,AI(인공지능),21,1541,035620,바른손이앤에이,2,kosdaq,1.4,722,0,0,0,"생성형 AI 기술을 본격 도입하며, 기술과 상상력이 결합된 새로운 방식의 콘텐츠 제작 프로젝트를 전개"
162887,AI(인공지능),22,1904,047560,이스트소프트,2,kosdaq,1.39,8020,0,0,0,삼성웰스토리에 인공지능(AI) 서비스 공급
162887,AI(인공지능),23,3266,277070,린드먼아시아,2,kosdaq,1.3,3115,0,0,0,웨인힐스 오픈AI GPT스토어 참여에 따라 웨인힐스 벤처스의 시리즈 A라운드 투자 및 지분 보유 부각
162887,AI(인공지능),24,2576,090150,아이윈,2,kosdaq,1.21,503,0,0,0,자회사 프로닉스가 세계 최초로 공진을 활용해 음성신호를 만들 수 있는 AI기술 보유
162887,AI(인공지능),25,2221,065650,하이퍼코퍼레이션,2,kosdaq,1.19,1867,0,0,0,생성형 AI 영상 제작 기업 디렉터스테크와 AI 기반 영상 기술을 통한 사업 협력에 대한 전략적 업무협약 체결 부각
162887,AI(인공지능),26,1578,036570,NC,1,kospi,0.99,255000,0,0,0,인공지능 자회사 NC AI 운영
162887,AI(인공지능),27,2949,139670,키네마스터,2,kosdaq,0.89,1478,0,0,0,동영상 편집앱 '키네마스터'를 개발. 오픈 AI의 영상  AI 시스템 소라가 공개되자 수혜주로 부각
162887,AI(인공지능),28,166732,418470,KT밀리의서재,2,kosdaq,0.81,9990,0,0,0,"기존에 보유한 도서 콘텐츠에서 생성형 AI를 활용해 2차 콘텐츠 제작. 효과음과 배경 음악을 넣어 영상 형태로 책을 읽을 수 있는 ‘AI 오브제북’과 책을 요약하고 해설해주는 ‘AI 도슨트북’ 서비스 제공. 밀리의서재가 AI 콘텐츠를 가공하는 형태에서 나아가, 이용자가 원하는 콘텐츠를 직접 AI로 만드는 서비스도 출시될 것이란 전망."
162887,AI(인공지능),29,1771,041910,폴라리스AI파마,2,kosdaq,0.58,5170,0,0,0,폴라리스 그룹이 에스텍파마의 제3자배정 유상증자에 총 약 51억원규모로 참여. 제약산업에 AI(인공지능)를 접목할 계획
162887,AI(인공지능),30,167254,351870,차이커뮤니케이션,2,kosdaq,0.47,1938,0,0,0,AI 기반 광고 콘셉트 에이전트 Ai-CEPT 공개
162887,AI(인공지능),31,1816,043610,KT지니뮤직,2,kosdaq,0.35,1428,0,0,0,음악 플랫폼 AI 스타트업 '주스' 지분인수 및 AI 라디오 출시
162887,AI(인공지능),32,1531,035420,NAVER,1,kospi,0.31,197200,0,0,0,초거대 인공지능(AI) 하이퍼클로바X와 대화형 에이전트 클로바X 서비스 베타 출시 예정
162887,AI(인공지능),33,153364,258790,소프트캠프,2,kosdaq,0.27,3725,0,0,0,글로벌 최대 번역 서비스 및 솔루션 기업 RWS의 인공 신경망 기계 번역 솔루션 '랭귀지 위버'의 국내 파트너사
162887,AI(인공지능),34,603,004840,DRB동일,1,kospi,0.23,4330,0,0,0,인공지능(AI)과 가상현실(VR) 기술을 결합한 초고속 개발 프로세스 공개
162887,AI(인공지능),35,2333,072130,유엔젤,1,kospi,0.19,5260,0,0,0,AI(인공지능) 기술 기반  지능형 서비스 제공. 교육부와 EBS가 개발한 인공지능 영어교육 시스템 'AI 펭톡'이 개방형 프로그램으로 전환되며 EBS와 업무협약 체결 이력을 보유한 점이 부각.
162887,AI(인공지능),36,162058,058970,엠로,2,kosdaq,0.18,16410,0,0,0,AI기반 기업용 소프트웨어 공급
162887,AI(인공지능),37,704,006620,동구바이오제약,2,kosdaq,0.13,3765,0,0,0,"자회사, AI 신약 개발사에 40억원 투자"
162887,AI(인공지능),38,157063,304100,솔트룩스,2,kosdaq,0.08,12200,0,0,0,"AI Suite, Big Data Suite, Graph DB Suite 소프트웨어 판매, 개발 및 Cloud Service를 주요 사업으로 영위. 특히, 4대 제품(AI, Big Data, Cloud Service, GraphDB)을 기반으로 고객의 인공지능, 빅데이터 활용 니즈에 최적화된 총 3개 분야의 사업(심층질의응답 기반 대화형 인공지능, 기계학습 기반 증강분석 빅데이터, 인공지능 클라우드 서비스)을 전개. 구글협력 세계최초 가상현실·인공지능 AI 결합 기술 보유 부각"
162887,AI(인공지능),39,167427,0039P0,매드업,2,kosdaq,0,0,0,0,0,
162887,AI(인공지능),40,160095,321820,아티스트컴퍼니,2,kosdaq,0,2420,0,0,0,"AI/빅데이터 기반 퍼포먼스 타겟팅 광고 플랫폼업체. 국내 최고의 DMP 기반 DSP 사업자로서 국내 DSP 사업자 중 최대 규모의 트래픽과 광고 거래량, 처리 속도를 기록하며 최적화된 타겟팅 광고 서비스를 제공."
162887,AI(인공지능),41,1444,032790,엠젠솔루션,2,kosdaq,0,1090,0,0,0,서울 지자체에 AI인파 대응 관제 시스템 공급
162887,AI(인공지능),42,2135,058860,KTis,1,kospi,0,2580,0,0,0,KT가 대화형 초거대 AI 서비스 개발 및 상용화 예정
162887,AI(인공지능),43,163544,148780,비큐AI,2,kosdaq,0,476,0,0,0,국내 유일한 WIGO AI(인공지능) 기반의 분석 플랫폼 ‘위고몬(WIGO MON)’ 서비스 진행
162887,AI(인공지능),44,163076,276040,스코넥,2,kosdaq,0,327,0,0,0,AI 기술을 활용해 메타와 메타버스 게임 공동 개발
162887,AI(인공지능),45,2278,067920,이글루,2,kosdaq,0,5000,0,0,0,"이글루코퍼레이션은 인공지능(AI) 관련 특허 등록을 완료. 다중 모델을 활용해 AI의 신뢰도를 높이는 기술,  AI 예측 데이터에 룰 필터링(Rule Filtering)을 적용하는 기술 등임"
162887,AI(인공지능),46,167394,0007C0,아크릴,2,kosdaq,0,0,0,0,0,"감성인식엔진을 개발하며 국내 인공지능 산업을 개척, GPU 구동 효율 개선과 LLM 운영 자동화 등 기능 제공"
162887,AI(인공지능),47,167306,064400,LG씨엔에스,1,kospi,0,74000,0,0,0,오픈AI 공식 파트너 선정
162887,AI(인공지능),48,3449,090370,메타랩스,1,kospi,-0.09,1118,0,0,0,인공지능(AI) 기반 병원경영지원(MSO) 시스템 보유
162887,AI(인공지능),49,2190,064480,브리지텍,2,kosdaq,-0.17,2885,0,0,0,KT와 하나카드AICC 챗봇 콜봇 구축 계약 체결 이력 보유
162887,AI(인공지능),50,163728,328380,솔트웨어,2,kosdaq,-0.19,2565,0,0,0,"아마존 베드록(Amazon Bedrock)을 활용, 생성형 인공지능(AI)으로의 전환을 지원하는 단계별 고객 맞춤형(Fit) 컨설팅 서비스 'FitCloud(핏클라우드) AI'를 론칭"
162887,AI(인공지능),51,607,004920,씨아이테크,1,kospi,-0.21,936,0,0,0,AI 음성인식을 적용한 키오스크 개발. KT 기가지니 서비스를 AI 음성인식 키오스크에 내장.
162887,AI(인공지능),52,1557,036030,케이티알파,2,kosdaq,-0.22,4535,0,0,0,'KT AI 서비스로봇' 선보임
162887,AI(인공지능),53,167123,413640,비아이매트릭스,2,kosdaq,-0.33,6030,0,0,0,알고리즘을 활용한 빅데이터 분석 및 예측 사업 영위. KT와 기술 협약을 위한 MOU 체결.
162887,AI(인공지능),54,157665,060850,영림원소프트랩,2,kosdaq,-0.38,5180,0,0,0,AI챗봇 연계 ERP 출시
162887,AI(인공지능),55,164009,333050,이노테나,2,kosdaq,-0.39,5150,0,0,0,글로벌 최대 번역 서비스 및 솔루션 기업 RWS의 인공 신경망 기계 번역 솔루션 '랭귀지 위버'의 국내 파트너사
162887,AI(인공지능),56,163321,389140,포바이포,2,kosdaq,-0.4,4950,0,0,0,CES2024 혁신상에서 자체 개발한 화질 고도화 AI 솔루션 픽셀로 혁신상 수상
162887,AI(인공지능),57,163636,328130,루닛,2,kosdaq,-0.45,11070,0,0,0,"암 진단 관련 영상 판독 보조 솔루션인 Lunit INSIGHT, 암 치료 관련 이미징 바이오마커 솔루션인 Lunit SCOPE 보유"
162887,AI(인공지능),58,167350,463020,뉴엔AI,2,kosdaq,-0.45,6700,0,0,0,생성형 인공지능(AI) 기반 빅데이터 분석 전문 기업으로 고객사별 니즈에 맞춤형 AI 산업 서비스 제공
162887,AI(인공지능),59,165677,417790,트루엔,2,kosdaq,-0.46,6550,0,0,0,?Edge AI 카메라 사업 영위.
162887,AI(인공지능),60,1543,035720,카카오,1,kospi,-0.56,35400,0,0,0,데이터센터 건립을 통해 AI(인공지능) 기술 운영 및 관리.  초거대 AI 기술 사업화 속도낸다 밝힘
162887,AI(인공지능),61,2078,054920,한컴위드,2,kosdaq,-0.64,3110,0,0,0,`한컴그룹의 AI챗복 오피스톡 보유 부각. 오픈AI 공동설립 페이팔 피터틸에 투자
162887,AI(인공지능),62,3169,220180,핸디소프트,2,kosdaq,-0.83,1432,0,0,0,"마이크로소프트의 빅데이터, AI 활용 확장성을 지원하는 그룹웨어 소프트웨어 출시해 공급"
162887,AI(인공지능),63,160100,262840,아이퀘스트,2,kosdaq,-0.85,2900,0,0,0,빅데이터 기반 인공지능(AI) 회계처리 기술 보유
162887,AI(인공지능),64,2134,058850,KTcs,1,kospi,-0.88,2245,0,0,0,KT가 대화형 초거대 AI 서비스 개발 및 상용화 예정
162887,AI(인공지능),65,164796,417860,오브젠,2,kosdaq,-1.03,6730,0,0,0,AI 알고리즘 개발 및 AI 기술 접목한 초개인화 마케팅 솔루션 제공
162887,AI(인공지능),66,1127,017670,SK텔레콤,1,kospi,-1.16,85200,0,0,0,"AI 스피커, 인공지능 플랫폼 '누구' 보유 및 AI 로봇키트 출시"
162887,AI(인공지능),67,150742,307930,컴퍼니케이,2,kosdaq,-1.16,5970,0,0,0,AI음성만드는 스타트업에 컴퍼니케이 파트너스가 투자
162887,AI(인공지능),68,162741,377480,마음AI,2,kosdaq,-1.19,9150,0,0,0,"빅테크 기업들의 생성형 AI 모델을 조합해서 쓸 수 있는 플랫폼 공개. 자체 보유한 AI기술 및 엔진을 통해 종합 인공지능, 인공인간 서비스,스마트팩토리, 컨택센터 등에 필요한 AI 관련 기술제공"
162887,AI(인공지능),69,1671,038680,에스넷,2,kosdaq,-1.27,3110,0,0,0,자회사 굿어스가 엔비디아 AI 엔터프라이즈 솔루션 영역 승계 부각
162887,AI(인공지능),70,166729,450520,인스웨이브,2,kosdaq,-1.54,1795,0,0,0,오픈AI의 GPT 스토어 출범에 맞춰 맞춤형 기술지원 서비스 제공 예정. GPT 솔루션 벤더로서 GPT 스토어에 참여
162887,AI(인공지능),71,165613,393210,토마토시스템,2,kosdaq,-1.74,2255,0,0,0,"솔샘 인수 후 콜봇, 학사봇, 특허매칭서비스 등 AI 관련 사업 수행. AI 및 클라우드 관련 사업 지속 확대 예정."
162887,AI(인공지능),72,3021,163560,동일고무벨트,1,kospi,-1.74,5650,0,0,0,인공지능(AI)과 가상현실(VR) 기술을 결합한 초고속 개발 프로세스 공개
162887,AI(인공지능),73,2962,142210,유니트론텍,2,kosdaq,-1.78,5530,0,0,0,"유니트론텍의 로봇 AI 컴퓨팅 모듈 URC-100의 상용화가 임박. URC-100은 협동로봇과 AMR·서빙로봇 등의 자율주행 로봇에 탑재되는 컴퓨팅 모듈로, 로봇의 인지·판단·자율주행 기능에 필수적인 부품"
162887,AI(인공지능),74,3445,217500,러셀,2,kosdaq,-1.81,1414,0,0,0,자회사인 러셀로보틱스가 무인화 로봇인 무인운반차 공급
162887,AI(인공지능),75,167279,466410,사이냅소프트,2,kosdaq,-1.81,8160,0,0,0,AI 기술을 적용한 디지털 문서 활용 분야 사업 강화
162887,AI(인공지능),76,167143,445090,에이직랜드,2,kosdaq,-1.91,19050,0,0,0,광주에서 퓨리오사AI등과 함께 인공지능 반도체 생태계 조성
162887,AI(인공지능),77,163505,363260,모비데이즈,2,kosdaq,-1.92,818,0,0,0,"AI 기술 활용한 휴먼어드바이즈, 로봇어드바이저 등의 기술력 보유"
162887,AI(인공지능),78,162080,367000,플래티어,2,kosdaq,-2.04,2875,0,0,0,AI마케팅 솔루션 준비 및 AI 활용 이미지 기반 상품 추천 서비스 준비중. 초거대AI 구축 방안을 검토하는 카카오엔터와 협업 이력 보유.
162887,AI(인공지능),79,2628,093520,매커스,2,kosdaq,-2.06,16600,0,0,0,삼성전자가 인공지능(AI) 엔진을 탑재한 메모리 반도체 제품군을 확대하면서 수혜 기대감 부각. 국내 상장사 중 유일하게 자일링스의 총판을 맡고 있음.
162887,AI(인공지능),80,1995,052400,코나아이,2,kosdaq,-2.18,44900,0,0,0,"자회사 코나헬스케어, AI 알고리즘 기반 맞춤형 건강관리 플랫폼 '코나헬스' 출시"
162887,AI(인공지능),81,2780,108860,셀바스AI,2,kosdaq,-2.19,7130,0,0,0,국내에서 유일하게 음성인식 기반기술로 구현되는 인공지능 딥러닝 관련 제품 보유. 인공지능 브랜드 ‘셀비(Selvy)' 런칭.
162887,AI(인공지능),82,152406,300120,라온피플,2,kosdaq,-2.22,485,0,0,0,"한국지능정보사회진흥원과 차량 및 보호자, 신호에 대한 AI학습용 데이터 구축. 로봇을 활용한 'AI 축사 환경조사 방법 및 장치'에 관한 특허 취득. CCTV 기반 AI, 교통데이터 구축 사업 정부과제 계약. AI 제조물 결함 검출 기술 중국 특허 등록. DHL코리아에 AI 솔루션 '아이 킵' 공급"
162887,AI(인공지능),83,1941,049480,오픈베이스,2,kosdaq,-2.24,1829,0,0,0,자회사 ㈜데이타솔루션을 통해 인공지능 기반의 빅데이터 솔루션 사업을 영위.
162887,AI(인공지능),84,166607,355390,크라우드웍스,2,kosdaq,-2.24,1699,0,0,0,네이버의 주요 파트너사로 초대규모 AI 하이퍼클로바X 등 AI 서비스 개발에 필수인 데이터 구축에 참여. 데이터를 활용하여 국내 인공지능(AI) 학습 데이터 플랫폼 운영.
162887,AI(인공지능),85,155473,065370,위세아이텍,2,kosdaq,-2.32,2950,0,0,0,공공 분야 인공지능(AI) 기반 플랫폼 구축 사업 수주
162887,AI(인공지능),86,3166,219420,링크제니시스,2,kosdaq,-2.34,3550,0,0,0,16년 하반기 산업통상자원부 국가 연구개발 사업인 우수기술연구센터(ATC)지원사업에 선정되어 인공지능 기술 연구개발 진행중.
162887,AI(인공지능),87,163597,402030,코난테크놀로지,2,kosdaq,-2.35,11660,0,0,0,"사진, 영상 데이터 식별 및 데이터 수집기술, 텍스트 음성파일 변환 기술, 인공지능 기반 심층 텍스트 검색 및 분석 기술 보유"
162887,AI(인공지능),88,162725,290090,트윔,2,kosdaq,-2.39,4490,0,0,0,AI 딥러닝 비전 기술을 기반으로 공정자동화 솔루션을 제공
162887,AI(인공지능),89,164028,419120,산돌,2,kosdaq,-2.42,2625,0,0,0,이미지 생성형 인공지능(AI)’ 기술 확보
162887,AI(인공지능),90,167249,476080,M83,2,kosdaq,-2.44,3795,0,0,0,인공지능 R&D 회사 디블라트를 인수하여 AI 기반 컴퓨터 그래픽 기술 보유
162887,AI(인공지능),91,163225,388720,유일로보틱스,2,kosdaq,-2.48,70700,0,0,0,과학기술정보통신부와 정보통신산업진흥원이 주관하는 ‘2022년 인공지능(AI) 바우처 지원사업’ 과제에 최종 선정돼 공급기업으로 참여. 과기정통부로부터 AI공급우수기업으로 선정
162887,AI(인공지능),92,818,009140,경인전자,1,kospi,-2.58,22650,0,0,0,LG전자가 AI·IoT사업을 영위하는 '고퀄'에 투자하면서 고퀄의 지분을 보유한 경인전자 부각
162887,AI(인공지능),93,2887,126700,하이비젼시스템,2,kosdaq,-2.58,9800,0,0,0,AI반도체 전문 스타트업인 모빌린트와 MOU체결
162887,AI(인공지능),94,3428,293580,나우IB,2,kosdaq,-2.61,1379,0,0,0,퓨리오사 초기 투자사
162887,AI(인공지능),95,1752,041020,폴라리스오피스,2,kosdaq,-2.62,2975,0,0,0,AI 오피스 플랫폼으로 고도화
162887,AI(인공지능),96,3217,241520,DSC인베스트먼트,2,kosdaq,-2.72,8580,0,0,0,인공지능(AI) 반도체 팹리스 기업 퓨리오사AI의 초기 투자자. 퓨리오사AI가 창립한지 한달만인 지난 2017년 6월 네이버와 함께 프리A 투자를 진행. 이후 퓨리오사AI가 발행한 상환전환우선주(RCPS) 40억원치를 취득
162887,AI(인공지능),97,2747,104200,NHN벅스,2,kosdaq,-2.77,2805,0,0,0,구글 AI 어시스턴트 '구글홈'과 국내 업체 최초로 음원서비스 연동
162887,AI(인공지능),98,151845,286750,나노실리칸첨단소재,2,kosdaq,-2.92,1864,0,0,0,엠젠솔루션과 AI 재난안전 시스템 및 나노 기술 관련 전략적 제휴 협약을 체결
162887,AI(인공지능),99,163031,373200,엑스플러스,2,kosdaq,-2.95,2630,0,0,0,퓨리오사 자금 유치에 참가한 인텔렉추얼디스커버리를 인수한 엑스페릭스의 자회사
162887,AI(인공지능),100,2882,124500,아이티센글로벌,2,kosdaq,-2.97,21250,0,0,0,자회사 시큐젠이 AI기반 생체인증 솔루션 공급
162887,AI(인공지능),101,151460,289010,아이스크림에듀,2,kosdaq,-3,938,0,0,0,AI 솔라를 개발한 업스테이지와  AI 스마트러닝 공동 연구 및 협력 중
162887,AI(인공지능),102,167304,452450,피아이이,2,kosdaq,-3.03,3355,0,0,0,"2차전지 배터리 결함을 찾아내는 AI SW, 영상처리 알고리즘 SW기술 보유"
162887,AI(인공지능),103,161704,303530,이노뎁,2,kosdaq,-3.04,2715,0,0,0,AI기반 영상 사업 영위. MS에 '이노코덱' 기술을 공급. 이노코덱 기술은 기존 표준 코덱 대비 컴퓨터 중앙처리장치(CPU)의 영상처리 속도를 2배 이상 개선
162887,AI(인공지능),104,1492,033640,네패스,2,kosdaq,-3.05,20650,0,0,0,IT부품소재 전문업체. 제너럴비전(GV)과 새로운 인공지능 뉴로모픽 칩 개발 및 생산을 위한 계약 체결.
162887,AI(인공지능),105,167219,389680,유디엠텍,2,kosdaq,-3.06,1521,0,0,0,핵심 기술은 AI 기반 기계어 처리 기술은 완전 무인화 공장에서 생산성을 높이고 품질 불량 원인을 추적하는 역할임. 핵심 제품은 ▲옵트라 트레커(OPTRA Tracker) ▲옵트라 블랙박스(OPTRA Black-Box)▲유심 어널라이저(UXIM Analyzer)등은 국내외 여러 기업과 다양한 산업 분야에 적용 중
162887,AI(인공지능),106,167322,444530,심플랫폼,2,kosdaq,-3.06,4905,0,0,0,인공지능(AI)와 사물인터넷(IoT)를 결합한 ‘AIoT’ 기술을 기반으로 산업 데이터를 효율적으로 수집·분석·활용하는 기업
162887,AI(인공지능),107,167370,488280,에스투더블유,2,kosdaq,-3.2,10280,0,0,0,SAIP(산업특화 생성형 AI 플랫폼) 운영
162887,AI(인공지능),108,163161,330730,스톤브릿지벤처스,2,kosdaq,-3.23,4650,0,0,0,업스테이지가 세계 최대 머신러닝 플랫폼 허깅페이스에서 운영하는 ‘오픈 LLM 리더보드’ 에서 세계 1위를 차지한 사전학습 LLM 솔라를 공개.  스톤브릿지벤처스는 소프트뱅크벤처스와 함께 업스테이지에 공동 투자
162887,AI(인공지능),109,160428,189330,씨이랩,2,kosdaq,-3.29,9710,0,0,0,AI 영상분석 전문기업. KT와 국방과학연구소를 비롯한 주요 기업 및 기관에 AI 영상 분석 플랫폼 제공.
162887,AI(인공지능),110,2643,094840,슈프리마에이치큐,2,kosdaq,-3.33,11600,0,0,0,온디바이스AI에 최적화된 지문인식 AI 알고리즘 제공
162887,AI(인공지능),111,151521,300080,플리토,2,kosdaq,-3.39,6830,0,0,0,AI 언어 빅데이터 전문기업.
162887,AI(인공지능),112,167192,443670,에스피소프트,2,kosdaq,-3.41,2835,0,0,0,"SPLA사업 및 DaaS사업, 클라우드 서비스 및 솔루션 서비스 영위하며 국내에서 최초로 '쳇GPT'를 적용한 가상 OS 개발을 발표"
162887,AI(인공지능),113,151714,317770,엑스페릭스,2,kosdaq,-3.51,2475,0,0,0,퓨리오사 자금 유치에 참가한 인텔렉추얼디스커버리를 인수
162887,AI(인공지능),114,2614,092600,앤씨앤,2,kosdaq,-3.52,2330,0,0,0,AI(인공지능) 기반 반도체와 베이다스의 AI 기반 사물인식 소프트웨어를 적용한 ADAS(첨단운전자 보조시스템) 기능을 강화한 블랙박스 개발
162887,AI(인공지능),115,163825,394280,오픈엣지테크놀로지,2,kosdaq,-3.62,10920,0,0,0,"AI 반도체 설계에 필요한 지적재산권(IP), 솔루션 제공"
162887,AI(인공지능),116,151040,239340,이스트에이드,2,kosdaq,-3.65,607,0,0,0,AI 기반 콘텐츠 비즈니스 통합 플랫폼 보유
162887,AI(인공지능),117,167263,475400,씨메스로보틱스,2,kosdaq,-3.66,16840,0,0,0,"인공지능(AI) 로봇 솔루션 전문기업으로 핵심기술은 로봇의 눈인 3D 비전 센서, 뇌를 담당하는 이미지 프로세싱 알고리즘, AI 기술을 로봇에 적용해 유연하고 정밀한 로봇제어가 가능케 하는 SW 기술 등을 보유"
162887,AI(인공지능),118,2968,143540,영우디에스피,2,kosdaq,-3.67,972,0,0,0,AI 서빙 로봇 '서빙고' 상용화 개시
162887,AI(인공지능),119,165045,411080,샌즈랩,2,kosdaq,-3.75,3975,0,0,0,AI 모델 탑재한 인공지능 딥러닝 제품 보유
162887,AI(인공지능),120,165725,340810,시선AI,2,kosdaq,-3.78,2290,0,0,0,AI 얼굴인식 알고리즘 분야 최고 권위 테스트인 NUST FRVT에서 글로벌 1위
162887,AI(인공지능),121,148884,290660,다이나믹솔루션,2,kosdaq,-3.96,1578,0,0,0,"인공지능(AI) 및 사물인터넷(IoT)기술을 기반으로 뇌졸중 등의 신경계 및 근골격계 질환을 가진 환자들의 재활훈련을 위한 재활의료기기 및 재활컨텐츠를 연구개발하고 제작, 생산, 판매를 주요사업으로 영위."
162887,AI(인공지능),122,3285,900250,크리스탈신소재,2,kosdaq,-3.97,1137,0,0,0,자회사인 이스하오퉁이 자체 개발한 '토큰 통합 플랫폼' 5개 대학 공동 테스트 개시
162887,AI(인공지능),123,1391,030520,한글과컴퓨터,2,kosdaq,-4.03,18080,0,0,0,"LG유플러스, 하나증권 등과 함께 인공지능 스타트업 포티투마루의 시리즈B 투자에 참여. 포티투마루와 전략적 파트너십을 체결해 두 기업 간 사업적 시너지 확대를 위한 협력관계를 구축한 이후 이번 지분 투자를 통해 AI 기술 확보 및 경쟁력을 강화하며 본격적인 AI 사업 전개"
162887,AI(인공지능),124,1730,039980,폴라리스AI,2,kosdaq,-4.06,4375,0,0,0,폴라리스오피스가 리노스를 인수. 또한 리노스는 '파워보이스' 인수를 통해 AI 사업 경쟁력을 강화.
162887,AI(인공지능),125,3250,263800,데이타솔루션,2,kosdaq,-4.09,4570,0,0,0,"데이터 수집, 저장 및 분석 솔루션에 이르는, 데이터와 관련한 토탈 서비스를 제공하는 데이터 통합 솔루션 전문 업체. 19년4월 한국기업데이터(KED), 피데스어드바이저리 등과 손잡고 AI 기반 '부실기업 진단 서비스' 제공."
162887,AI(인공지능),126,159190,347860,알체라,2,kosdaq,-4.13,1440,0,0,0,"인공지능(AI) 솔루션 및 인공지능 기반 제품 개발, 생산, 판매업체. 얼굴인식 AI와 이상상황 감지 AI, AI 학습 데이터 제작 등 3개 사업으로 구분되며, 용역 제공 및 라이선스 매출을 주요 사업영역으로 영위. AI와 모든 디바이스 연결해 실시간으로 영상 분석 및 문제 해결하는 혁신 AI '스마트뷰잉' 런칭"
162887,AI(인공지능),127,2533,086960,MDS테크,2,kosdaq,-4.23,1992,0,0,0,AI 사업 목적 추가
162887,AI(인공지능),128,3546,289080,SV인베스트먼트,2,kosdaq,-4.39,1830,0,0,0,AI 서비스 '믿음(MIDEUM)' 개발 컨소시엄에 참여한 AI 반도체 스타트업 라벨리온에 지분 투자 이력이 부각
162887,AI(인공지능),129,162674,357880,SKAI,2,kosdaq,-4.88,2435,0,0,0,그래프 데이터베이스 제공
162887,AI(인공지능),130,161758,357580,아모센스,2,kosdaq,-4.94,6160,0,0,0,‘사용자 정서상태 반응형’ 감정케어 인공지능(AI) 로봇개발
162887,AI(인공지능),131,3289,900290,GRT,2,kosdaq,-4.94,2600,0,0,0,중국 AI 서버 시장 점유율 50%이상인 낭조정보에 AI 소재 납품한 이력으로 딥시크 관련주로 부각
162887,AI(인공지능),132,167354,331740,아우토크립트,2,kosdaq,-4.94,7510,0,0,0,아랍에미리트(UAE) 인공지능(AI) 기반 지리 공간 솔루션 선도 기업 바야낫(Bayanat)와 협력
162887,AI(인공지능),133,162728,307870,비투엔,2,kosdaq,-4.98,1031,0,0,0,AI 분석 기법을 활용한 컨설팅 및 구축 서비스 수행
162887,AI(인공지능),134,163420,365590,하이딥,2,kosdaq,-5.21,892,0,0,0,"하이딥은 구글 어시스턴트를 채택하고 있는 갤럭시워치5 터치IC 독점 공급업체로 삼성의 갤럭시워치5는 구글 웨어OS를 기반으로 작동하고 있다. 갤럭시워치가 구글어시스턴트(Google Assistant, GA)를 도입하고 있기 때문에 ‘바드’ 성능이 검증되면 구글 웨어러블 OS에도 적용이 가능할 거란 기대감에 부각"
162887,AI(인공지능),135,149914,100590,머큐리,2,kosdaq,-5.34,3460,0,0,0,KT와 협력해 AI 스피커(GIGA Genie) 출시 및 독점 공급
162887,AI(인공지능),136,2400,078890,가온그룹,2,kosdaq,-5.35,4510,0,0,0,글로벌 유일 AI셋톱박스 제조 기업으로 KT의 'GIGA Genie'에 공급 중. 인공지능(AI) 음성비서 시장 확대에 따른 동사의 수혜 전망.
162887,AI(인공지능),137,155475,264850,이랜시스,2,kosdaq,-5.61,3955,0,0,0,삼성전자가 미래기술산업을 로봇과 인공지능을 발표하면서 삼성전자에 로봇청소기 감속기를 납품하는 이랜시스가 부각
162887,AI(인공지능),138,150915,117730,티로보틱스,2,kosdaq,-5.62,12420,0,0,0,AI(인공지능)연구소 보유
162887,AI(인공지능),139,3114,205500,넥써쓰,2,kosdaq,-5.65,1485,0,0,0,크로쓰 생태계에 AI 에이전트를 도입하기 위해 i에이전트프로토콜과 업무협약을 체결하며 시장 확장
162887,AI(인공지능),140,3440,110990,디아이티,2,kosdaq,-5.93,17140,0,0,0,"서울 AI연구소 설립. AI머신 비젼 기술 연구, 개발, 적용 중"
162887,AI(인공지능),141,334,000660,SK하이닉스,1,kospi,-6.06,2201000,0,0,0,AI 반도체 개발을 위해 퀄컴과 파트너십
162887,AI(인공지능),142,167374,486990,노타,2,kosdaq,-6.35,19620,0,0,0,"AI 최적화 솔루션을 개발·공급하며, 자율주행, 스마트시티, 보안, 헬스케어 등 다양한 산업에 적용 중,  엔비디아 메트로폴리스 파트너이자 인셉션 프리미어 멤버"
162887,AI(인공지능),143,299,000150,두산,1,kospi,-6.38,1320000,0,0,0,엔비디아 인공지능(AI) 가속기 핵심 소재 중 하나인 동박적층판(CCL)을 공급
162887,AI(인공지능),144,150898,242040,나무기술,2,kosdaq,-6.52,4230,0,0,0,데이터기반의 다양한 인공지능 사업을 영위하고 있으며 나무기술이 레드햇과 공동출시한 인공지능플랫폼을 앤비디아가 도입한 이력 보유
162887,AI(인공지능),145,666,005930,삼성전자,1,kospi,-6.92,296000,0,0,0,주요 국가에 AI 연구소 개소. AI기반 삼성봇 출시. AI 반도체 개발
162887,AI(인공지능),146,167195,418620,E8,2,kosdaq,-7.09,773,0,0,0,"디지털트윈 솔루션 기업, 자체 개발한 ‘NDX 프로’는 데이터 기반 디지털 플랫폼으로 인공지능(AI), 사물인터넷(IoT), 클라우드, 3D 가시화 등 다양한 요소 기술을 통합해 사용자 맞춤형 디지털 트윈 환경 제공"
162887,AI(인공지능),147,167331,081180,쎄크,2,kosdaq,-7.35,5670,0,0,0,주력 사업인 반도체 및 배터리 산업용 X-ray System은 고객사 제품을 전수 검사할 수 있는 AXI System(자동 검사장비)가 있음. 자동 검사 성능 향상을 위해 AI 및 딥러닝 알고리즘을 개발해 탑재한 점도 강점으로 평가.
162887,AI(인공지능),148,167426,475040,스트라드비젼,2,kosdaq,-8.34,4505,0,0,0,Vision AI 기술을 기반으로 글로벌 완성차 업체(OEM) 및 고객사와 프로젝트 수행
162887,AI(인공지능),149,164020,291810,핀텔,2,kosdaq,-9.57,1294,0,0,0,고해상도 인공지능 영상분석 솔루션 제공
162887,AI(인공지능),150,1687,039010,현대에이치티,2,kosdaq,-9.65,7300,0,0,0,"인공지능(AI) 휴머노이드 로봇기업인 유비테크 로보틱스(Ubtech Robotics)의 국내 파트너사인 제이엠 로보틱, 유라이프 솔루션즈와 AI휴머노이드 로봇 활용 스마트홈 네트워크 구축 업무협약"
162887,AI(인공지능),151,150853,160980,싸이맥스,2,kosdaq,-15.29,30750,0,0,0,인공지능 초기 단계인 지능형 의료용 로봇 위탁생산한 전력보유
162887,AI(인공지능),152,167422,477850,마키나락스,2,kosdaq,-19.41,24500,0,0,0,AI 운영체제(AI OS) '런웨이(Runway)'를 기반으로 공공기관의 운영 시스템에 생성형 AI 기술을 적용
3378,수소차,1,3276,900070,글로벌에스엠,2,kosdaq,3.58,1070,0,0,0,"스페인법인(Industrias Gol, S.A.U)을 통해 알루미늄 단조개발이라는 과제명으로 미래 산업 전기, 수소자동차 경량화 연구개발을 진행."
3378,수소차,2,156963,290520,신도기연,2,kosdaq,3.07,1542,0,0,0,"합착기 및 탈포기 등의 디스플레이 장비(OLED, Flexible OLED 등) 및 수소연료전지 관련 장비 제조/판매. 수소 연료전지차 시장에서 2009년도부터 막전극접합체(MEA)를 진공과 열을 이용하여 합착하는 장비인 Vacuum Press를 개발해 왔으며, 2018년도부터 일부 고객사(국내 H사, 해외 G사)에 Pilot 및 양산 장비를 납품 개시."
3378,수소차,3,2837,120110,코오롱인더,1,kospi,2.78,59100,0,0,0,수소차에 채용되는 수소연료전지용 수분제어장치 공급.
3378,수소차,4,884,010770,평화홀딩스,1,kospi,2.56,4010,0,0,0,"자회사 피에프에스, 연료전지 가스켓 공급."
3378,수소차,5,161465,361670,삼영에스앤씨,2,kosdaq,1.83,3055,0,0,0,수소연료전지 배터리 효율을 10% 이상 증가시키는 수소연료전지용 온습도 센서 개발
3378,수소차,6,1600,036890,진성티이씨,2,kosdaq,1.71,14300,0,0,0,"두산퓨얼셀을 대상으로 수소연료전지부품인 압력판, 매니폴더를 독점 공급."
3378,수소차,7,2849,122350,삼기,2,kosdaq,1.71,1898,0,0,0,알루미늄 다이캐스팅 및 가공을 통해 자동차 엔진부품과 변속기부품을 개발/생산. 현대자동차의 수소전기차 '넥쏘'에 들어가는 모터써포트브라켓(BRKT MOTOR MTG SUPT)을 독점 공급중.
3378,수소차,8,3151,215360,우리산업,2,kosdaq,1.58,6440,0,0,0,현대차의 수소차에 PTC 히터(차량용 히터 제품) 독점 공급
3378,수소차,9,903,011230,삼화전자,1,kospi,1.47,3445,0,0,0,친환경자동차에서 필수적인 DC-DC CONVERTER(LDC) 및 ON- Board Charger(OBC) 모듈에 적용되는 페라이트 코어 공급. 페라이트 코어는 현대모비스와 공동 개발. 수소전기차 고효율 전원장치 등을 생산
3378,수소차,10,2979,145990,삼양사,1,kospi,1.3,46900,0,0,0,"삼양그룹 계열사로 식품사업(설탕, 밀가루, 유지, 홈메이드 제품 등)과 화학사업(엔지니어링 플라스틱, PET 용기, 이온교환수지, 터치패널용 소재, 폴리머 등) 등을 영위. 수소차용 이온교환필터에 사용되는 이온교환수지 개발에 성공하고 국내외 완성차 업체들에게 공급을 추진중."
3378,수소차,11,845,009680,모토닉,1,kospi,1.1,10080,0,0,0,"수소 연료전지 차량용 레귤레이터 관련 특허권 보유하고 있으며, 현대 수소차에 충전 관련 레귤레이터와 매디폴더 등 제품 납품. 수소연료전지차량의 수소 연료공급 시스템에 적용되는 압력 감압장치인 관련 특허 취득"
3378,수소차,12,831,009320,아진전자부품,1,kospi,0.87,928,0,0,0,"우신산업 계열의 자동차전장부품 및 콘덴서(알루미늄 전해 콘덴서, 탄탈륨 콘덴서) 제조/판매. 신규 사업으로 CCH(공조 제어 장치), PTC 히터를 양산중. 현대차 1차벤더를 통해 수소차에 물 공급 전기 펌프(Electronic Water Pump) 공급 중임. EWP(Electronic Water Pump)수소차용 등을 양산. 전기수소차용 공조장치 추가 개발 중"
3378,수소차,13,1476,033290,로젠,2,kosdaq,0.26,1554,0,0,0,"수소연료전지용 및 Hibrid자동차용 Film Capacitor, 방산전술차 모듈용 Film Capacitor를 개발."
3378,수소차,14,2440,081000,일진다이아,1,kospi,0.22,9190,0,0,0,"자회사 일진하이솔루스, 수소저장탱크 제조/판매."
3378,수소차,15,1245,023800,인지컨트롤스,1,kospi,0.18,5590,0,0,0,현대차에 수소차 온도를 제어하는 TMS 모듈 공급
3378,수소차,16,906,011320,유니크,2,kosdaq,0,3825,0,0,0,현대차와 공동으로 국책사업인 '고출력 고분자 전해질형 연료전지(PEMFC)시스템 실용화 기술개발' 완료. 수소제어모듈을 현대차에 독점 공급.
3378,수소차,17,167404,0001A0,덕양에너젠,2,kosdaq,0,0,0,0,0,고순도 산업용 수소로 전환·생산 이는 수소연료전지에 활용
3378,수소차,18,852,009830,한화솔루션,1,kospi,-0.16,31400,0,0,0,수소차용 수소탱크 생산
3378,수소차,19,1624,037370,EG,2,kosdaq,-0.17,3015,0,0,0,15년6월 고체수소저장소재개발 관련 국책과제에 선정되어 국책과제를 수행 중.
3378,수소차,20,1174,019540,일지테크,2,kosdaq,-0.17,6000,0,0,0,수소연료차 넥소에 DASH 외 1종 부품 납품.
3378,수소차,21,162189,271940,일진하이솔루스,1,kospi,-0.3,10070,0,0,0,현대차의 수소전기 전용차 모델 넥쏘에 수소연료탱크 공급 및 유럽 환경특장차 제조사인 독일 파운그룹에 수소연료저장 시스템 공급
3378,수소차,22,2042,053700,삼보모터스,2,kosdaq,-0.65,3840,0,0,0,2015년 관계회사인 코디박이 진행 중이던 수소차 연료전지 관련 기술을 이관받아 관련 연구를 진행 및 개발.
3378,수소차,23,2246,066590,스모트로닉,2,kosdaq,-0.67,2215,0,0,0,현대차 수소차 제품에 현대위아를 통해 감속기 부품 등의 제품을 공급.
3378,수소차,24,163078,377330,이지트로닉스,2,kosdaq,-0.87,2280,0,0,0,수소차용 전력변환장치 제조
3378,수소차,25,1920,048430,유라테크,2,kosdaq,-1.02,5810,0,0,0,유라테크의 관계사 유라코퍼레이션은 현대기아차의 수소차 1차 협력사
3378,수소차,26,1280,025320,시노펙스,2,kosdaq,-1.11,4440,0,0,0,수소연료전지용 강화막 공급.
3378,수소차,27,3258,265560,영화테크,2,kosdaq,-1.28,6960,0,0,0,스택 내 열 회수 및 냉각수 누설방지를 위한 전동식워터펌프 및 수소연료전지차용 고전압 부스터 시스템 개발 중.
3378,수소차,28,1486,033530,SJG세종,1,kospi,-1.29,6120,0,0,0,"수소전기차에 사용되는 센서류(각종 압력센서/냉각수 압력온도 센서/수위센서 등)와 핵심부품(수소 압력릴리프 밸브/스택용 워터트랩/수소 누설 모니터링 시스템/수소연료배기시스템등)을 생산. 100% 자회사인 ㈜세종이브이 설립을 통해 수소차 핵심 부품(수소연료전지차 연료전지 스택(stack)용 금속분리판) 시장에 본격 진출했으며, 현대차 넥쏘를 대상으로 2021년 초부터 금속분리판을 납품할 계획."
3378,수소차,29,2573,090080,평화산업,1,kospi,-1.53,838,0,0,0,그룹 계열사 평화오일씰공업이 수소연료전기자동차(FCEV)의 핵심부품인 연료전지 스택(Stack) 가스켓을 개발 완료.
3378,수소차,30,2999,154040,다산솔루에타,2,kosdaq,-1.6,797,0,0,0,수소차용 수소연료전지 가스켓 개발
3378,수소차,31,1471,033240,자화전자,1,kospi,-1.67,26500,0,0,0,현대자동차 수소차 넥소(NEXO)에 히터 납품
3378,수소차,32,1273,024900,디와이덕양,1,kospi,-1.67,1767,0,0,0,수소차 개발하는 현대차그룹의 1차 부품협력업체
3378,수소차,33,1003,013870,지엠비코리아,1,kospi,-1.72,3990,0,0,0,현대자동차 수소차에 수소연료 전지용 전동식 워터펌프(LMFC용 EWP) 공급.
3378,수소차,34,3534,298050,HS효성첨단소재,1,kospi,-1.76,156400,0,0,0,수소차에서 가장 중요한 핵심 소재 중 하나인 탄소섬유를 국내에서 유일하게 자체 생산할 수 있는 점이 시장에서 부각.
3378,수소차,35,2432,080470,성창오토텍,2,kosdaq,-1.81,2990,0,0,0,수소연료전지차 부품 개발
3378,수소차,36,150924,092780,DYP,1,kospi,-1.88,3400,0,0,0,"자동차용 엔진피스톤 제조. 친환경차 수요 대응 및 사업다각화를 목적으로 우신공업(주)의 수소연료전지 자동차용 인클로저 및 매니폴드 블록사업 사업 인수계약을 18년11월 체결했으며, 양수 완료함. 인클로저 및 매니폴드는 넥쏘 등 현대차 수소전기차(FCEV)에 납품."
3378,수소차,37,162550,382480,지아이텍,2,kosdaq,-1.9,1805,0,0,0,"수소차용 전극 코팅용 공급장치, 수소차용 분리막 코팅 제품 개발중"
3378,수소차,38,1679,038880,아이에이,2,kosdaq,-1.93,2540,0,0,0,"연결종속회사인 (주)아이에이파워트론을 통해 수소차에 적용되는 전력반도체 및 전력모듈 사업을 영위중이며, 전력반도체와 전력모듈 제품 등을 세원의 공조시스템에 적용할 예정. 전력제어, 전력변환 관련 모듈 프로젝트 개발을 진행중."
3378,수소차,39,3477,288620,에스프리즘,2,kosdaq,-1.97,4980,0,0,0,수소연료전지 제조
3378,수소차,40,1159,018880,한온시스템,1,kospi,-1.99,3695,0,0,0,친환경 공조기술인 하이브리드 에어컨 시스템과 대체 냉매 시스템 기술을 개발. 본사 및 고객들과의 협업을 통해 친환경차 공조시스템 생산 추진중.
3378,수소차,41,1164,019180,티에이치엔,1,kospi,-2.12,5990,0,0,0,수소차용 와이어하네스 공급
3378,수소차,42,555,004020,현대제철,1,kospi,-2.29,27750,0,0,0,"연료전지스택의 핵심 부품인 연료전지 금속 분리판을 생산해 현대모비스에 공급중이며, 철강 등을 만드는 과정에서 부수적으로 나오는 부생수소를 상업 생산중."
3378,수소차,43,991,013570,디와이,1,kospi,-2.29,4045,0,0,0,자회사 디와이오토가 국책과제로 수소연료전지 자동차를 위한 1.2kW 고전압 BLDC 쿨링 팬 모터 및 일체형 모터 드라이버를 개발.
3378,수소차,44,2889,126880,제이엔케이글로벌,2,kosdaq,-2.32,2950,0,0,0,수소추출기 공급. 사우디아라비아의 국영석유회사인 아람코와 수소추출기 공급계약 체결
3378,수소차,45,2384,078130,국일제지,2,kosdaq,-2.32,3790,0,0,0,수소연료전지 자동차등에 사용되는 탄소종이를 개발 중.
3378,수소차,46,2763,105740,디케이락,2,kosdaq,-2.33,6700,0,0,0,"현대차 수소전기차에 레귤레이터와 매디폴더, 리쎄터클 등 수소 충전 관련 제품을 납품하고 있는 모토닉에 수소차용 밸브를 공급. 수소철도 핵심부품 생산"
3378,수소차,47,3205,234100,폴라리스세원,2,kosdaq,-2.56,2475,0,0,0,현대차의 2차 벤더 업체로서 수소차에 필수적으로 들어가는 헤더콘덴서를 현대차에 공급. 현대차에서 개발한 수소차 관련 공조시스템에 대해 공동으로 개발 진행 중
3378,수소차,48,1773,041930,SY동아,2,kosdaq,-2.61,4485,0,0,0,수소연료전지차(FCEV)의 고무가스켓 제조기술에 대한 특허권 보유. 수소차용 습기배기호스를 현대차에 납품.
3378,수소차,49,318,000430,대원강업,1,kospi,-2.68,4000,0,0,0,현대자동차와 수소차 부품 엔드플레이트를 공동 개발해 납품.
3378,수소차,50,2659,095910,에스에너지,2,kosdaq,-2.76,810,0,0,0,발전용 수소연료전지 제조
3378,수소차,51,2199,064960,SNT모티브,1,kospi,-3.14,26200,0,0,0,S&T그룹 계열의 자동차부품 제조업체. 15년 FE FCEV 구동용 ACTIVE PARTS를 개발. 현대/기아차향 구동모터 및 수소연료전지차(FCEV)용 구동모터를 생산하여 납품.
3378,수소차,52,3170,220260,켐트로스,2,kosdaq,-3.38,3575,0,0,0,수소차용 연료전지 과불화술폰산 이오노머(PFSA) 제조 공정 기술 이전 계약 체결
3378,수소차,53,949,012330,현대모비스,1,kospi,-3.88,495000,0,0,0,"친환경자동차(하이브리드차(HEV), 플러그인하이브리드차(PHEV), 전기차(EV), 수소연료전지차(FCEV) 등)용 핵심부품 사업 영위. 2017년 충북 충주에 위치한 친환경차 부품 전용생산단지 내에 수소전기차 핵심부품인 '파워트레인 연료전지 통합모듈(PFC: Powertrain Fuelcell Complete)' 생산을 전담하는 공장 운영."
3378,수소차,54,2331,071970,HD현대마린엔진,1,kospi,-4.11,60600,0,0,0,한국에너지기술평가원의 2018년 하반기 에너지기술개발사업인 'kw급 건물용 고체산화물 연료전지(SOFC) 실용화 기술 개발' 사업자에 최종 선정.
3378,수소차,55,2974,144960,뉴파워프라즈마,2,kosdaq,-4.32,8420,0,0,0,비정형 수소연료탱크를 개발 중인 한국화이바 인수
3378,수소차,56,307,000270,기아,1,kospi,-4.36,153700,0,0,0,2008년 미국 주요도시에서 SUV 모하비 수소연료전지차(FCEV) 시범주행을 실시. 18년6월 현대/기아차가 아우디와 수소전기차 연료전지 기술 파트너십 계약 체결.
3378,수소차,57,633,005380,현대차,1,kospi,-4.48,479500,0,0,0,2013년 세계 최초의 양산형 수소차 투싼ix FCEV 출시. 17년 '수소 전기 하우스'를 통해 차세대 수소전기차를 공개하고 친환경차 개발 전략을 발표. 2018년 수소전기차 'NEXO(넥쏘)' 출시. 미국 수소 전기 트럭시장 진출
3378,수소차,58,2572,089980,상아프론테크,2,kosdaq,-4.58,14580,0,0,0,"자체 특허로 수소차용 멤브레인을 상용화한데 이어, 다양한 영역으로 적용을 확대중. 멤브레인은 수소연료전지 스텍, 수전해 장치 등에 필수적인 소재임."
3378,수소차,59,1034,014910,성문전자,1,kospi,-4.8,2580,0,0,0,"콘덴서용 금속 증착 필름을 제조해 코웰패션, 삼화콘덴서 등 콘덴서 회사에 납품."
3378,수소차,60,161758,357580,아모센스,2,kosdaq,-4.94,6160,0,0,0,현대차와 수소센서 국산화를 위한 국가핵심소재연구 국책과제 유치 및 공동개발
3378,수소차,61,2526,086670,비엠티,2,kosdaq,-5.01,14790,0,0,0,"수소차 핵심 부품인 고압밸브, 피팅 개발"
3378,수소차,62,973,012860,모베이스전자,2,kosdaq,-5.41,2360,0,0,0,현대자동차의 SUV 수소전기차 ‘넥쏘’에 키박스와 전자제어 관련 무선충전시스템 납품
3378,수소차,63,862,010120,LS ELECTRIC,1,kospi,-5.72,206000,0,0,0,20년12월 현대차와 '수소연료전지 발전시스템 개발 및 공급 관련 상호협력' 양해각서(MOU) 체결하고 발전시스템 제작 및 통합솔루션 구축을 담당할 예정.
3378,수소차,64,2506,085310,엔케이,1,kospi,-5.73,8230,0,0,0,자회사 이엔케이(지분 51.7% 보유)가 수소연료전지차용 수소저장탱크 개발 사업 진행
3378,수소차,65,3440,110990,디아이티,2,kosdaq,-5.93,17140,0,0,0,수소차용 수소연료전지 검사장비 공급.
3378,수소차,66,1513,034730,SK,1,kospi,-6.15,626000,0,0,0,"수소사업을 영위하는 美 Plug Power Inc. 지분 투자를 목적으로 21년 1월 당사의 해외 100% 자회사인 Plutus Capital NY, Inc.에 출자."
3378,수소차,67,2663,096350,대창솔루션,2,kosdaq,-6.15,1571,0,0,0,산업통상자원부의 수소산업 국가연구개발사업 핵심 개발자로 참여. 액화수소 저장·수송시스템 국산화 중
3378,수소차,68,950,012340,뉴인텍,2,kosdaq,-7.84,788,0,0,0,수소차에 탑재되는 인버터용 콘덴서 생산. 기아 수소전기차 콘덴서 독점 공급 이력 보유
3378,수소차,69,3029,170920,엘티씨,2,kosdaq,-9.26,44600,0,0,0,수소연료전지용 고체산화물 연료전지(SOFC) 전해질 개발.
3378,수소차,70,152433,336260,두산퓨얼셀,1,kospi,-9.85,47150,0,0,0,발전용 수소연료전지 생산
3378,수소차,71,163536,382900,범한퓨얼셀,2,kosdaq,-30,19250,0,0,0,수소연료전지 특화기술인  PEMFC 기술 보유
165042,반도체 HBM,1,159340,307750,국전,2,kosdaq,3.56,2330,0,0,0,HBM 공정용 소재 국산화
165042,반도체 HBM,2,150544,031980,피에스케이홀딩스,2,kosdaq,0.31,127600,0,0,0,HBM·첨단 패키징(CoWoS) 공정용 장비를 공급
165042,반도체 HBM,3,1803,043150,바텍,2,kosdaq,-1.3,18200,0,0,0,AI·HBM 검사에 최적화된 'Flash Series' 출시
165042,반도체 HBM,4,160382,322310,오로스테크놀로지,2,kosdaq,-1.78,18800,0,0,0,삼성전자의 HBM 적층 공정용 MI(계측) 장비 수주
165042,반도체 HBM,5,2628,093520,매커스,2,kosdaq,-2.06,16600,0,0,0,삼성전자가 미국 자일링스에서 상용화된 AI 가속기 시스템에 탑재 시 기존 HBM 성능을 향상시키는 'HBM-PIM'을 발표하며 부각. 매커스는 자일링스 총판을 맡고 있음.
165042,반도체 HBM,6,167224,323350,다원넥스뷰,2,kosdaq,-2.41,8900,0,0,0,
165042,반도체 HBM,7,1711,039440,에스티아이,2,kosdaq,-2.63,25950,0,0,0,HBM용 플럭스 리플로우 장비 수주
165042,반도체 HBM,8,2682,097800,윈팩,2,kosdaq,-3.23,1919,0,0,0,엔비디아 그래픽처리장치에 SK하이닉스 HBM D램 적용. 윈팩은 SK하이닉스의 협력업체.
165042,반도체 HBM,9,3199,228850,레이언스,2,kosdaq,-3.24,5970,0,0,0,AI·HBM 검사에 최적화된 'Flash Series' 출시
165042,반도체 HBM,10,163825,394280,오픈엣지테크놀로지,2,kosdaq,-3.62,10920,0,0,0,고성능 AI 서버용 HBM3급 인터페이스 기술 개발
165042,반도체 HBM,11,2123,058470,리노공업,2,kosdaq,-4.01,71900,0,0,0,반도체 HBM 패키징 원소스 공급자
165042,반도체 HBM,12,167425,153890,져스텍,2,kosdaq,-4.73,13300,0,0,0,"기계 움직임을 제어하는 초정밀 모션시스템을 전문으로 양산, HBM 제조에 필요한 레이저 커팅 및 어닐링, 다이 본딩 공정에 모션 스테이지 장비를 공급"
165042,반도체 HBM,13,167255,489790,한화비전,1,kospi,-4.86,47000,0,0,0,"자회사 한화세미텍, SK하이닉스와 HBM (고대역폭메모리) 핵심 장비 TC본더 공급 계약 체결"
165042,반도체 HBM,14,1463,033160,엠케이전자,2,kosdaq,-5.87,14440,0,0,0,"인공지능(AI) 구동에 쓰이는 고성능 칩의 최적 소재 '무연 솔더 합금, 솔더볼, 솔더 페이스트 및 반도체 부품' 관련 특허 국내 및 대만 취득 완료"
165042,반도체 HBM,15,158420,348210,넥스틴,2,kosdaq,-6.74,40850,0,0,0,HBM4·칩렛 검사장비 아스퍼 출시
165042,반도체 HBM,16,1689,039030,이오테크닉스,2,kosdaq,-6.92,370000,0,0,0,"초고속 메모리 (HBM) 생산에 있어 필수적인 열압착 본딩 장비, 'TSV DUAL STACKING TC BONDER'를 SK하이닉스와 공동 개발, 2017년부터 공급."
165042,반도체 HBM,17,1794,042700,한미반도체,1,kospi,-7.06,210500,0,0,0,HBM3 TSV 공정에 사용되는 TC 본딩장비 납품
165042,반도체 HBM,18,1288,025560,미래산업,1,kospi,-8.64,41750,0,0,0,SK하이닉스의 HBM 생산 장비 공급
165042,반도체 HBM,19,2980,147760,피엠티,2,kosdaq,-10.6,3670,0,0,0,HBM D램 번인 프로브카드 공급
165042,반도체 HBM,20,163547,412350,레이저쎌,2,kosdaq,-26,4240,0,0,0,첨단 반도체 패키지 효율을 개선하는 면광원-에어리어 레이저(Area Laser) 기술 개발
155286,LED 장비,1,2201,065130,탑엔지니어링,2,kosdaq,5.84,3170,0,0,0,"반도체, LCD, LED Chip 제조 및 OLED 공정장비 제조를 주력사업으로 영위. LED Chip 제조 장비중 핵심장비인 MO-CVD 장비를 바탕으로 Fab 공정상의 PE-CVD, Etcher 장비, 그리고 패키지 공정상의 주요 장비 개발에 성공하여 LED Chip제조장비를 일괄 공급."
155286,LED 장비,2,2434,080530,코디,2,kosdaq,3.91,2390,0,0,0,경기도 용인시에 위치한 본사에서 LED 검사장치 생산.
155286,LED 장비,3,1951,049950,미래컴퍼니,2,kosdaq,-2.16,10400,0,0,0,"OLED, LED장비, 태양광 셀 모듈 제품의 생산공정에 필요한 Edge Grinder(LCD 패널의 단면을 다듬는 장비), Edge Inspection(LCD 패널 검사장비) 등을 주력 제품으로 생산."
155286,LED 장비,4,1934,049080,기가레인,2,kosdaq,-2.97,4900,0,0,0,RF통신부품 및 반도체장비 제조업체로 LED 장비 중 전공정 식각 장비에 해당하는 LED Etcher 장비를 생산.
155286,LED 장비,5,1604,036930,주성엔지니어링,2,kosdaq,-3.36,175600,0,0,0,"LED 장비인 GaN MO CVD(유기금속 화학증착 장비) 생산. GaN MO CVD는 녹색, 청색, 백색 등의 단파장 LED의 대량 생산을 위한 장비임."
155286,LED 장비,6,2195,064760,티씨케이,2,kosdaq,-3.56,230500,0,0,0,LED 소자제조 공정 장비용 부분품 생산. LED 증착(MOCVD) 공정에서 LED 웨이퍼를 지지하는 서스셉터(Susceptor)를 국산화에 성공하여 국내외 발광 소자 및 장비 업체에 납품.
155286,LED 장비,7,2909,131290,티에스이,2,kosdaq,-4.5,233500,0,0,0,"반도체 및 디스플레이(OLED/LED) 검사장비 제조/판매 업체. 주요제품으로 Interface Board(메모리 반도체 검사장비), Probe Card(반도체 웨이퍼 검사장비), Total Test Solution, OLED Tester 등이 있음."
155286,LED 장비,8,2038,053610,프로텍,2,kosdaq,-6.3,64000,0,0,0,"반도체장비, 표면실장공정(SMT) 및 LED 장비 제조업체. LED DIE BONDER 등을 생산."
155286,LED 장비,9,1689,039030,이오테크닉스,2,kosdaq,-6.92,370000,0,0,0,"반도체 레이저마커, 레이저응용기기 제조 및 판매를 주요 사업으로 영위. 레이저를 이용하여 반도체, PCB, Display(LCD, OLED 등), 휴대폰 산업의 주요 생산 장비를 제조하여 국내외로 공급중. 반도체 생산 장비인 Laser Marker, Laser Cutter 등이 주요제품."
155286,LED 장비,10,1794,042700,한미반도체,1,kospi,-7.06,210500,0,0,0,"다이본딩, 몰딩, 레이저마킹 등의 LED제조용 장비 생산."
155286,LED 장비,11,154086,306620,지아이에스,2,kosdaq,-7.56,2080,0,0,0,Micro LED 제조용 다이싱 장비 제조.
155286,LED 장비,12,2852,122640,예스티,2,kosdaq,-8.76,27600,0,0,0,"디스플레이(LCD, LED, OLED) 및 반도체 장비 제조/판매 업체. 주요 제품으로 삼성전자 반도체 생산공정과 삼성디스플레이의 FPD 패널 생산공정에 투입되는 열처리, 온도제어 및 검사장비 등이 있음. 주요고객사는 삼성전자, 삼성디스플레이."
155286,LED 장비,13,163547,412350,레이저쎌,2,kosdaq,-26,4240,0,0,0,미니 LED 디스플레이용 리웍 관련 특허 보유 및 장비 공급
166306,초전도체,1,154338,294630,서남,2,kosdaq,13.04,2905,0,0,0,"구리 전선을 대체하는 초전도 선재, 의료기기 등에 사용하는 초전도 자석, 초전도 선재 제조 장비를 만들어 판매"
166306,초전도체,2,2859,123010,알엔티엑스,2,kosdaq,10.45,1554,0,0,0,초전도체 관련업 진행
166306,초전도체,3,942,012170,아센디오,1,kospi,9.76,1102,0,0,0,정관 변경해 초전도체 관련 사업 추진
166306,초전도체,4,2263,067170,오텍,2,kosdaq,7.21,2900,0,0,0,자회사 오텍캐리어냉방이 퀀텀에너지 연구소에 투자한 것으로 알려진 엘앤에스벤처캐피탈의 지분 보유
166306,초전도체,5,2201,065130,탑엔지니어링,2,kosdaq,5.84,3170,0,0,0,자회사 파워로직스 퀀텀연구소 지분을 보유하고 있는 엘앤에스벤처캐피탈 지분 보유
166306,초전도체,6,602,004830,덕성,1,kospi,5.76,3580,0,0,0,초전도체 연구 프로젝트를 추진 이력
166306,초전도체,7,3232,250060,모비스,2,kosdaq,4.14,2765,0,0,0,초전도 가속관을 극저온으로 유지시켜 저항값을 거의 Zero에 가깝도록 만들어 주는 저온유지모듈 장치 개발
166306,초전도체,8,156963,290520,신도기연,2,kosdaq,3.07,1542,0,0,0,고온 초전도체 후보물질서 새로운 물질상인 ‘네마틱’을 관측했다는 소식에 부각
166306,초전도체,9,2153,060480,국일신동,2,kosdaq,0.35,1428,0,0,0,초전도체 구리 물질 이용 부각
166306,초전도체,10,2839,120240,대정화금,2,kosdaq,0.22,13700,0,0,0,초전도체 원료인 산화가돌리늄 소재 판매
166306,초전도체,11,1245,023800,인지컨트롤스,1,kospi,0.18,5590,0,0,0,자회사 유텍솔루션이 초전도체 구현을 발표한 퀀텀에너지연구소의 지분 9.37%를 보유한 엘앤에스벤처캐피탈에 투자한 이력 부각
166306,초전도체,12,1621,037330,인지디스플레,2,kosdaq,0.1,997,0,0,0,대주주 유텍솔루션이 엘앤에스벤처캐피탈의 지분 7.19% 보유. 엘앤에스벤처캐피탈은 퀀텀에너지연구소의 지분 9.37% 보유.
166306,초전도체,13,2477,083470,이엠앤아이,2,kosdaq,0,840,0,0,0,고온 초전도체 후보 물질 '네마틱' 관련 특허를 보유
166306,초전도체,14,2347,073110,엘엠에스,2,kosdaq,-0.19,5130,0,0,0,고온 초전도체 후보물질서 새로운 물질상인 ‘네마틱’을 관측했다는 소식에 측정 장비를 보유하고 있는 점이 부각
166306,초전도체,15,436,002240,고려제강,1,kospi,-0.34,17780,0,0,0,"고려제강은 핵융합로용 초전도선재 개발, 고려제강의 종속회사 'KAT'가 핵융합용 초전도 선재 사업 영위 중"
166306,초전도체,16,166983,416180,신성에스티,2,kosdaq,-0.5,20050,0,0,0,신성델타테크와 지분 관계. 신성델타테크는 상온 초전도체를 발견한 퀀텀에너지연구소의 지분을 보유한 엘앤에프 벤처캐피털의 지분을 보유
166306,초전도체,17,162366,099430,바이오플러스,2,kosdaq,-0.61,4090,0,0,0,초전도체 구현을 발표한 퀀텀에너지연구소에 재정적 지원을 해준 것으로 알려진 이병규 대표의 프로셀테라퓨틱스 지분 7.3% 보유
166306,초전도체,18,2138,059100,아이컴포넌트,2,kosdaq,-0.97,4580,0,0,0,아이컴포넌트는 카이럴 네마틱 액정을 이용한 반사형 편광필름 및 이를 이용한 액정표시장치 특허를 보유
166306,초전도체,19,2442,081150,티플랙스,2,kosdaq,-1.09,2730,0,0,0,초전도체 원료로 꼽히는 희토류 등 희귀금속 소재 유통
166306,초전도체,20,2248,066670,디티씨,2,kosdaq,-1.19,2490,0,0,0,네마틱·박막 트랜지스터 액정 디스플레이 등을 생산
166306,초전도체,21,2209,065350,신성델타테크,2,kosdaq,-1.35,29200,0,0,0,상온 초전도체를 발견한 퀀텀에너지연구소의 지분을 보유한 엘앤에프 벤처캐피털의 지분을 보유
166306,초전도체,22,2620,093190,빅솔론,2,kosdaq,-1.96,8000,0,0,0,자사 제품인 BCD-3000에 트위스트 네마틱 모노 LCD가 적용 중이라는 점이 네마틱 관련주로 부각
166306,초전도체,23,1783,042370,비츠로테크,2,kosdaq,-2.33,8790,0,0,0,종속회사 비츠로넥스텍이 고려대학교와 공동연구법인을 설립해 ‘초전도 선형 가속기용 325MHz 고출력 커플러’를 개발한 이력
166306,초전도체,24,2901,130660,한전산업,1,kospi,-2.33,11320,0,0,0,대주주이자 주요 협력 관계인 한국전력이 세계 최초로 초전도송전을 상용화한 사실 부각
166306,초전도체,25,1898,047310,파워로직스,2,kosdaq,-2.69,3075,0,0,0,"파워로직스, 세계최초 상온 초전도체 퀀텀에너지 지분 부각"
166306,초전도체,26,160620,340360,다보링크,2,kosdaq,-2.8,764,0,0,0,초전도체 신규사업추가를 위한 정관변경 추진
166306,초전도체,27,1850,045100,한양이엔지,2,kosdaq,-3.27,31100,0,0,0,초전도체 개발한 퀀텀에너지연구소 지분 보유 관련 사실 부각
166306,초전도체,28,167160,402490,그린리소스,2,kosdaq,-3.3,7920,0,0,0,초전도선재 양산용 IBAD 증착장비 개발에 성공해 2021년말 글로벌 고객사로부터 초전도선재 장비 수주에 성공
166306,초전도체,29,3285,900250,크리스탈신소재,2,kosdaq,-3.97,1137,0,0,0,그래핀 관련 특허 보유. 그래핀 소재로 초전도체를 구현한 미국 타즈퀀텀(Taj Quantum) 특허가 재조명되며 수혜 기대.
166306,초전도체,30,2911,217820,원익피앤이,2,kosdaq,-4.47,1815,0,0,0,원익피앤이가 생산 중인 전원공급장치 장비가 초전도체 관련 시험 분야에 사용
166306,초전도체,31,2743,103590,일진전기,1,kospi,-5.02,68100,0,0,0,초전도 분말·선재 제조업 영위
166306,초전도체,32,1337,027580,상보,2,kosdaq,-5.46,1351,0,0,0,카드뮴을 이용한 QOLED소재 개발 기술 보유. 고온초전도체를 카드뮴으로 제어 가능하다는 소식에 부각.
166306,초전도체,33,3200,229640,LS에코에너지,1,kospi,-5.62,47850,0,0,0,2019년 세계 최초로 초전도 케이블 상용화 및 한국전력과 ‘23kV급 3상동축’ 초전도 케이블을 개발해 국제전기표준회의(IEC) 규격 획득
166306,초전도체,34,2006,052710,아모텍,2,kosdaq,-5.89,18070,0,0,0,초전도체 구현을 발표한 퀀텀에너지연구소의 지분 9.37%를 보유한 엘앤에스벤처캐피탈의 지분 보유
166306,초전도체,35,2522,086390,유니테스트,2,kosdaq,-7.41,10740,0,0,0,초전도 현상 나타내는 금속 산화물 '페로브스카이트 태양전지' 상용화를 추진 중
167410,SOFC(고체산화물연료전지),1,158144,126340,비나텍,2,kosdaq,6.32,82400,0,0,0,연료전지 소재(MEA) 및 슈퍼커패시터 등 부품 생산 기업
167410,SOFC(고체산화물연료전지),2,167162,452280,한선엔지니어링,2,kosdaq,0.64,12630,0,0,0,"계장용 피팅 및 밸브 전문 기업, 블룸에너지와 SK에코플랜트의 합작법인(블룸SK퓨어셀)에 부품 공급"
167410,SOFC(고체산화물연료전지),3,167210,475150,SK이터닉스,1,kospi,0,42900,0,0,0,"신재생에너지 발전소 개발 및 운영 전문 기업(SK디앤디에서 인적분할), 블룸에너지의 SOFC 국내 공급권 소유"
167410,SOFC(고체산화물연료전지),4,3477,288620,에스프리즘,2,kosdaq,-1.97,4980,0,0,0,"고분자연료전지(PEMFC) 기술력 보유, 청정수소 시장 확대 수혜"
167410,SOFC(고체산화물연료전지),5,2137,059090,미코,2,kosdaq,-3.64,15640,0,0,0,"자회사 미코파워텍을 통해 SOFC 관련 부품 생산, SOFC 기술 개발 및 국책 과제 다수 수행"
167410,SOFC(고체산화물연료전지),6,2572,089980,상아프론테크,2,kosdaq,-4.58,14580,0,0,0,"세라믹·불소수지 기반 부품 제조사, 연료전지 부품 생산"
167410,SOFC(고체산화물연료전지),7,161758,357580,아모센스,2,kosdaq,-4.94,6160,0,0,0,불룸에너지와 협력하여 SOFC 핵심 부품인 '세라믹 전해질 기판' 국산화 성공
167410,SOFC(고체산화물연료전지),8,3029,170920,엘티씨,2,kosdaq,-9.26,44600,0,0,0,수소센서 및 수소탱크 부품 등 정밀 부품 전문기업
167410,SOFC(고체산화물연료전지),9,152433,336260,두산퓨얼셀,1,kospi,-9.85,47150,0,0,0,"CHPS 수주 확대 중, 국내 연료전지 점유율 약 49% 보유, 미국 AI데이터센터향 수출 물량이 매출로 인식되기 시작하며, 발전용 시장에서 '국산화된 SOFC 시스템'을 공급"
167410,SOFC(고체산화물연료전지),10,163536,382900,범한퓨얼셀,2,kosdaq,-30,19250,0,0,0,"건물용·발전용 수소 연료전지 시스템 제조 기업, SOFC 생산기술 확보 및 실증 확대 기대"
154257,전력설비,1,2668,096690,에이루트,2,kosdaq,1.7,5390,0,0,0,"전력공급기 및 전력변환기 제조 사업을 영위하고 있으며, 주요제품으로 무정전 전원장치(UPS), 정류기(SR포함), B/CH 등 다양한 전원공급 장치 및 전력변환 장치 생산 공급하고 있는 지오닉스(분기보고서 (2021.03) 기준 지분 99.94% 보유)를 자회사로 보유중."
154257,전력설비,2,2062,054220,비츠로시스,2,kosdaq,1.37,1481,0,0,0,"전력자동화시스템, 배전반, 제어반, 전력설비에 대한 종합예방진단시스템(GIS, 변압기, 케이블, 모터 진단 등)등의 전력솔루션 공급"
154257,전력설비,3,1975,051600,한전KPS,1,kospi,0.33,45500,0,0,0,한국전력공사 계열의 발전설비 정비 전문업체.
154257,전력설비,4,1108,017040,광명전기,1,kospi,0,932,0,0,0,"중전기 전문 제조업체로 수배전반 및 배전제어장치, 가스절연개폐장치(GIS) 등을 생산."
154257,전력설비,5,167169,355690,에이텀,2,kosdaq,-0.12,4085,0,0,0,전기 에너지 전환 역할을 하는 소형변압기인 트랜스를 주력 제품으로 사업을 영위 중
154257,전력설비,6,1562,036190,금화피에스시,2,kosdaq,-0.15,32250,0,0,0,플랜트 건설 및 발전소 경상정비 사업 영위. 화력/원자력/조력발전소 설비 등의 기계설비 공사와 경상정비 공사에 주력.
154257,전력설비,7,2419,079960,동양이엔피,2,kosdaq,-0.73,20500,0,0,0,전원공급장치 생산
154257,전력설비,8,1663,038460,바이오스마트,2,kosdaq,-1.54,2550,0,0,0,자회사인 티씨티가 초고압변압기 및 발전기용 동 구리 소재를 독과점
154257,전력설비,9,161193,351330,이삭엔지니어링,2,kosdaq,-1.62,3940,0,0,0,초고압 전력설비 예방진단 솔루션 공급.
154257,전력설비,10,3210,237750,피앤씨테크,2,kosdaq,-2.25,3915,0,0,0,전력계통의 배전분야에서 디지털전력기기를 생산하는 전력 IT 전문업체.
154257,전력설비,11,1783,042370,비츠로테크,2,kosdaq,-2.33,8790,0,0,0,"자동절환 개폐기, 진공차단기/저압차단기, 배전반 등을 생산하는 전력기기 사업을 영위하는 업체."
154257,전력설비,12,2901,130660,한전산업,1,kospi,-2.33,11320,0,0,0,"검침사업(검침, 송달, 단전, 중계, 인터넷빌링 등)과 발전사업(연료,탈황,회처리 운전 및 정비 등) 등을 영위. 전력공급 및 소내 전력설비 구축 사업도 진행."
154257,전력설비,13,167312,479960,위너스일렉,2,kosdaq,-2.41,6490,0,0,0,"배선시스템 전문기업으로 자동소화기능 및 트래킹 화재 방지용 멀티탭과 콘센트, 방수기능을 강화한 결로 방지 콘센트 등 다양한 제품을 시장에 공급"
154257,전력설비,14,1062,015760,한국전력,1,kospi,-2.43,38200,0,0,0,"국내 발전 및 송전사업을 책임지고 있는 공기업으로 전기판매, 원자력발전, 화력발전, 기타(발전소 설계 및 정비 등)사업을 영위."
154257,전력설비,15,2981,147830,제룡산업,2,kosdaq,-2.54,6900,0,0,0,"금속 및 합성수지제품 제조 및 판매를 주 사업으로 영위. 주요제품으로 송ㆍ배전, 통신 및 철도전차선 금구류, 가공 및 지중배전 수지제품 등이 있음."
154257,전력설비,16,167225,453450,그리드위즈,2,kosdaq,-2.69,13400,0,0,0,전력 수요 관리 서비스 제공(DR)
154257,전력설비,17,336,000680,LS네트웍스,1,kospi,-2.99,2920,0,0,0,"전력 인프라 투자 기대, LS그룹 계열사"
154257,전력설비,18,150920,267260,HD현대일렉트릭,1,kospi,-3.23,899000,0,0,0,"전력기기(변압기, 고압차단기 등), 회전기기(회전기, 저압전동기 등), 배전기기(배전반, 전력제어, 중저압차단기 등) 등을 생산"
154257,전력설비,19,685,006260,LS,1,kospi,-3.4,341000,0,0,0,"LS그룹의 지주회사. 전력기기 제조업체인 LS산전(주), LS전선(주)을 자회사로 보유."
154257,전력설비,20,167174,417200,LS머트리얼즈,2,kosdaq,-3.4,13080,0,0,0,전력 안정화를 위한 신제품 LS 울트라그리드(UltraGrid) 출하. 메가와트(MW)급 전력을 안정적으로 공급할 수 있는 랙형 울트라커패시터 시스템으로 풍력·태양광 등 신재생에너지 설비의 전력 안정화를 위해 공급될 예정
154257,전력설비,21,163241,388050,지투파워,2,kosdaq,-3.46,7530,0,0,0,수배전반 전력설비 생산
154257,전력설비,22,155476,270520,앱튼,2,kosdaq,-3.7,2600,0,0,0,비상발전기 사업 등 영위.
154257,전력설비,23,1502,034020,두산에너빌리티,1,kospi,-4.56,81600,0,0,0,"기초소재인 주단조에서부터 원자력, 화력 등 발전설비, 해수담화 플랜트, 환경설비 등을 제작 및 공급."
154257,전력설비,24,167337,125020,티씨머티리얼즈,2,kosdaq,-4.57,4905,0,0,0,구리 소재 가공 및 절연 기술 노하우를 바탕으로 전력 인프라 사업을 주력으로 영위
154257,전력설비,25,1123,017510,세명전기,2,kosdaq,-4.67,7350,0,0,0,"송/배전선로 가설 및 전철선로용 금구류, 섬유직기용 섹셔날빔 등을 생산. 송/배/변전선로 가설용 금구류를 제조하여 한국전력공사 등에 공급."
154257,전력설비,26,2743,103590,일진전기,1,kospi,-5.02,68100,0,0,0,"각종 전선(초고압전선, 중고압전선 등), 전력기기(개폐기, 변압기 등)를 제조, 판매하는 종합 중전기 제조업체."
154257,전력설비,27,159052,199820,제일일렉트릭,2,kosdaq,-5.13,7580,0,0,0,"차단기 및 전기배선기구류 등 전기기기를 개발, 제조 및 판매업체. 일반배선기구, 스마트 배선기구, 차단기, 스마트분전반, 주택용 분전반, 전자접촉기/개폐기 등을 제조, 판매."
154257,전력설비,28,2685,098120,마이크로컨텍솔,2,kosdaq,-5.16,22050,0,0,0,"번인 소켓, 써멀 프로텍터, 전자개폐기 생산"
154257,전력설비,29,385,001440,대한전선,1,kospi,-5.27,30550,0,0,0,"국내 최초의 종합 전선제조업체. 전력 및 절연선, 나선 및 권선 등 제조. 초고압케이블, 통신케이블, Copper Rod 등을 생산."
154257,전력설비,30,714,006910,보성파워텍,2,kosdaq,-5.36,6890,0,0,0,"전력산업 기자재 생산. 발전소, 변전소 철골 및 송배전 기자재 등 제조. 한국전력공사에 연간 매출이 집중됨."
154257,전력설비,31,3066,189860,서전기전,2,kosdaq,-5.58,4060,0,0,0,"수배전반 생산업체. 수전반, 배전반 설비 및 전력기기 생산."
154257,전력설비,32,3200,229640,LS에코에너지,1,kospi,-5.62,47850,0,0,0,케이블 공급업 영위하는 종속회사의 지주사
154257,전력설비,33,862,010120,LS ELECTRIC,1,kospi,-5.72,206000,0,0,0,"LS그룹 계열의 전력기기 및 시스템 제조업체로, 전력사업(저압/고압기기, 계량기, 계전기, 초고압, 배전반, 진단, 철도시스템 등) 등을 영위."
154257,전력설비,34,2834,119850,지엔씨에너지,2,kosdaq,-5.9,27900,0,0,0,"인터넷데이터센터(IDC, Internet Data Center)를 포함한 비상발전기 정보통신(IT) 부문 시장 점유율 70% 이상을 차지"
154257,전력설비,35,167393,217590,티엠씨,1,kospi,-6.48,11120,0,0,0,원전용 전력·조명 케이블 생산
154257,전력설비,36,1460,033100,제룡전기,2,kosdaq,-6.53,46500,0,0,0,"변압기, 개폐기, GIS 제조 및 판매를 주요사업으로 영위하는 업체. 주력 제품은 변압기."
154257,전력설비,37,839,009470,삼화전기,1,kospi,-6.57,25600,0,0,0,"삼화전기의 'S-CAP'은 솔리드스테이트드라이브(SSD)에서 요구하는 고신뢰성의 모든 특성을 만족시키며, 정전 시 데이터가 삭제되는 것을 방지. 전력 소비량을 절감시키는 역할을 하는 핵심 부품"
154257,전력설비,38,167237,062040,산일전기,1,kospi,-6.57,193400,0,0,0,"전력용 변압기와 배전용 변압기를 주로 제조하고 있으며, 이 중에서도 전력기기 시장 내에서 72kV까지의 전압을 다루는 배전 변압기 시장을 주요 목표시장으로 하고 있음"
154257,전력설비,39,150923,298040,효성중공업,1,kospi,-6.9,2902000,0,0,0,"변압기, 차단기, 전동기, 감속기 등 전력기기(중공업) 사업을 영위."
154257,전력설비,40,950,012340,뉴인텍,2,kosdaq,-7.84,788,0,0,0,고압 진상용 콘덴서 등 제조.
154257,전력설비,41,167343,475430,키스트론,2,kosdaq,-8.65,4805,0,0,0,"리드 와이어, 전기통신용 케이블 도체, 접지 연선 및 소선 제조,판매 하는 기업"
154257,전력설비,42,323,000500,가온전선,1,kospi,-8.83,258000,0,0,0,LS그룹 계열사로 전력케이블 및 통신케이블을 생산하는 국내 3대 전선 전문 제조업체.
154257,전력설비,43,167231,413630,씨피시스템,2,kosdaq,-9.21,2120,0,0,0,"전선 보호용 케이블 체인, 주로 케이블이 고정되어 있는 환경에 사용되는 플렉시블 튜브, 산업기계 컨트롤 판넬과 케이블을 연결하는 용도인 커넥터를 자체 제작하는 사업을 영위"
154257,전력설비,44,469,002780,진흥기업,1,kospi,-11.78,944,0,0,0,모회사 효성중공업의 전력 투자 수혜
154257,전력설비,45,689,006340,대원전선,1,kospi,-12.18,11250,0,0,0,"전력 및 통신 케이블 제조. 전력 및 통신케이블(광케이블포함), 절연선(자동차전선포함) 등을 생산."
154257,전력설비,46,1267,024840,KBI메탈,2,kosdaq,-16.97,4525,0,0,0,"동선, 전선, 변압기로 이어지는 전력망 밸류체인 구축"
150775,제약/바이오,1,167214,347850,디앤디파마텍,2,kosdaq,12.38,85300,0,0,0,"비만 치료제신약개발 바이오 기업, ‘글루카곤 유사 펩타이드(GLP)-1’ 계열의 비만약을 먹는 형태로 개발"
150775,제약/바이오,2,697,006490,프리티,1,kospi,12.32,310,0,0,0,자가면역질환 바이오 신약개발 자회사 아피메즈 보유.
150775,제약/바이오,3,1667,038530,케이바이오랩스,2,kosdaq,8.92,940,0,0,0,"바이오 유통사업 영위. 바이오테크놀로지 연구 및 실험에 사용되는 각종 시약, 기기 및 기자재 등의 상품을 매입해 대학교, 병원, 기타 거래처 등에 납품."
150775,제약/바이오,4,163046,179530,애드바이오텍,2,kosdaq,7.99,2230,0,0,0,반려동물용 수산용 축산용 동물 의약품 판매
150775,제약/바이오,5,162877,359090,씨엔알리서치,2,kosdaq,7.45,1889,0,0,0,임상시험 위탁 수행하는 임상시험수탁기관(CRO)
150775,제약/바이오,6,157819,291650,압타머사이언스,2,kosdaq,7.3,955,0,0,0,"압타머 기술 플랫폼 기반 신약 및 진단 제품 개발업체. 현재 AlloMAp과 BiFAp 2개의 플랫폼을 기반으로 당뇨 등 대사질환과 암질환 분야에서 first-in-class 신약을 개발하고 있으며, 발굴된 신약의 임상적 유효성을 확보한 후에 글로벌 제약사에게 라이센싱하거나 regional player와 공동개발을 추진하여 수익을 창출하는 사업을 영위. 주요 제품 및 서비스로는 폐암 진단키트(AptoDetect™-Lung) 제품과 압타머 합성/발굴 서비스를 판매 중이며, 인슐린 대체재(AST-101), 인슐린 민감제(AST-102), 간암 치료제(AST-201) 등을 개발 중."
150775,제약/바이오,7,835,009420,한올바이오파마,1,kospi,7.16,59900,0,0,0,항생제(토미포란) 등의 전문의약품을 제조/판매하는 제약업체. 미국 파트너사인 '이뮤노반트' 중증근무력증 임상 3상 돌입
150775,제약/바이오,8,2960,141080,리가켐바이오,2,kosdaq,6.57,136200,0,0,0,대장암 등 고형암 대상 ADC 치료제 후보물질 ‘LCB84’를 얀센 바이오텍에 기술수출하면서 업계서 큰 주목
150775,제약/바이오,9,1517,034940,조아제약,2,kosdaq,6.35,620,0,0,0,"의약품 및 의약외품의 제조 및 판매업 등을 주요 사업으로 영위. 기억력 개선 및 지구력 증진(조아바이톤 등), 조혈영양제(훼마틴 등), 간장질환치료(헤포스 등) 등의 의약품과 건강기능식품 생산 및 판매."
150775,제약/바이오,10,1353,028300,HLB,2,kosdaq,6.05,51700,0,0,0,메디포럼 (현 에이치엘비제약) 인수로 제약사업 진출
150775,제약/바이오,11,159396,314130,지놈앤컴퍼니,2,kosdaq,5.76,3765,0,0,0,자폐 신약 美 FDA 패스트트랙 신청
150775,제약/바이오,12,167342,287840,인투셀,2,kosdaq,5.65,24300,0,0,0,표적항암제의 한 종류인 항체-약물접합체(ADC) 신약 개발 플랫폼 기업
150775,제약/바이오,13,167272,475960,토모큐브,2,kosdaq,5.11,34950,0,0,0,3차원 비표지 세포 이미징 전문기업으로 세포의 손실·변형 없이 살아있는 세포나 오가노이드를 고해상도로 실시간 관찰할 수 있는 기술 보유
150775,제약/바이오,14,3140,214370,케어젠,2,kosdaq,4.44,68200,0,0,0,방글라데시제약회사와 프로지스테롤(ProGsterol) 공급계약 체결
150775,제약/바이오,15,163152,251120,바이오에프디엔씨,2,kosdaq,4.21,8920,0,0,0,식물세포배양 제조기술 보유
150775,제약/바이오,16,148885,298380,에이비엘바이오,2,kosdaq,4.1,93900,0,0,0,현재 기반 기술인 이중항체 플랫폼 'Grabody™'를 바탕으로 연구개발하는 다양한 파이프라인의 기술이전을 통해 중장기 성장이 가능한 사업모델을 추구하고 있음.
150775,제약/바이오,17,167411,493280,아이엠바이오로직스,2,kosdaq,4.07,21750,0,0,0,‘최적 항체 모달리티 제작 기술’(IM-OpDECon) 기반으로 자가면역질환과 면역항암 분야에서 치료제 개발 중
150775,제약/바이오,18,166289,388870,파로스아이바이오,2,kosdaq,4.05,5650,0,0,0,항암 AI신약 물질 급성 골수성 백혈병 치료제(AML) PHI-101 임상 진행중. 엔비디아 스타트업 지원 프로그램 '인셉션'에 참여.
150775,제약/바이오,19,167270,376270,HEM파마,2,kosdaq,3.91,42500,0,0,0,"마이크로바이옴 헬스케어 전문기업으로, 독자 특허 기술인 장내 미생물 시뮬레이터(PMAS)를 기반으로 하는 맞춤형 헬스케어와 생균 기반 의약품(LBP) 개발과 관련한 플랫폼 사업을 영위"
150775,제약/바이오,20,3142,214420,토니모리,1,kospi,3.78,5490,0,0,0,자회사 에이투젠이 질염 예방 및 치료 미국 특허 획득
150775,제약/바이오,21,159340,307750,국전,2,kosdaq,3.56,2330,0,0,0,"원료의약품 제조업체. 주요 제품은 콜린알포세레이트(치매 뇌기능 개선제), 벤포티아민(비타민B1인 티아민의 합성유도체), 구형흡착탄(요독증 증상 개선 및 신장기능 저하 지연제), 나파모스타트 메실산염(혈액 투석 시 관류혈액응고 억제작용을 하는 약물), 케노데옥시콜린산-우르소데옥시콜린산삼수화물마그네슘(담즙성 소화불량 개선제), 은행잎엑스 등이 있음."
150775,제약/바이오,22,3209,237690,에스티팜,2,kosdaq,3.37,128700,0,0,0,"동아쏘시오그룹 계열의 CMO방식으로 신약 원료의약품 및 제네릭 원료의약품을 제조, 판매하는 업체. 주요 매출처는 동아에스티, 동아제약. 에이즈 치료 신약 프랑스 임상 1상 성공적 결과 도출 및 임상 2상 준비 시도. 미FDA에 에이즈 치료제 2a상 계획 신청"
150775,제약/바이오,23,152737,321550,티움바이오,2,kosdaq,3.01,4110,0,0,0,혈우병치료제 'TU7710' 1상계획 승인
150775,제약/바이오,24,737,007390,네이처셀,2,kosdaq,2.9,23050,0,0,0,퇴행성관절염 치료제 등 줄기세포치료제사업 영위.
150775,제약/바이오,25,163546,310210,보로노이,2,kosdaq,2.81,175800,0,0,0,비소세포폐암 치료제 'VRN07(ORIC-114)'의 마일스톤 65억원 수령
150775,제약/바이오,26,828,009290,광동제약,1,kospi,2.77,6300,0,0,0,"청심원, 쌍화탕 등 한방제품 및 건강음료 전문 제약기업. 전문의약품 사업부를 운용하여 항암제류 및 혈관보강제 ""베니톨"" 등의 전문의약품도 생산. 글락소스미스클라인(GSK)의 알레르기 비염 치료제 '아바미스 나잘 스프레이' 판매 제휴 계약 체결"
150775,제약/바이오,27,408,001800,오리온홀딩스,1,kospi,2.73,26350,0,0,0,결핵백신 임상시험 준비 중.
150775,제약/바이오,28,332,000640,동아쏘시오홀딩스,1,kospi,2.64,85600,0,0,0,의약품과 의약부외품 등의 제조 및 판매업을 영위하는 동아제약(비상장) 지분 100%보유.
150775,제약/바이오,29,167288,382150,온코크로스,2,kosdaq,2.6,3755,0,0,0,자체 개발한 AI 플랫폼 '랩터 AI(RAPTOR AI)'를 통해 신약 후보 물질이나 이미 개발된 약물에 대한 최적의 정응증(치료범위)을 발굴하는 서비스를 제공
150775,제약/바이오,30,167247,389650,넥스트바이오메디컬,2,kosdaq,2.23,41300,0,0,0,고분자 및 약물전달 시스템 기술을 기반으로 치료제를 개발.주요 제품은 △내시경용 지혈재 ‘넥스파우더’ △혈관색전 미립구 ‘넥스피어’ △관절염 통증 색전 치료재 ‘넥스피어에프’
150775,제약/바이오,31,2737,102940,코오롱생명과학,2,kosdaq,2.22,43650,0,0,0,"코오롱그룹 계열의 의약사업(원료의약, 의약중간체 등), 기능소재사업(환경소재, 워터솔루션, 기능성화장품소재), 바이오신약사업(세포유전자 치료제, 신경병증성 통증 치료제, 항암제 등) 등을 영위하는 업체."
150775,제약/바이오,32,166349,358570,지아이이노베이션,2,kosdaq,2.2,8830,0,0,0,"이중융합단백질 신약 개발 / 관계사 지아이바이옴, 항암마이크로바이옴 개발"
150775,제약/바이오,33,160619,302440,SK바이오사이언스,1,kospi,2.13,38400,0,0,0,"SK케미칼의 VAX사업부문이 물적분할되어 설립된 업체로 백신/바이오의약품의 연구개발, 생산, 판매, 관련된 지식재산권의 임대 및 CDMO/CMO 등을 주요 사업으로 영위. 주요 백신으로는 독감(스카이셀플루), 대상포진(스카이조스터), 수두(스카이바리셀라) 등이 있음. 뇌전증 신약 캐나다 허가심사 개시"
150775,제약/바이오,34,686,006280,녹십자,1,kospi,2.04,125000,0,0,0,"녹십자그룹 계열의 의약품 제조, 판매업체. 전문의약품에서부터 일반의약품에 이르기까지 폭넓은 제품 라인을 보유. 국내 최초로 AIDS진단시약을 개발하는 등 바이오의약품 분야에서 차별화된 노하우와 경쟁력을 확보중. FDA와 손잡고 초희귀질환 신약 개발"
150775,제약/바이오,35,166342,445680,큐리옥스바이오시스템즈,2,kosdaq,2.02,43000,0,0,0,바이오 연구와 신약개발에 필수적인 세포 분석 공정 기술 개발
150775,제약/바이오,36,2964,142760,모아라이프플러스,2,kosdaq,1.97,415,0,0,0,자궁경부전암 치료제 '‘BLS-M07' 3상 임상시험계획 승인 대기 중
150775,제약/바이오,37,3087,196170,알테오젠,2,kosdaq,1.96,337500,0,0,0,"바이오시밀러(동등바이오의약품), 바이오베터(개량 바이오신약) 관련 연구 개발. 주요제품은 성장호르몬 바이오베터, 엔브렐 바이오시밀러, 허셉틴 바이오시밀러, 휴미라 바이오시밀러, 아일리아 바이오시밀러 등. 재조합 인간 히알루로니다제 공급. ALT-B4 혼합제형 일본특허"
150775,제약/바이오,38,167170,338840,와이바이오로직스,2,kosdaq,1.94,11570,0,0,0,"독자적으로 연구개발한 항체 신약의 기술이전, 공동연구개발한 항체 신약의 지분확보 및 계약연구 서비스를 통한 지속적인 매출 확보"
150775,제약/바이오,39,2896,128940,한미약품,1,kospi,1.65,430000,0,0,0,"2010년 7월 지주회사 체제로 전환되면서 신설된 사업회사로 기존 한미약품의 의약품 제조, 판매 사업을 영위. 주요 제품으로는 복합고혈압치료제 ""아모잘탄"", 고혈압치료제 ""아모디핀"", 역류성식도염치료제 ""에소메졸"", 발기부전치료제 ""팔팔"" 등이 있음. 고혈압 치료제 'HCP-1904' 추가 임상 1상 허가"
150775,제약/바이오,40,2523,086450,동국제약,2,kosdaq,1.62,19430,0,0,0,"의약용 약제품 제조 및 판매 사업을 영위. 인사돌, 마데카솔, 오라메디, 훼라민큐 등의 일반의약품과 조영제(파미레이), 항암제(로렐린데포) 등의 전문의약품을 제조 및 판매."
150775,제약/바이오,41,3058,185750,종근당,1,kospi,1.59,70200,0,0,0,"당뇨병치료제 자누비아, 뇌혈관질환치료제 글리아티린, 고혈압치료제 딜라트렌, 고지혈증 치료제 리피로우, 골관절염 치료제 이모튼, 항바이러스제 타미플루 등 다양한 의약품을 제조 및 판매하는 제약업체."
150775,제약/바이오,42,3061,187420,HLB제넥스,2,kosdaq,1.54,1980,0,0,0,미생물 유래 단백질을 활용한 마이크로바이옴 신약 개발
150775,제약/바이오,43,164241,389470,인벤티지랩,2,kosdaq,1.46,38100,0,0,0,"바이오의약품, mRNA 기반 항체의약품 개발"
150775,제약/바이오,44,471,002800,신신제약,2,kosdaq,1.38,4415,0,0,0,"근육통, 관절통, 신경통 등을 적응증으로 하는 첩부제(파스류)를 비롯하여 바르는 물파스, 뿌리는 에어파스 등 TDDS(경피형 약물전달시스템)을 기반으로 한 품목에 특화된 OTC의약품(일반의약품) 전문 제조, 판매업체."
150775,제약/바이오,45,2941,138610,나이벡,2,kosdaq,1.38,16920,0,0,0,콜라겐 기반 복합 바이오 소재 'OCS-B Collagen'가 '시판 후 임상시험(PMCF)'에서  안정성과 기능성 입증. 폐섬유증 치료제 'NIPEP-PF' 호주 임상 1상 승인
150775,제약/바이오,46,2284,068270,셀트리온,1,kospi,1.31,178200,0,0,0,"생명공학기술 및 동물세포대량배양기술을 기반으로 항암제 등 각종 단백질 치료제 개발/생산. 류마티스 관절염 치료제 레미케이드의 바이오시밀러 '렘시마', 유방암 치료제 허셉틴의 바이오시밀러인 '허쥬마', 혈액암 치료제 '트룩시마' 보유. 한편, 질병관리본부 국책과제로 코로나19 항체 치료제 개발 중. 2020년6월 코로나19 항체치료제 후보 물질을 가지고 동물에게 효능을 확인해본 결과, 감염 증상의 개선 효과 확인. 유플라이마(CT-P17, 휴미라 바이오시밀러) 바이오시밀러 임상 3상 시험계획 신청"
150775,제약/바이오,47,3120,207940,삼성바이오로직스,1,kospi,1.21,1422000,0,0,0,삼성그룹 계열사로 국내외 제약회사의 첨단 바이오의약품을 위탁 생산하는 CMO(Contract Manufacturing Organization) 사업을 영위하는 업체. 바이오시밀러 의약품 연구개발 및 상업화 사업을 진행 중인 삼성바이오에피스를 바이오의약품 연구개발 부문 계열사로 보유.
150775,제약/바이오,48,3028,170900,동아에스티,1,kospi,1.13,35900,0,0,0,"동아쏘시오그룹의 전문의약업체. 동아제약(현 동아쏘시오홀딩스)으로부터 전문의약품, 의료기기, 진단, 해외사업부문이 인적분할되어 2013년 4월 코스피시장에 재상장됨. 주요 제품으로 스티렌(위점막보호제), 오팔몬(허혈성개선제), 플라비톨(항혈전제), 모티리톤(기능성소화불량제), 리피논(고지혈증치료제) 등이 있음. 슈퍼박테리아 항생제 시벡스트로(DA-7218)를 개발했으며, 바이오시밀러인 항암보조치료제 ""류코스팀(G-CSF, 호중구감소증치료제)"" 시판중."
150775,제약/바이오,49,156664,326030,SK바이오팜,1,kospi,1.07,84900,0,0,0,"CNS(중추신경계) 질환 분야, 특히 뇌전증 질환 치료를 위한 혁신신약 개발에 집중해 왔으며 신경질환 및 정신질환을 포함한 중추신경 관련 질환에 차별화된 파이프라인을 구축. 美 FDA NDA 승인 완료 파이프라인 세노바메이트(뇌전증 치료제), 솔리암페톨(수면장애 치료제)을 보유하고 있으며, FDA가 희귀의약품으로 지정한 카리스바메이트(레녹스-가스토 증후군 치료제) 등 CNS 파이프라인과 다수의 신약후보물질 보유."
150775,제약/바이오,50,295,000100,유한양행,1,kospi,1.01,70300,0,0,0,"높은 시장인지도를 보유하고 있는 업계 상위 제약업체. 약품사업(고지혈증치료제인 아토르바, 항생제인 메로펜, 비타민제인 삐콤씨 등), 생활건강 사업(유한락스 등), 해외사업(유한화학에서 생산된 에이즈치료제, C형간염치료제, 항생제 등의 원료의약품을 국내외에 공급) 등을 영위. 스위스 로슈사로부터 타미플루 공급업체로 선정된바 있음. 2017년 8월 스위스 다국적제약사 로슈 타미플루 국내 특허 만료 후 타미플루 '유한엔플루캡슐' 생산 및 판매중."
150775,제약/바이오,51,288,000020,동화약품,1,kospi,0.99,5120,0,0,0,"까스활명수큐, 후시딘연고, 판콜에스 등을 생산하는 국내 최초 제약 회사."
150775,제약/바이오,52,162069,195940,HK이노엔,2,kosdaq,0.98,41350,0,0,0,전문의약품 제조/판매
150775,제약/바이오,53,2307,069620,대웅제약,1,kospi,0.9,134500,0,0,0,"의약품 생산 및 판매사업을 영위하는 제약업체. 주요 제품으로는 나보타(보툴리눔 톡신 제제), 우루사(피로회복, 간장해독), 올메텍(고혈압치료제), 가스모틴(기능성소화제) 등을 보유. 스카이테라퓨틱스와 경피 흡수 제형 치료제 공동 연구개발 계약 체결. 당뇨병 치료제 국내허가"
150775,제약/바이오,54,3262,271980,제일약품,1,kospi,0.88,10270,0,0,0,"고지혈증 치료제, 신경병성통증치료제, 진통소염제 등의 의약품 생산 및 판매업체. 일본 시오노기 슈퍼 항생제, '세피데로콜' 국내 독점공급 계약 체결"
150775,제약/바이오,55,393,001540,안국약품,2,kosdaq,0.87,10430,0,0,0,"호흡기용제(시네츄라 등), 소화기계(레토프라 등), 소염진통제(리쥬비넥스 등), 시력개선제(토비콤-S 등), 순환기용제(레보텐션 등) 등을 생산/판매하는 제약업체."
150775,제약/바이오,56,167295,432980,엠에프씨,2,kosdaq,0.87,2900,0,0,0,"의약품의 활성성분인 원료의약품(API)을 비롯하여, 이를 생산하기 위한 핵심출발소재(KSM), 중간소재(PI) 등을 전문적으로 개발 및 양산"
150775,제약/바이오,57,2664,096530,씨젠,2,kosdaq,0.86,29300,0,0,0,"유전자(DNA 및 RNA) 분석을 통해 질병의 원인을 감별하는 분자진단 시약 개발/제조/공급. 높은 기술력으로 양대 분자진단 방법 기반의 DPO™, TOCE™, MuDT™ 등의 기술 보유. 주요 제품으로 호흡기 질환 검사제품(신종플루, 계절성 독감, 코로나 바이러스, 폐렴 원인균 등 26종 검사), 성감염증 검사 제품(임질, 매독, 클라미디아, 헤르페스, 진균 등 28종 검사), 인유두종 바이러스 검사제품(자궁경부암 원인 바이러스 28종 검사) 등이 있음. 식약처로부터 코로나19 진단키트 긴급사용승인을 받았으며, 프랑스, 독일, 이탈리아, 스페인 등 유럽의 주요 국가들과 이스라엘 등에 자사 코로나19 주요 진단 제품을 공급."
150775,제약/바이오,58,2290,068760,셀트리온제약,2,kosdaq,0.85,41700,0,0,0,"정제, 경질캡슐제 등 40여 제품을 생산 및 판매하는 의약품 제조업체."
150775,제약/바이오,59,446,002390,한독,1,kospi,0.78,7800,0,0,0,"당뇨병, 고혈압치료제 중심의 처방의약품 전문 중견 제약업체. 당뇨병치료제 아마릴, 테넬리아, 관절염 치료제 케토톱, 소화제 훼스탈, 폐동맥 고혈압치료제 트라클리어, 옵서미트, 골다공증 치료제 비비안트, 본비바/본비바플러스, 희귀질환 PNH치료제 솔리리스, 불면증 치료제 스틸녹스 등의 전문 및 일반 의약품 제조, 판매. Pan-TRK저해제 美FDA 희귀의약품 지정"
150775,제약/바이오,60,1912,047920,HLB제약,2,kosdaq,0.75,12170,0,0,0,"완제의약품 및 원료의약품 개발, 제조 업체. 주주요 제품으로 로자틴정(고혈압치료), 라베피아정, 로자틴플러스정, 모사피아정, 엑셀씨캡슐(치매증상 치료) 등."
150775,제약/바이오,61,1771,041910,폴라리스AI파마,2,kosdaq,0.58,5170,0,0,0,"원료의약품 전문 제조업체로 다수의 특허기술을 바탕으로 제네릭의약품을 개발해 원료의약품을 생산중. 주요 생산품은 천식치료제, 위궤양치료제, MRI조영제, 당뇨병치료제, 알코올중독치료제, 근육이완제 등."
150775,제약/바이오,62,2170,061250,화일약품,2,kosdaq,0.48,8340,0,0,0,"원료의약품 전문업체. 주요 제품으로 EDST(진해거담제), LVSP(위기능조절제), TRPR(진경제), ACCL(진통소염제) 등이 있음."
150775,제약/바이오,63,812,008930,한미사이언스,1,kospi,0.48,31650,0,0,0,"의약품 제조/판매사업 영위하는 한미약품, (주)제이브이엠과 비상장법인 온라인팜(주), (주)에르무루스, 일본한미약품(주) 등을 자회사로 보유한 지주회사."
150775,제약/바이오,64,2222,065660,안트로젠,2,kosdaq,0.46,21900,0,0,0,이영양성 수포성표피박리증 치료제 일본 희귀의약품 지정에 대한 기대감 보유
150775,제약/바이오,65,153265,311690,CJ 바이오사이언스,2,kosdaq,0.45,4430,0,0,0,마이크로바이옴 기반 신약개발 사업 영위
150775,제약/바이오,66,1250,023910,대한약품,2,kosdaq,0.39,25950,0,0,0,"병,의원에서 필요로 하는 기초의약품인 수액제와 앰플제, 환자들의 비경구 영양보충을 위한 영양수액제 등을 주로 생산, 판매중."
150775,제약/바이오,67,2924,136480,하림,2,kosdaq,0.37,2745,0,0,0,효소 개발 및 제조사인 '제노포커스' 인수
150775,제약/바이오,68,542,003850,보령,1,kospi,0.36,8430,0,0,0,"의약품사업을 영위하는 제약 전문업체. 주요 제품으로 위장병, 고혈압, 위궤양 치료제 및 항생제 등의 제품과 인플루엔자 백신, 항암 치료제 및 보조제, A형 간염 백신, 항고지혈증제 등."
150775,제약/바이오,69,1163,019170,신풍제약,1,kospi,0.24,8190,0,0,0,"원료 자체 개발 능력을 보유한 의약품 제조, 판매 업체. 주요 매출품목은 관절기능개선제(하이알주), 비스테로이드성 소염진통제(록스펜정), 페니실린계 항생제(크라목신), 항암제(브레트라정) 등."
150775,제약/바이오,70,2789,109960,앱토크롬,2,kosdaq,0.23,1721,0,0,0,의약품 도.소매를 주요 사업으로 하는 의약품사업부 영위.
150775,제약/바이오,71,148869,179290,엠아이텍,2,kosdaq,0.23,4430,0,0,0,연구진이 소화기계 스텐트용 메디컬 섬유 개발
150775,제약/바이오,72,1090,016580,환인제약,1,kospi,0.21,9770,0,0,0,"의약품 제조, 판매를 주요사업으로 하는 제약업체. 주요 제품으로 정신신경용제 리페리돈과 쿠에타핀, 소화성궤양용제 유란탁, 순환계용약 아트로빈, 해열 소염 진통제 아펜탁, 골다공증 치료제 프로이반 등이 있음."
150775,제약/바이오,73,157820,317690,퀀타매트릭스,2,kosdaq,0.21,2405,0,0,0,임상 미생물 진단기업으로 패혈증 환자에게 최적의 항생제를 빠르게 찾아주는 기술을 세계적 과학저널 ‘네이처’ 본지에 소개하여 부각
150775,제약/바이오,74,1023,014570,고려제약,2,kosdaq,0.15,3385,0,0,0,"일반 의약품 제조 및 판매를 주요 사업으로 영위하는 중소 제약업체. 주요 제품으로는 종합감기약(하벤 캅셀 등), 중추신경계용제(뉴로메드정 등), 소화기계용제(란시드캅셀, 판도나정 등), 피부과용제, 비타민/영양제, 항생항균제, 조혈영양제, 해열진통소염제, 기타 알레르기 질환 치료제 등을 보유."
150775,제약/바이오,75,704,006620,동구바이오제약,2,kosdaq,0.13,3765,0,0,0,"전문의약품 생산 및 판매업체. 다년간 피부과 시장 처방 1위를 지속하고 있으며, 비뇨기과 처방시장에서도 상위권을 점유. CMO(생산대행) 사업도 영위하고 있으며, 줄기세포 사업(화장품 등)도 영위."
150775,제약/바이오,76,460,002630,오리엔트바이오,1,kospi,0.11,917,0,0,0,
150775,제약/바이오,77,829,009300,삼아제약,2,kosdaq,0.08,12810,0,0,0,"호흡기계, 항생제, 피부기계, 소화기계, 해열/진통/소염제 등의 일반의약품 제조 및 판매 업체."
150775,제약/바이오,78,2766,106190,하이텍팜,2,kosdaq,0.08,12580,0,0,0,주사용 항생제 원료의약품을 생산하여 주로 해외로 수출하는 원료의약품 전문업체. 주요 생산제품은 카바페넴 계열(무균이미페넴 등)과 세팔로스포린 계열(무균세프트리악손 등) 항생제 원료의약품으로 매출의 대부분이 수출을 통해 발생.
150775,제약/바이오,79,501,003220,대원제약,1,kospi,0,7970,0,0,0,"ETC(전문의약품) 위주의 제약업체. 순환기계, 호흡기계, 소화기계, 근골격계, 항생제 및 진입장벽이 있는 마약성 진통제 등 다양한 질환군별로 특화된 전문치료제 중심 제품군을 보유. 주요 제품으로는 해열소염진통제(펠루비), 진해거담제(코대원포르테), 소화성궤양용제(에스원엠프), 기타의 중추신경용약(알포콜린) 등."
150775,제약/바이오,80,3141,214390,경보제약,1,kospi,0,5190,0,0,0,"종근당그룹 계열의 제약업체. 국내 상위 원료의약품(API) 전문업체로 완제의약품도 생산. 주요 제품으로 원료의약품인 일반API(고지혈증치료제 외), 세파계API(항생제), 항암제API 등과 완제의약품인 써전흡입액(흡입마취제), 로수에지정(고지혈치료제), 경보세파클러캡슐(항생제) 등이 있음."
150775,제약/바이오,81,167309,475830,오름테라퓨틱,2,kosdaq,0,50800,0,0,0,항체 기반 항암제 및 면역 항암제 개발
150775,제약/바이오,82,497,003120,일성아이에스,1,kospi,0,19880,0,0,0,"항생제 분야에 강점을 가지고 있는 중소형 제약업체. 항생제(오구멘틴 등), 경구용단백분해효소저해제(호이판 등), 마취제(세보프레인 등), 골질환치료제(원알파) 등의 의약품 제조, 판매."
150775,제약/바이오,83,3055,183490,엔지켐생명과학,2,kosdaq,0,990,0,0,0,"원료의약품 전문업체. 세파계 항생제, 일반 의약품과 MRI/CT 조영제 등을 개발하여 국내시장과 일본 등 해외시장에 판매. 호중구감소증 치료제와 구강점막염 치료제 중심의 글로벌 신약사업도 영위하고 있으며, 류마티스관절염, 건선, 패혈증, 천식, 아토피피부염 적응증에 대해서는 비임상 효능, 임상1상시험을 종료하였고, 당사의 전략적 판단에 따라 임상2상에 진입하는 시기를 조율하고 있음. 구강점막염 신약 후보 임상 2상 발표"
150775,제약/바이오,84,153152,288330,파라택시스코리아,2,kosdaq,0,416,0,0,0,특발성 페섬유증 치료제 후보물질 'BBT-877' 미국 2상 승인. 궤양성 대장염 치료제 후보물질 ‘BBT-401’의 중국 임상 1상 완료
150775,제약/바이오,85,167371,317450,명인제약,1,kospi,0,43800,0,0,0,"중추신경계에 작용하는 정신신경용제(CNS)에 특화된 기술력을 바탕으로 죄졸중 및 파킨슨 치료제, 조현병 치료제, 우울증 치료제 등의 전문의약품을 생산·판매"
150775,제약/바이오,86,167383,0120G0,삼양바이오팜,1,kospi,0,0,0,0,0,"삼양홀딩스에서 인적분할, 의약바이오 부문 사업 영위"
150775,제약/바이오,87,167384,0126Z0,삼성에피스홀딩스,1,kospi,0,0,0,0,0,"바이오시밀러 사업을 중심으로 한 바이오 의약품 개발 및 상업화 기업인, 삼성바이오에피스를 100% 자회사로 두고 별도 신설 자회사를 설립해, 바이오 기술 플랫폼 개발 사업을 추진"
150775,제약/바이오,88,167387,0009K0,에임드바이오,2,kosdaq,0,0,0,0,0,항체-약물 접합체(ADC) 파이프라인을 글로벌 제약사에 기술이전하는 비즈니스 모델 영위
150775,제약/바이오,89,167409,0082N0,카나프테라퓨틱스,2,kosdaq,0,0,0,0,0,인간 유전체 분석을 기반으로 혁신 신약을 개발하는 기업
150775,제약/바이오,90,167415,0007J0,인벤테라,2,kosdaq,0,0,0,0,0,"인비니티(Invinity) 플랫폼 기술로 정밀 진단 및 치료 신약을 선도하는 나노의약품 개발, 나노-MRI 조영제 신약 개발"
150775,제약/바이오,91,2808,114450,그린생명과학,2,kosdaq,-0.05,1863,0,0,0,"KPX홀딩스 계열로 원료의약 및 의약품중간체 제조 부문의 사업 영위. 주요 제품으로는 작물보호제의 원료인 AMZ, 작물 보호제로 Cyazofamid의 핵심 중간체인 CCIM, 의약품 중간체인 DSIC, 항생제 중간체로 사용되는 AM19 등이 있음."
150775,제약/바이오,92,157003,950200,소마젠,2,kosdaq,-0.17,2990,0,0,0,"차세대 염기서열 분석, 염기서열 분석,개인 유전체 분석, 장내미생물 분석 서비스 제공. 단백질 바이오마커 발굴을 위한 단백질체 분석 서비스 제공"
150775,제약/바이오,93,2347,073110,엘엠에스,2,kosdaq,-0.19,5130,0,0,0,동사가 개발한 바이오싱글유스백(Single Use Bio-Processing Bag)이 미국식품의약국(FDA)에 국산 싱글유스백 최초로 등록
150775,제약/바이오,94,1923,048530,인트론바이오,2,kosdaq,-0.21,2415,0,0,0,난치성 CDI 치료 바이오의약품 특허 취득
150775,제약/바이오,95,3488,226950,올릭스,2,kosdaq,-0.22,134700,0,0,0,RNA간섭(RNA interference; RNAi) 플랫폼 기술 기반 치료제 개발. 황반변성 치료제 'OLX10212'가 미국 식품의약국(FDA)으로부터 임상 1상 시험계획 승인
150775,제약/바이오,96,1474,033270,유나이티드제약,1,kospi,-0.23,17410,0,0,0,"전문치료제 중심의 의약품을 제조/판매하고 있는 제약업체. 주요 제품으로는 항생제, 순환기계, 소화기계, 해열진통제 등."
150775,제약/바이오,97,2458,082270,젬백스,2,kosdaq,-0.26,11330,0,0,0,진행성핵상마비(PSP) 치료제로 개발 중인 ‘GV1001’ 2a상 임상시험 결과 발표
150775,제약/바이오,98,167361,456160,지투지바이오,2,kosdaq,-0.28,35500,0,0,0,"약효 지속성 주사제 약물 전달 플랫폼 전문 기업, 독자적인 약물 전달 기술인 '이노램프' 플랫폼을 보유"
150775,제약/바이오,99,466,002720,국제약품,1,kospi,-0.3,3355,0,0,0,"항생제 등 전문의약품과 소화기, 호흡기계용제 등의 일반의약품의 제조 및 판매업을 영위. 레바미피드 성분 안구건조증 신약 허가 획득"
150775,제약/바이오,100,2074,054670,대한뉴팜,2,kosdaq,-0.36,5510,0,0,0,"전문의약품(고혈압, 고지혈, 당뇨에 대한 대사성 질환과 신경성 질환 및 근골격 질환 등) 사업 등을 영위."
150775,제약/바이오,101,167310,303810,동국생명과학,2,kosdaq,-0.4,2480,0,0,0,엑스레이(X-ray) 조영제 ‘파미레이(Iopamidol)’와 MRI 조영제 ‘유니레이(Gd-DOTA)’ 보유
150775,제약/바이오,102,156961,330350,위더스제약,2,kosdaq,-0.49,6150,0,0,0,"고령화 및 만성질환의 주요 질환을 타겟으로 하는 순환기계, 근골격계, 소화기계, 항생제, 중추신경계 의약품을 중심으로 생산하는 업체로 CMO사업도 병행. 주요 제품으로는 순환기용제 아토렌정, 로더스정, 피도그린정, 브이디핀정, 로우딘정 등, 근골격용제 레토나제정, 손페리정, 알루나주, 위더스페낙정, 소로펜정 등, 소화기용제 가스핀정, 에스라졸정, 위더스파모티닌정 등, 항생제 위더스세파클러캡슐, 메로엠주 등이 있음."
150775,제약/바이오,103,2813,115180,큐리언트,2,kosdaq,-0.49,20150,0,0,0,"항암제, 항생제, 항염제 등의 신약개발. 항암 파이프라인으로는 면역항암제 Q702와 세포주기조절인자를 타겟하는 항암제 Q901이 있으며, MSD(미국 머크)와 공동개발계약을 체결함."
150775,제약/바이오,104,153151,235980,메드팩토,2,kosdaq,-0.5,2995,0,0,0,"전문의약품, 항암제, 면역항암제 등을 개발. 난치성 암을 치료하기 위한 항암제를 주력으로 개발하고 있으며, 저분자화합물과 항체치료제 등 다양한 기술이 적용된 형태로 개발 중.

First-in-class 신약후보물질을 개발하고 임상 진행 중. 또한 동사가 개발 중인 파이프라인 중 백토서팁은 임상2상에 진행 중"
150775,제약/바이오,105,971,012790,신일제약,2,kosdaq,-0.57,5230,0,0,0,"진통·소염제(디펜 플라스타), 고지혈증 치료제(리피칸정), 고함량 비타민제(맥스케어알파정) 등의 각종 질환 치료제를 판매하는 중소 제약업체."
150775,제약/바이오,106,161466,363250,진시스템,2,kosdaq,-0.58,3415,0,0,0,분자진단 관련 원천기술의 개발 사업 영위. 신속 PCR 기술 기반 현장 분자진단 플랫폼의 상용화에 성공.
150775,제약/바이오,107,162366,099430,바이오플러스,2,kosdaq,-0.61,4090,0,0,0,"HA필러, 유착방지제 등 제조/판매"
150775,제약/바이오,108,1153,018620,우진비앤지,2,kosdaq,-0.64,2325,0,0,0,동물약품 및 미생물제제 등을 제조 및 판매
150775,제약/바이오,109,3099,200780,비씨월드제약,2,kosdaq,-0.65,3070,0,0,0,"중소형 제약업체. 주요제품으로 마취통증약, 순환계용약, 항생제, 기타처방의약품 등을 생산/판매."
150775,제약/바이오,110,1155,018680,서울제약,2,kosdaq,-0.66,2260,0,0,0,"내용고형제(캡슐제), 연고 및 크림제 등의 의약품 제조, 판매 업체. 주요 제품으로 아토르정(고지혈증치료제), 크레스틴정(동맥경화용제), 웰트민정(비만치료제), 서울파모티딘정(소화성궤양용제) 등."
150775,제약/바이오,111,160098,950210,프레스티지바이오파마,1,kospi,-0.66,6030,0,0,0,"항체의약품 개발(바이오시밀러 및 항체 기술 기반 신약 개발) 전문 제약회사. 허셉틴 바이오시밀러(HD201), 아바스틴 바이오시밀러(HD204), 휴미라 바이오시밀러(PBP1502) 등 총 8개의 바이오시밀러 파이프라인 보유. 아울러 바이오시밀러 외 2개의 항체 기술 기반 신약 개발도 함께 진행."
150775,제약/바이오,112,162147,308080,바이젠셀,2,kosdaq,-0.72,5510,0,0,0,"면역항암, 면역억제 세포치료제 개발 중"
150775,제약/바이오,113,3086,195990,루트K,2,kosdaq,-0.72,691,0,0,0,美 자회사 에이비프로코퍼레이션에서 이중항체 바이오 의약품 아시아 지역 개발 사업 추진
150775,제약/바이오,114,1697,039200,오스코텍,2,kosdaq,-0.75,33150,0,0,0,면역혈소판감소증 치료제 FDA 희귀의약품 신청 추진
150775,제약/바이오,115,736,007370,진양제약,2,kosdaq,-0.77,3845,0,0,0,"의약품 제조 및 판매업체. 주요 제품으로는 순환계용약(크리빅스정 등), 소화기관용약(에스졸정 등), 중추신경계용약(아세콜 등), 기타대사성의약품(미아릴정 등) 등이 있음."
150775,제약/바이오,116,167291,176750,듀켐바이오,2,kosdaq,-0.8,6230,0,0,0,암과 뇌질환을 타겟으로 진단 및 치료를 위한 방사성의약품을 전문으로 개발하는 업체
150775,제약/바이오,117,2286,068330,일신바이오,2,kosdaq,-0.8,994,0,0,0,"바이오장비(초저온냉동고, 동결건조기) 제조, 판매. 연구용·산업용 동결건조기 설계·제조·판매가 주를 이룸"
150775,제약/바이오,118,3243,260660,알리코제약,2,kosdaq,-0.81,2455,0,0,0,"제네릭 의약품(전문의약품, 일반의약품)을 제조 및 판매하는 완제의약품업체. 제네릭의약품의 국내 판매, 타 제약사 제품 수탁생산(CMO 사업), 동남아/중남미 등 제네릭 해외수출, 천연물 의약품 및 건강기능식품 개발 및 판매를 주요 사업으로 영위."
150775,제약/바이오,119,148887,299660,셀리드,2,kosdaq,-0.91,1417,0,0,0,면역항암치료제 및 코로나19 백신 개발
150775,제약/바이오,120,378,001360,삼성제약,1,kospi,-0.98,1318,0,0,0,"까스명수(소화제), 쓸기담(간장약), 우황청심원현탁액(뇌졸증), 콤비신주(항생제), 판토에이(해열진통) 등의 의약품과 건강식품 등을 생산하는 중소 제약업체."
150775,제약/바이오,121,3204,234080,JW생명과학,1,kospi,-1.02,11620,0,0,0,"JW그룹 계열의 전문의약품(수액 등) 전문 생산업체. 전문의약품인 수액(기초수액, 특수수액, 영양수액, TPN 등) 제품을 전문으로 생산."
150775,제약/바이오,122,2963,142280,녹십자엠에스,2,kosdaq,-1.02,2910,0,0,0,녹십자가 FDA와 손잡고 초희귀질환 신약 개발
150775,제약/바이오,123,3521,293480,하나제약,1,kospi,-1.03,8690,0,0,0,"전문의약품 생산 업체. 크게 주사제와 정제(경구용 의약품)를 공급하고 있으며, 마약류의약품과 마취제 시장에서 높은 시장점유율을 기록중."
150775,제약/바이오,124,893,011040,경동제약,2,kosdaq,-1.09,4995,0,0,0,"로사타플러스정(혈압강하제), 레바미드정(소화기관용제), 아트로반정(순환기계용제) 등을 제조, 판매하는 전문치료제 위주의 중소 제약업체."
150775,제약/바이오,125,3244,260930,씨티케이,2,kosdaq,-1.1,2690,0,0,0,북미 일반의약품(OTC) 사업 영위 및 자체 포뮬러 연구소를 통해 자사 처방이 가능해 수익성이 높음
150775,제약/바이오,126,1114,017180,명문제약,1,kospi,-1.19,1250,0,0,0,"일반 및 전문 의약품 제조/판매업체. 고지혈증 치료제 로젯정, 골관절염 치료제 아트로다캡슐, 전신마취제 프로바이브주사, 담즙성소화불량 치료제 씨앤유캡슐, 근육연축치료제 에페신정 등의 제품을 생산, 판매."
150775,제약/바이오,127,491,003060,에이프로젠바이오로직스,1,kospi,-1.2,2050,0,0,0,"의약품의 제조 및 판매를 주요 사업으로 영위하는 업체. 항생제, 순환기제, 소화기제, 소염진통제 등 140여 품목의 의약품을 생산/판매."
150775,제약/바이오,128,640,005500,삼진제약,1,kospi,-1.25,18200,0,0,0,"순환기 및 뇌질환 의약품 중심의 중견 제약 업체. 두통약 게보린, 항혈전제 플래리스, 고지혈증 치료제 뉴스타틴-A 등을 생산."
150775,제약/바이오,129,160578,334970,프레스티지바이오로직스,2,kosdaq,-1.25,1892,0,0,0,"바이오의약품을 생산하여 공급하는 위탁생산서비스업체. 관계사 프레스티지바이오파마사와의 라이선스계약을 통하여 HD201(허셉틴 바이오시밀러) 및 HD204(아바스틴 바이오시밀러)의 개발에 참여, 전체 개발 과정 중에서 공정 개발 및 품질 관련 분야를 담당. '하이브리드 생산시스템'에 특허를 취득했으며 이어 '제균 필터 시스템 및 그 작동 방법' 및 '하이브리드 무균 연결 시스템 및 무균 연결 방법'에 관한 국내 특허 보유"
150775,제약/바이오,130,303,000220,유유제약,1,kospi,-1.32,3750,0,0,0,"의약품 제조/판매를 주요사업으로 영위하는 업체로 신약/개량신약/제네릭 의약품을 국내 병,의원에 공급. 주요제품은 골다공증치료제(맥스마빌 등), 기질성 뇌기능 장애 치료제(타나민 등), 비강세정액(피지오머) 등."
150775,제약/바이오,131,2904,131030,옵투스제약,2,kosdaq,-1.34,5910,0,0,0,"안과 의약품을 생산하고 있으며, 녹내장 치료제 'OP13004' 임상 시험 자료 보완, 결막 충혈에 쓰이는 'OP11005' 약물감시(PV)를 진행 중"
150775,제약/바이오,132,519,003520,영진약품,1,kospi,-1.39,1203,0,0,0,"KT&G계열 제약업체. 항생제(크라모넥스 등), 고혈압 및 뇌기능개선제(오마론 등), 해열진통 소염제(데노간주 등), 정신분열 및 신경안정제(하이셉트 등), 경관영양보급제(하모닐란액), 호흡기관용제(콜민A 등) 등의 제품을 판매."
150775,제약/바이오,133,163829,314140,알피바이오,2,kosdaq,-1.4,5620,0,0,0,의약품 제조 및 판매
150775,제약/바이오,134,3503,180400,DXVX,2,kosdaq,-1.41,2450,0,0,0,"DNA 증폭 관련 제품, 생물학 연구 효소 및 실험시약 공급"
150775,제약/바이오,135,149537,228760,지노믹트리,2,kosdaq,-1.42,11130,0,0,0,바이오마커 기반 암 조기 진단 전문 기업
150775,제약/바이오,136,3162,217730,강스템바이오텍,2,kosdaq,-1.46,2700,0,0,0,"줄기세포치료제, 무릎골관절염 치료제 개발 및 제조"
150775,제약/바이오,137,163664,397030,에이프릴바이오,2,kosdaq,-1.47,30150,0,0,0,"신약 후보 제작. 바이오 의약품 중 항체 치료제, 지속형 재조합 단백질 의약품 개발. 항체라이브러리 기술, SAFA 플랫폼 기술보유"
150775,제약/바이오,138,3088,196300,HLB펩,2,kosdaq,-1.53,4510,0,0,0,"독자적인 펩타이드 제조기술을 개발하였으며, GMP 생산시설인 장성제1공장, 오송제2공장을 보유하고 있음.

APsoluT(AGM-330) 플랫폼 기술을 기반으로 유방암, 위암, 대장암 또는 바이러스 등의 신약 후보물질을 발굴 및 핵심 파이프라인을 구축한 상태임."
150775,제약/바이오,139,2970,144510,지씨셀,2,kosdaq,-1.54,14050,0,0,0,GC녹십자 그룹 내 세포·유전자치료제 전문 개발사
150775,제약/바이오,140,595,004720,팜젠사이언스,1,kospi,-1.58,3115,0,0,0,"치료제 중심의 의약품 제조 및 판매업체. 바르디핀(혈압강하제), 리바틴(혈관 치료제), 크바스틴, 에소맥스 등을 주력 품목으로 내수시장을 중심으로 판매. 국가신약개발사업 과제 선정"
150775,제약/바이오,141,157469,032300,한국파마,2,kosdaq,-1.61,7930,0,0,0,"의약품 제조 업체. 정신신경계, 순환기계, 소화기계, 항생항균 등 제조에 강점이 있으며 내분비, 호흡기, 소염제, 당뇨병 등 다양한 질환군의 기타 처방 의약품을 제조 및 판매 중. 이 외 위수탁(CMO) 사업도 영위하고 있으며, 국내외 라이센싱 아웃 사업 등도 영위. 철 결핍 치료제 식약처 임상 신청"
150775,제약/바이오,142,167356,380550,뉴로핏,2,kosdaq,-1.66,9500,0,0,0,뇌 영상분석 AI 솔루션 및 치료 의료기기 연구·개발 전문기업
150775,제약/바이오,143,325,000520,삼일제약,1,kospi,-1.68,6430,0,0,0,"전문의약품 제조 업체. 병의원용 치료제 품목 및 일반의약품을 생산/판매. 주요제품으로 어린이부루펜시럽 등의 어린이 의약품, 포리부틴, 글립타이드 등의 소화기 관련 제품과 리박트와 같은 내과용 의약품, 파킨슨병 치료제인 프라펙솔 등을 판매함. 리프레쉬플러스점안액0.5%, 히아박점안액 등 안과용제도 판매. 레바미피드 성분 안구건조증 신약 허가 획득"
150775,제약/바이오,144,152371,234690,녹십자웰빙,2,kosdaq,-1.7,8100,0,0,0,"녹십자그룹 계열의 제약업체. 전문의약품(인태반주사, 항산화주사, 비타민 주사, 미네랄 주사 등), 건강기능식품(비타민, 프로바이오틱스, 홍삼 등), 의약품/천연물 소재 연구개발 등의 사업 영위. 녹십자가 FDA와 손잡고 초희귀질환 신약 개발"
150775,제약/바이오,145,167392,464490,쿼드메디슨,2,kosdaq,-1.7,5780,0,0,0,"백신, 펩타이드, mRNA 등 의약품을 제형하며 현재 8개 적응증 파이프라인 개발 중"
150775,제약/바이오,146,306,000250,삼천당제약,2,kosdaq,-1.71,201000,0,0,0,"항생제(크라목스, 파클 등), 순환기질환치료제(아토로우, 지텐션 등), 호흡기질환치료제(소담, 타리에스 등), 소화기질환치료제(라니티딘, 모푸렌 등), 안과용제(하메론, 티어린프리 등) 등 처방의약품 전문 중소형 제약 업체."
150775,제약/바이오,147,3463,217330,싸이토젠,2,kosdaq,-1.8,3000,0,0,0,"미국 웨일 코넬 의대에 액체생검플랫폼 공급, 혈액에서 CTC를 세포단위로 분리해 암을 진단하는 기술 개발"
150775,제약/바이오,148,167211,461030,아이엠비디엑스,2,kosdaq,-1.85,3445,0,0,0,한 번의 채혈로 암을 정밀 분석 및 조기진단 하는 플랫폼 사업을 영위
150775,제약/바이오,149,153089,226330,신테카바이오,2,kosdaq,-1.91,1589,0,0,0,AI신약개발사업 영위
150775,제약/바이오,150,158141,323990,박셀바이오,2,kosdaq,-1.92,4335,0,0,0,개발한 간암치료제 Vax-NK/HCC 임상에서 CR 36.4% 기록 사실 발표. 다발골수종 치료제 CAR-MIL 개발. 다발골수종 치료제 개발 본격화 발표
150775,제약/바이오,151,2260,067080,대화제약,2,kosdaq,-1.95,9050,0,0,0,"의약품 및 의약부외품의 제조 및 판매업과 의약품 도소매업, 원료의약품 제조 및 판매업을 영위. 전문의약품 비중이 높으며, 정제, 경질캡슐제, 연질캡슐제, 연고제, 주사제, 플라스타(파스) 등의 품목 허가를 획득하고 생산, 판매. 주요 제품은 매출액 기준으로 세파메칠정, 후로스판정, 마그네스정 등 감염질환, 외용소염진통제, 소화기 질환, 순환기 제품 등으로 구성. 경구용 위암 개량 신약 중국 3상 마무리 기대감 보유"
150775,제약/바이오,152,2735,102460,이연제약,1,kospi,-1.98,9880,0,0,0,"완제의약품(항생제, 소염제 등) 및 원료의약품(ABK, SKD 등) 등의 제품을 생산, 판매하는 중견 제약업체. 항진균제 용도 유럽내 개발국에서 특허권리를 받을 수 있는 권한 획득"
150775,제약/바이오,153,3530,048410,현대바이오,2,kosdaq,-1.98,7410,0,0,0,피부용 비타민C 신물질'비타브리드'를 원료로 한 바이오화장품 제조 및 판매
150775,제약/바이오,154,148872,238200,비피도,2,kosdaq,-1.99,2465,0,0,0,김병수 서울대 공대 교수와 조미라 가톨릭의대 교수 연구팀은 퇴행성 관절염을 치료하는 백신을 개발해 세계 최초로 동물실험에서 치료 효과를 입증해 퇴행성 관절염 치료제 공동 개발중인 비피도 주가 급등
150775,제약/바이오,155,2657,095700,제넥신,2,kosdaq,-2.02,2425,0,0,0,"hyFc 기반 항암 면역치료제,DNA 백신 신약연구개발"
150775,제약/바이오,156,164008,378800,샤페론,2,kosdaq,-2.05,526,0,0,0,"의약품, 이중항체 개발"
150775,제약/바이오,157,167289,476060,온코닉테라퓨틱스,2,kosdaq,-2.09,11700,0,0,0,미충족 의료 수요가 큰 위산 유발 소화기 질환 및 항암 분야 글로벌 혁신 신약 연구개발 업체
150775,제약/바이오,158,1651,038070,서린바이오,2,kosdaq,-2.12,4385,0,0,0,바이오 의약품 재료 공급 및 바이오 장비 공급
150775,제약/바이오,159,2185,064240,홈캐스트,2,kosdaq,-2.3,1527,0,0,0,황우석 박사가 최대주주로 있는 바이오벤처 '에이치바이온'이 동사의 최대주주로 있어 부각
150775,제약/바이오,160,167175,439580,블루엠텍,2,kosdaq,-2.39,1797,0,0,0,"백신, 비급여의약품, 급여의약품 및 의약외품 등의 상품 유통 판매. 블루팜코리아 (BluePharmKorea), 쿨팜(KoolPharm), 블루랩스(BlueLabs) 유통플랫폼 운영."
150775,제약/바이오,161,2605,092040,아미코젠,2,kosdaq,-2.47,1183,0,0,0,"유전자진화기술로 제약용 특수효소, 바이오의약 소재, 효소기반 바이오신소재를 개발·생산"
150775,제약/바이오,162,162231,203400,에이비온,2,kosdaq,-2.52,775,0,0,0,비소세포폐암 표적항암제 'ABN401' 등의 신약 개발중
150775,제약/바이오,163,161578,187660,현대ADM,2,kosdaq,-2.58,4715,0,0,0,암줄기세포를 타겟으로 하는 니클로사마이드 기반 대사항암제가 100% 암 전이 억제 효능을 보여 시장내 부각
150775,제약/바이오,164,570,004310,현대약품,1,kospi,-2.7,4865,0,0,0,"전문의약품 및 기능성 음료 제조, 판매업체. 주요 제품으로는 마이녹실(탈모 치료제), 미에로화이바(식이성 섬유음료), 타코실(지혈제), 액틱(돌방성통증치료제) 등을 보유."
150775,제약/바이오,165,2048,053950,경남제약,2,kosdaq,-2.71,1613,0,0,0,"의약품 제조/판매사업 영위. 비타민(레모나, 경남비타민C-1000mg, 레모비타 등), 인태반 원료의약품(플라젠시아-갱년기 장애개선 주사제와 인태반 드링크 ""자하생력"" 등), 일반의약품(무좀약 PM정과 인후 염증약 미놀 등) 등을 판매."
150775,제약/바이오,166,167334,476040,오가노이드사이언스,2,kosdaq,-2.74,8880,0,0,0,줄기세포를 3차원 배양해 인체 장기를 재현하는 오가노이드(장기 모사체) 기반 재생 치료제 개발
150775,제약/바이오,167,151060,293780,압타바이오,2,kosdaq,-2.76,4400,0,0,0,산화 스트레스 조절(Oxidative stress modulation)플랫폼'을 기반으로는 당뇨합병증 및 코로나-19 치료제 신약 파이프라인 7종을 개발.  'CAF Modulation 플랫폼'을 기반으로는 면역항암제 파이프라인 개발 중. 당뇨병성 신증 치료제 임상 2상에서 유효성 입증. 조영제로 인한 신부전 치료제 미국 임상 2상 승인
150775,제약/바이오,168,2158,060590,씨티씨바이오,2,kosdaq,-2.76,2990,0,0,0,조루 발기부전 복합제 임상 3상 성공
150775,제약/바이오,169,167236,373110,엑셀세라퓨틱스,2,kosdaq,-2.81,1140,0,0,0,세포·유전자 치료제 전용 배양 배지 전문기업
150775,제약/바이오,170,162823,199800,툴젠,2,kosdaq,-2.83,34300,0,0,0,유전자교정(GE) 플랫폼 서비스 제공
150775,제약/바이오,171,152931,256840,한국비엔씨,2,kosdaq,-2.86,2550,0,0,0,
150775,제약/바이오,172,3110,204840,지엘팜텍,2,kosdaq,-2.92,799,0,0,0,크라운제약(현 지엘파마)를 인수하면서 호르몬제 생산 시설 보유
150775,제약/바이오,173,167358,468530,프로티나,2,kosdaq,-2.92,24950,0,0,0,단백질 간 상호작용(PPI) 빅데이터 바이오 기업으로 관련 솔루션과 장비 공급
150775,제약/바이오,174,2463,082800,비보존 제약,2,kosdaq,-2.93,2820,0,0,0,비마약성 진통제 오피란제린 외용제 임상 2상 임상연구심의위원회 승인 및 임상기관과의 개시 모임 완료
150775,제약/바이오,175,167258,308430,셀비온,2,kosdaq,-2.97,16000,0,0,0,신약개발 / 제네릭 전문의약품 / CDMO 사업 영위. 치료제 방사성의약품 'Lu-177-DGUL'을 주력으로 개발
150775,제약/바이오,176,150684,007460,에이프로젠,1,kospi,-3.01,2415,0,0,0,급성백혈병 치료제항체 이스라엘 특허 취득
150775,제약/바이오,177,148873,246710,티앤알바이오팹,2,kosdaq,-3.01,2255,0,0,0,혈관세포 재생 유도하는 치료 기술 개발. 국내 제약회사 이연제약과 복합지혈제 시장 진출
150775,제약/바이오,178,167336,376900,로킷헬스케어,2,kosdaq,-3.12,37300,0,0,0,인공지능(AI)과 3D 바이오프린팅 기술을 기반으로 한 재생의학 전문 바이오 헬스케어 기업
150775,제약/바이오,179,2713,101140,인바이오젠,1,kospi,-3.13,5890,0,0,0,
150775,제약/바이오,180,164202,383930,디티앤씨알오,2,kosdaq,-3.16,1810,0,0,0,CRO(임상시험수탁기관) 서비스 제공
150775,제약/바이오,181,759,007820,엠엑스로보틱스,2,kosdaq,-3.23,2850,0,0,0,의약품 자동창고 시스템 사업 영위
150775,제약/바이오,182,2266,067290,JW신약,2,kosdaq,-3.28,1444,0,0,0,"모발용제(모나드정) 및 스테로이드제(피디정), 항생제(리스로마이신정), 중추신경용제(글리커버연질캡슐), 외피용약(에스로반연고) 등을 포함한 전문의약품 제조, 판매 업체."
150775,제약/바이오,183,486,003000,부광약품,1,kospi,-3.33,4060,0,0,0,"의약품 및 의약외품을 제조 판매하는 제약 전문업체. 주요 제품으로는 당뇨병성 다발성 신경병증 치료제 치옥타시드, 간질환 치료제 레가론, 빈혈치료제 훼로바, 간질치료제 오르필, 기관지확장제 액시마 등. 조현병 치료제 '루라시돈' 임상 3상 성공 및 연내 신약허가 신청 소식 발표"
150775,제약/바이오,184,3177,222110,팬젠,2,kosdaq,-3.35,4610,0,0,0,"바이오의약품 생산을 위한 우수의약품제조및품질관리기준(GMP) 시설을 보유했으며, 세포주 개발 원천기술 ‘팬젠 CHO-TECH’와 제품화 역량 보유"
150775,제약/바이오,185,2535,087010,펩트론,2,kosdaq,-3.46,181200,0,0,0,"펩타이드 공학 및 약효지속화 기술을 바탕으로 약효지속성 의약품의 설계, 제조기술 개발, 펩타이드의 합성기술 개발과 신물질 발굴 등 수행. 뇌질환 치료제 영국 및 호주 임상 3상 시험 계획 승인"
150775,제약/바이오,186,165825,348080,큐라티스,2,kosdaq,-3.74,309,0,0,0,백신 개발 플랫폼 기술을 바탕으로 성인 및 청소년용 결핵백신 QTP101 및 차세대 mRNA 코로나19백신 QTP104 개발
150775,제약/바이오,187,2505,084990,헬릭스미스,2,kosdaq,-3.82,3900,0,0,0,세포유전자치료 CDMO 사업 영위
150775,제약/바이오,188,3230,249420,일동제약,1,kospi,-3.83,16050,0,0,0,"기존 일동제약의 의약품 사업부문이 인적분할되어 설립된 업체로 16년8월 재상장됨. 주요 제품으로 아로나민류(활성비타민), 후루마린(항생제), 큐란(위퀘양치료제), 모티리톤(소화불량치료제), 피레스파(폐섬유증치료제) 등이 있음."
150775,제약/바이오,189,167248,464280,티디에스팜,2,kosdaq,-3.91,5900,0,0,0,"경피 약물전달시스템(Transdermal Drug Delivery System, 이하 TDDS)의 개발 및 제조를 주요 사업으로 영위"
150775,제약/바이오,190,163919,067370,선바이오,2,kosdaq,-4.38,6120,0,0,0,"바이오시밀러제품(백혈구생성촉진제,간염완치제) 개발 및 기술 이전"
150775,제약/바이오,191,2133,058820,CMG제약,2,kosdaq,-4.43,928,0,0,0,"전문의약품(강장질환용제, 기생성 피부질환용제, 동맥경화용제 등)과 일반의약품(광범위피부질환치료제, 종합감기약, 해열진통소염제 등)을 제조, 판매하는 제약업체. Pan-TRK저해제 美FDA 희귀의약품 지정"
150775,제약/바이오,192,167339,424870,이뮨온시아,2,kosdaq,-4.73,3220,0,0,0,"면역항암제 등 항체, 이중항체 연구개발(R&D) 전문기업, 최대주주는 유한양행"
150775,제약/바이오,193,156379,298060,풍전약품,2,kosdaq,-4.95,2690,0,0,0,혈액암치료제 등을 개발하는 등 바이오사업 영위. 코이뮨 백혈병 치료제 1.2a 완전 관해
150775,제약/바이오,194,161703,232680,라온로보틱스,2,kosdaq,-5.61,8910,0,0,0,바이오 이송용 로봇 제조.
150775,제약/바이오,195,919,011690,와이투솔루션,1,kospi,-5.78,3100,0,0,0,황반변성 치료제 개발 중인 룩사바이오테크놀로지 지분 50% 확보
150775,제약/바이오,196,167373,014950,삼익제약,2,kosdaq,-5.99,4550,0,0,0,"완제의약품 중 전문의약품을 위주로 사업을 영위하고 있으며, 생산물질 분류로는 합성의약품(특히, 순환기용제와 당뇨병치료제가 메인)이 주력 사업이며, CMO 사업도 병행."
150775,제약/바이오,197,2556,089140,넥스턴앤롤코리아,2,kosdaq,-6.52,2150,0,0,0,"노보노디스크 주1회 투여 인슐린 임상 성공 소식 속 투자사 로스비보 테라퓨틱스, 노보노디스크와 당뇨병 치료제 관련 기밀유지협약 체결"
150775,제약/바이오,198,167397,476830,알지노믹스,2,kosdaq,-6.52,35100,0,0,0,RNA 치환효소 플랫폼 및 자가환형화 RNA 플랫폼 기술 기반으로 유전자치료제를 개발과 기술이전 등을 통한 사업화
150775,제약/바이오,199,162555,261780,아리바이오랩,2,kosdaq,-6.64,2390,0,0,0,"백신 면역증강제 플랫폼사업, 만성 B형 간염 백신 개발사업 등 영위. 스마트 면역세포 치료 핵심기술 개발"
150775,제약/바이오,200,891,011000,진원생명과학,1,kospi,-7.45,534,0,0,0,DNA 의약품을 생산하여 글로벌 제약사와 바이오 기업에 공급
150775,제약/바이오,201,3225,243070,휴온스,2,kosdaq,-8.16,27000,0,0,0,"의약품 제조 및 판매 사업을 영위. 주요 제품으로는 리도카인, 메리트씨 등의 주사제, 휴터민 등의 정제, 다이센, 푸세틴 등의 캅셀제 등이 있음."
150775,제약/바이오,202,161925,365270,큐라클,2,kosdaq,-9.57,10400,0,0,0,미국 바이오 인터내셔널 컨벤션 2022에서 발표기업으로 선정된 이력 보유. 미국인 대상 CU06-1004 1차 임상 완료. 당뇨병성 신증 치료제 임상 2b상 승인. 경구용 습성 황반변성치료제 CU03 2021년 1월 국내 임상 2a상 완료
150775,제약/바이오,203,157680,331920,셀레믹스,2,kosdaq,-11.16,10030,0,0,0,차세대 유전체 분석 플랫폼과 키트 개발에 집중하는 바이오테크 기업
150775,제약/바이오,204,3515,200230,텔콘RF제약,2,kosdaq,-11.76,2400,0,0,0,"액상, 타정, 환제, 캅셀 등 다양한 제형의 제품을 개발, 생산, 판매하는 제약/바이오 사업을 영위. 주요 제품으로는 알지셀, 거드액, 리바맥스현탁액 등이 있음. 신약개발 전문 업체인 비보존 지분 보유."
150775,제약/바이오,205,2204,065170,비엘팜텍,2,kosdaq,-13.71,3965,0,0,0,신약개발 바이오 벤처 '멜라니스' 지분 인수. 조영제 신약을 개발 중
