theme_id,theme_name,news_order,publish_dt,date_diff,media_name,title,url,thumbnail,summary,category
153735,D램,1,2026-07-01 10:27:04,6일 전,NAVER뉴스,메모리값 또 뛰었다…유진테크·주성ENG 들썩 [칩칩폭폭],https://n.news.naver.com/mnews/article/123/0002385707?sid=001,https://imgnews.pstatic.net/image/origin/123/2026/07/01/2385707.jpg?type=nf106_72,■ 세 줄 요약 • D램과 낸드플래시 계약가격이 일제히 큰 폭으로 오르며 메모리 가격 강세가 이어졌다. AI 수요와 …,
153735,D램,2,2026-07-01 08:21:12,6일 전,NAVER뉴스,"HBM이 바꾼 인재 지형…삼전D램 경력자, 웃돈 주고 모셔간다",https://n.news.naver.com/mnews/article/018/0006319538?sid=001,https://imgnews.pstatic.net/image/origin/018/2026/07/01/6319538.jpg?type=nf106_72,인공지능(AI) 시대를 맞아 반도체 엔지니어의 몸값이 치솟고 있다. 우수한 한국 메모리 엔지니어들이 미국 빅테크 기업들로 이직하 …,
153735,D램,3,2026-06-29 17:54:53,2026-06-29,,"AI가 바꾼 메모리 게임의 룰…삼성·SK, 3200조 반도체 투자",https://www.mt.co.kr/industry/2026/06/29/2026062917222536308,https://mimgnews.pstatic.net/image/upload/office_logo/008/2025/03/07/logo_008_100_20250307145621.png,"AI 인프라가 확대되면서 초기에는 HBM에 집중됐던 수요가 LPDDR(저전력 D램), GDDR(그래픽 D램), 고용량 eSSD(기업용 솔리드스테이트드라이브) 등 메모리 전반으로 확산되고 있다. 시장조사업체 카운터포인트리서치는 올해 전체 D램 출하량의 57%가 데이터센터로 향할 것으로 전망했다. 메모리 수요의 중심이 AI...",
153735,D램,4,2026-06-28 16:05:36,2026-06-28,이데일리,메모리 대란에 애플·MS도 흔든…중소 업체는 '생존 위기',https://www.edaily.co.kr/news/newspath.asp?newsid=02404246645486312,https://mimgnews.pstatic.net/image/upload/office_logo/018/2025/03/07/logo_018_100_20250307145653.png,"방산기업에 통신장비를 공급하는 W5 테크놀로지스는 치솟는 D램 가격으로 서버 확보에 어려움을 겪고 있다. 올해 초 W5는 위성통신 시뮬레이터에... 결국 W5는 현재 시험 중인 중고 서버를 고객인 방산업체에 우선 제공하고, 설치를 위해 직원들을 직접 파견하는 비용까지 부담하기로 했다. 일레인 퍼거슨 W5...",
153735,D램,5,2026-06-27 10:04:08,2026-06-27,서울경제,"LG전자 770TB 제조 데이터, 엔비디아 컴퓨팅과 만난다",https://www.sedaily.com/article/20060819?ref=naver,https://mimgnews.pstatic.net/image/upload/office_logo/011/2025/03/07/logo_011_100_20250307145637.png,"테크인사이트에 따르면 D램·낸드 가격이 최근 1년간 4배 치솟아 IT 기기 전반의 가격 인상이 불가피한 상황이다. ■ 청년미래적금, 최고 연 19.4... 시장조사 업체 테크인사이트에 따르면 AI 하이퍼스케일러들의 공격적 투자로 D램·낸드 가격이 최근 1년간 4배 급등했다. 델·레노버도 노트북 가격...",
162078,DDR5,1,2026-06-29 19:38:24,2026-06-29,이데일리,"""中 CXMT, 텐센트에 4조원대 D램 공급""…삼성·SK하이닉스 추격 속도",https://www.edaily.co.kr/news/newspath.asp?newsid=05188966645486640,https://mimgnews.pstatic.net/image/upload/office_logo/018/2025/03/07/logo_018_100_20250307145653.png,"일부 소식통은 CXMT가 DDR5 제품에서 낮은 수율 문제를 겪고 있다고 전했다. HBM 등 고부가 메모리 영역에서도 삼성전자와 SK하이닉스, 마이크론과의... CXMT의 추격이 실제 위협으로 이어질지는 DDR5 수율 개선, HBM 기술 확보, 대규모 양산 안정성에 달려 있다는 관측이 나온다.",
162078,DDR5,2,2026-06-29 19:08:33,2026-06-29,서울경제,"상장 앞둔 中 CXMT, 텐센트에 5년간 4.5조 원어치 D램 공급한다",https://www.sedaily.com/article/20061548?ref=naver,https://mimgnews.pstatic.net/image/upload/office_logo/011/2025/03/07/logo_011_100_20250307145637.png,"CXMT의 1분기 매출은 전년 동기 대비 700% 증가한 508억 위안을 기록했으며, 전년도 16억 위안 손실에서 250억 위안의 순이익을 기록하며 흑자 전환했다. 다만 로이터는 CXMT의 DDR5 규격 D램 생산 수율이 아직 낮은 편이라며 글로벌 상위 경쟁사들과 비교해 여전히 기술 격차를 보이고 있다고 평가했다.",
162078,DDR5,3,2026-06-29 18:38:24,2026-06-29,연합뉴스,"""中 CXMT, 텐센트에 4조5천억 규모 D램 공급 장기 계약""",https://www.yna.co.kr/view/AKR20260629156900009?input=1195m,https://mimgnews.pstatic.net/image/upload/office_logo/001/2025/03/07/logo_001_100_20250307145612.png,다만 한 소식통은 CXMT가 D램 제품인 DDR5의 낮은 수율 문제 등을 안고 있다고 지적했다. CXMT는 올해 IPO를 통해 295억 위안(약 6조7천억원)을 조달해 웨이퍼 생산라인 및 D램 기술 업그레이드 등에 쓸 계획이다. 최근에는 세계적인 메모리 반도체 품귀 탓에 생산 비용이 대폭 늘어난 애플이 도널드 트럼프...,
162078,DDR5,4,2026-06-17 00:38:29,2026-06-17,파이낸셜뉴스,中 CXMT 상장 임박… 삼전닉스 아성 흔드나,http://www.fnnews.com/news/202606161844541171,https://mimgnews.pstatic.net/image/upload/office_logo/014/2025/03/07/logo_014_100_20250307145643.png,"삼성전자와 SK하이닉스, 마이크론이 HBM과 더블데이트레이트5(DDR5) 등 AI 가속기의 필수품인 고부가가치 제품 생산 확대에 집중하면서 범용 D램 공급이 줄었고, 그 빈자리를 CXMT가 빠르게 파고들었다는 분석이다. CXMT는 중국 내수시장을 기반으로 생산능력을 빠르게 확대하며 점유율도 끌어올렸다....",
162078,DDR5,5,2026-06-09 11:36:44,2026-06-09,디스이즈게임닷컴,"서린씨앤아이, 써멀라이트 고성능 메모리 쿨러 MC-2 및 MC-3 ARGB 정식 출...",https://www.thisisgame.com/articles/425715,https://ssl.pstatic.net/sstatic/search/pc/img/bg_news_press_default.png,두 제품 모두 DDR5 등 다양한 세대의 메모리 플랫폼과 높은 호환성을 보여준다. 별도의 복잡한 도구 없이도 간편하게 장착할 수 있는 원스텝 클립 장착 방식과 한쪽 측면만 고정하는 원사이드 고정 설계를 도입해 조립 편의성을 높였다. 이를 통해 메인보드 주변 부품이나 케이블과의 간섭을 최소화하고...,
153117,3D 낸드,1,2026-06-17 11:04:14,2026-06-17,전자신문,"삼성, 로직 반도체도 3D로 쌓았다…VLSI 최고 논문 선정",https://www.etnews.com/20260617000167,https://mimgnews.pstatic.net/image/upload/office_logo/030/2025/03/07/logo_030_100_20250307145551.png,"삼성전자는 사내 반도체연구소 로직(Logic) TD팀의 '3차원 수직 적층 트랜지스터(3D Stacked FET, 42nm Gate Pitch)' 연구가 이달 미국에서 개최된... 수직적층 기술은 앞서 낸드 플래시에 'V-낸드'나 D램의 '고대역폭메모리(HBM) 등에 구현된 바 있는데, 삼성전자는 이를 로직 반도체 영역에도...",
153117,3D 낸드,2,2026-06-17 08:50:51,2026-06-17,디지털타임스,"비메모리도 HBM처럼 쌓는다…삼성, 차세대 3D 반도체 기술 공개",https://www.dt.co.kr/article/12067993?ref=naver,https://mimgnews.pstatic.net/image/upload/office_logo/029/2025/04/14/logo_029_100_20250414154305.png,3차원(3D) 적층 트랜지스터 구조를 세계 최초로 구현했다고 밝혔다. 해당 연구는 최근 일본 교토에서 열린 ‘2026 VLSI 심포지엄’에서 베스트 페이퍼로 선정됐다. 이번 연구는 메모리 반도체에서 먼저 적용된 수직 적층 개념을 로직 반도체로 확장했다는 점에서 의미가 있다. 삼성전자는 낸드플래시의 경우...,
153117,3D 낸드,3,2026-05-26 02:03:53,2026-05-26,전자신문,"삼성전자, 세계 최초 '900단 V낸드' 구현…1000단 시대 초읽기",https://www.etnews.com/20260522000306,https://mimgnews.pstatic.net/image/upload/office_logo/030/2025/03/07/logo_030_100_20250307145551.png,"삼성전자는 지난 2013년 세계 최초로 3D V낸드를 상용화한 이후 적층 한계를 극복하기 위해 끊임없이 공정을 진화시켰다. 과거에는 미세한 구멍을 한 번에 뚫어 쌓는 '단일 스택' 방식을 썼으나, 단수가 높아질수록 웨이퍼가 휘거나 정렬이 어긋나는 물리적 한계에 부딪혔다. 삼성전자는 900단 구현...",
153117,3D 낸드,4,2026-05-08 08:33:47,2026-05-08,조세일보,"삼전·닉스, 차세대 D램 표준 선점에 운명 갈린다",http://www.joseilbo.com/news/news_read.php?uid=567885&class=78&grp=,https://mimgnews.pstatic.net/image/upload/office_logo/123/2025/03/07/logo_123_100_20250307145612.png,특히 낸드플래시에서 활용되는 방식처럼 읽기와 쓰기 등 주요 연산을 담당하는 회로를 메모리 어레이 아래에 배치해 셀 면적을 줄이고 공간 효율을 높이는 구조를 통해 차세대 3D D램 시장에서 자사에 유리한 기술 표준을 확보하려는 전략을 펴고 있다. 반면 SK하이닉스는 트랜지스터를 수직 기둥 형태로 쌓고...,
153117,3D 낸드,5,2026-05-04 10:04:26,2026-05-04,뉴스핌,"한미반도체, 세미콘 동남아서 '2.5D 패키징 TC 본더' 소개",https://www.newspim.com/news/view/20260504000318,https://mimgnews.pstatic.net/image/upload/office_logo/5002/2024/05/30/logo_5002_18_20240530160715.png,시장조사업체 욜그룹은 2.5D·3D 패키징을 포함한 어드밴스드 패키징 시장이 2024년 460억 달러에서 2030년 794억 달러로 성장할 것으로 예상했다.... MSVP는 반도체 패키지 절단·세척·건조·검사·선별·적재 등을 수행하는 필수 장비로 D램·낸드플래시·HBM·시스템반도체 등 다양한 공정에...,
3363,방산,1,2026-07-07 16:05:24,8시간 전,동아일보,수천시간 거뜬…‘미래 항공기의 심장’ 국내 첫 장수명 항공엔진 공개,https://www.donga.com/news/Economy/article/all/20260707/134251361/1,https://mimgnews.pstatic.net/image/upload/office_logo/020/2025/03/07/logo_020_100_20250307145700.png,국산 엔진 개발은 항공 산업의 자립성과 방산 수출 경쟁력을 한 층 높이는 계기가 될 것으로 보인다. 국산 항공엔진을 확보하면 해외 엔진 제작국의 승인이나 수출 규제에 얽매이지 않고 전투기 등을 자유롭게 개발하고 운용할 수 있다. 김종호 한화에어로스페이스 첨단엔진사업팀장은 “이번 국산 엔진 개발은...,
3363,방산,2,2026-07-07 15:10:51,9시간 전,정책브리핑,국내개발 중인 무인기용 항공엔진 공개,http://www.korea.kr/briefing/pressReleaseView.do?newsId=156769841&pageIndex=1&repCodeType=&repCode=&startDate=2025-07-07&endDate=2026-07-07&srchWord=&period=,,"- 무인전투기 및 무인정찰기 등에 적용될 국산 항공엔진 시제 최초 공개 - 방위사업청과 국방과학연구소(이하 '국과연')는 7월 7일(화) 한화에어로스페이스 등 국내 기업과 협업하여 개발하고 있는 5,500파운드급 터보팬(Turbofan) 엔진과 1,400마력급 터보프롭(Turboprop) 엔진 시제를 최초 공개하는 행사를 개최했습니다. 5,500파운드급 터보팬 엔진은 유인 전투기와 함께 유무인 전투기 복합체계를 완성할 협업 무인전투기에 적용될 수 있으며, 1,400마력급 터보프롭 엔진은 차세대 무인정찰기에 적용할 수 있도록 개발하고 있습니다. 무인기용 항공엔진은 미사일기술통제체제(Missile Technology Control Regime), 국제무기거래규정(International Traffic in Arms Regulations), 수출관리규정(Export Administration Regulations) 등 각종 규제를 통해 관련 기술 이전 및 수출을 엄격하게 통제받고 있어서 많은 예산을 들이더라도 해외로부터 쉽게 도입할 수 없는 기술입니다. 이에 방위사업청과 국과연은 '19년부터 5,500파운드급 터보팬 엔진 연구개발을 시작하게 되었고, 이후 '21년에는 1,400마력급 터보프롭 엔진 연구개발도 착수하게 되었습니다. 방위사업청과 국과연은 그동안 미사일용 단수명 엔진을 우리 기술로 개발해 왔지만, 오랜 시간 반복적으로 운용할 수 있는 항공기용 장수명 엔진을 우리 손으로 만들어 낸 것은 이번이 처음입니다. 특히, 고온·고압의 환경에서도 오랜 기간 사용할 수 있는 내열소재·부품(터빈 블레이드(Turbin blade) 등)을 국내 정밀주조 기술로 개발하고 해당 부품에 최신 열차폐 코팅* 기술까지 최초 개발하여 적용하는 등 국내 최초 장수명 항공 엔진으로서의 핵심기술을 확보했다는 점에서 큰 의미가 있습니다.* 열차폐 코팅기술 : 항공엔진 터빈 블레이드와 같은 금속 소재에 전달되는 고온의 열을 차단하여 내부 온도를 낮춤으로써 엔진 부품의 수명을 연장하고, 더 높은 온도에서 작동할 수 있게 하여 엔진의 열효율을 극대화하는 기술 이번 시제 엔진과 내열소재·부품은 앞으로 실시될 지상시험을 통해 성능을 검증해 갈 예정이고, 향후 후속 연구개발 사업을 통해 더욱 신뢰도 높은 엔진으로 완성해 갈 계획입니다. 아울러, 방위사업청은 외산엔진이 장착된 KF-21 전투기와는 달리 차세대 유인 전투기에는 국산 엔진을 적용하는 것을 목표로 '41년까지 개발할 계획입니다. 이를 위해 산업부 및 우주항공청과 함께 범정부 차원의 노력을 결집하여 첨단항공엔진 개발계획을 수립하였고, '26년 일부 핵심기술 개발을 시작으로 '28년 본사업 착수를 향해 단계적으로 추진해 나가고 있습니다. 정기영 방위사업청 미래전력사업본부장은 ""방위사업청은 K-방산의 마지막 퍼즐 조각이라 할 수 있는 항공엔진 개발을 위해 정책적 지원과 예산 확보에 최선을 다할 것이다""라며, ""연구개발(R&D) 혁신을 통해 기술 주권을 확보하고, 방위산업 대전환과 방산 4대 강국 진입을 위해 최선을 다하겠다""고 밝혔습니다. 끝",
3363,방산,3,2026-07-07 14:00:00,10시간 전,더그루,"한화에어로, '국산 무인기 심장' 전격 공개…독자 기술 장수명 무인기 엔진 시제 완성",https://www.theguru.co.kr/news/article.html?no=103998,https://www.theguru.co.kr/data/cache/public/photos/20260728/art_17833247086183_9b6d0b_178x118_c0.jpg,"[더구루=김예지 기자] 한화에어로스페이스가 국방과학연구소와 손잡고 국내 독자 기술로 개발한 장수명 무인기 엔진 시제를 처음으로 전격 공개했다. 미래 전장의 핵심 전력인 무인기 엔진의 국산화를 통해 자주국방을 한층 강화하는 것은 물론, 해외 무기 수출의 최대 걸림돌이었던 통제 규제를 극복해 글로벌 방산 시장에서의 선제적 경쟁력을 확보하겠다는 전략이다. 한화에어로스페이스는 7일 경남 창원1사업장에서 ‘국산 장수명 항공엔진 초도시제 지상시험 착수식’을 개최하고, ‘저피탐 무인편대기용’ 5500파운드 터보팬 엔진과 ‘중고도 무인기용’ 1400마력 터보프롭 엔진 등 무인기 엔진 2종을 선보였다고 밝혔다. 이날 행사에는 △이건완 국방과학연구소장 △정기영 방사청 미래전략사업본부장 △김성중 공군본부 기획관리참모부장(소장) △김선 한화에어로스페이스 항공사업부장 등 민·관·군 관계자 300여 명이 참석해 자리를 빛냈다. 지금까지 미사일 등에 사용되는 단수명 항공엔진은 국내 기술로 개발·양산해 왔으나, 수천 시간 이상 사용 가능한 '장수명 엔진'의 시제를 완성한 것은 이번이 처음이다. 이번에 공개된 엔진들은 조립을 마치고 성공적으로 지상 시운전을 진행 중이다. 향후 개발이 완료",
3363,방산,4,2026-07-07 09:14:17,15시간 전,NAVER뉴스,"네이버-KAI, 방산 AI 공동 개발…미래 전투체계 협력",https://n.news.naver.com/mnews/article/014/0005544583?sid=001,https://imgnews.pstatic.net/image/origin/014/2026/07/07/5544583.jpg?type=nf106_72,팀네이버와 한국항공우주산업(KAI)이 방산 특화 인공지능(AI) 파운데이션 모델 공동 개발에 나선다. 국내 독자 AI 기술과 항 …,
3363,방산,5,2026-07-07 06:42:42,17시간 전,SBS Biz,"아문디 ""유럽 산업주, AI 붐 수혜 입을 것""",https://biz.sbs.co.kr/article_hub/20000320998?division=NAVER,https://mimgnews.pstatic.net/image/upload/office_logo/374/2025/03/07/logo_374_100_20250307145639.png,"그는 ""그동안 산업주는 AI 밸류체인의 전방 산업에 비해 다소 뒤처져 있었다""며 ""따라서 바로 여기에 기회가 존재한다""고 강조했습니다. 디펜드 소장은 ""그 외에도 방산, 금융, 헬스케어 섹터 역시 매력적""이라며 ""결국 올해 남은 기간에는 섹터 중심의 장세가 펼쳐질 가능성이 높다고 생각한다""고 밝혔습니다....",
150313,비메모리 반도체,1,2026-07-07 15:36:00,8시간 전,정책브리핑,"국산 인공지능 반도체, 도입부터 활용, 기술 지원까지 밀착 지원합니다",http://www.korea.kr/briefing/pressReleaseView.do?newsId=156769825&pageIndex=1&repCodeType=&repCode=&startDate=2025-07-07&endDate=2026-07-07&srchWord=&period=,,"- 과기정통부, 7월 7일(화)『한국형 인공지능(K-AI) 반도체 기술 지원센터』개소- 국산 인공지능 반도체의 도입을 위한 상담부터 구축·적용, 기술 지원, 우수사례 확산까지 모든 과정에 걸쳐 현장 애로 해소를 위한 밀착 지원 추진",
150313,비메모리 반도체,2,2026-07-07 10:25:44,14시간 전,NAVER뉴스,"메디아나, 퓨리오사AI·엑스와이지와 '병원형 피지컬 AI' 구축",https://n.news.naver.com/mnews/article/018/0006324447?sid=001,https://imgnews.pstatic.net/image/origin/018/2026/07/07/6324447.jpg?type=nf106_72,"메디아나(041920)가 AI 반도체 기업 퓨리오사AI, AI 로봇 전문기업 엑스와이지(XYZ)와 손잡고 병원형 피지컬 AI(P …",
150313,비메모리 반도체,3,2026-07-07 09:46:45,14시간 전,NAVER뉴스,"""마이크론, 포드와도 차 반도체 장기공급 계약""",https://n.news.naver.com/mnews/article/001/0016179374?sid=001,https://imgnews.pstatic.net/image/origin/001/2026/07/07/16179374.jpg?type=nf106_72,미국 메모리 반도체 제조업체 마이크론이 포드자동차와 차세대 차량용 반도체 장기공급 계약을 체결했다. 마이크론은 며칠 전 제너럴모 …,
150313,비메모리 반도체,4,2026-07-06 14:52:38,1일 전,NAVER뉴스,"李 대통령, 반도체 등 3대 메가 환경평가 ‘속도전’ 주문…우려 시각도",https://n.news.naver.com/mnews/article/016/0002666363?sid=001,https://imgnews.pstatic.net/image/origin/016/2026/07/06/2666363.jpg?type=nf106_72,이재명 대통령이 6일 물과 전기 하마인 반도체 등 3대 메가프로젝트 조성시 환경영향평가 등 행정절차에 ‘속도’를 강조하면서 우려 …,
150313,비메모리 반도체,5,2026-07-06 11:27:12,1일 전,정책브리핑,반도체 제조장비·부품의 기술·특허심사 정보를 한눈에!,http://www.korea.kr/briefing/pressReleaseView.do?newsId=156769674&pageIndex=1&repCodeType=&repCode=&startDate=2025-07-06&endDate=2026-07-06&srchWord=&period=,,"반도체 제조장비·부품의 기술·특허심사 정보를 한눈에! - 지식재산처, 「반도체 제조장비·부품 해설집 전(前)공정 편」 발간 - - 반도체 전문 심사관들이 집필... 고품질 심사 및 산업계 특허전략 수립 지원 - 지식재산처(처장 김용선)는 반도체 분야 특허심사의 전문성과 산업계의 특허 경쟁력 강화를 위해 「반도체 제조장비·부품 해설집 전(前)공정 편」을 발간하여 누리집 등을 통해 디지털로 배포한다고 5일 밝혔다. 반도체 제조공정은 전공정*과 후공정**으로 이루어지는데, 해설집은 반도체 전공정의 핵심 8대 단위공정인 ▲클리닝(Cleaning) ▲확산(Difussion) ▲화학기상증착(CVD) ▲물리기상증착(PVD) ▲화학기계적평탄화(CMP) ▲노광(Photo) ▲식각(Etching) ▲이온주입(IMP)을 중심으로 구성되었으며, 각 공정에서 사용되는 주요 제조장비와 핵심 부품을 한눈에 이해할 수 있도록 체계적으로 정리하였다. * 전공정(Front-End Process): 실리콘 웨이퍼 위에 미세 회로를 형성하여 집적회로(IC)를 만드는 공정으로, 반도체 성능과 수율을 결정하는 핵심 공정 ** 후공정(Back-End Process): 전공정을 통해 제조된 웨이퍼를 개별 칩으로 분리하고, 패키징 및 최종 검사를 통해 반도체 제품을 완성하는 공정 해설집은 민간에서 풍부한 실무경험(평균 28년 이상)이 있는 반도체 전문 심사관들이 직접 집필에 참여하여, 산업현장의 기술 전문성과 특허심사 과정에서 축적한 심사 비법을 접목하여 제작되었다. 해설집은 주요 장비와 부품에 대한 형상(사진), 기능, 특허분류(CPC, F-term), 심사 시 유의사항, 주요 국내외 관련 기업 정보들을 함께 수록하여 심사 및 특허전략 수립에 직접 활용할 수 있도록 구성된 것이 특징이다. 지식재산처 김희태 반도체심사추진단장은 ""반도체 공정의 미세화첨단화가 가속화될수록 제조장비와 핵심부품의 기술 경쟁력이 국가 반도체 산업의 경쟁력을 결정하는 중요한 요인으로 부각되고 있다""면서, ""해설집이 특허 심사관의 전문성 제고와 심사품질 향상에 기여하고, 중소·중견기업의 연구개발과 특허전략 수립에 유용한 길잡이가 되기를 기대한다""고 밝혔다. 한편, 해설집은 지식재산처 누리집*에서 내려받을 수 있으며, 향후 「반도체 제조장비·부품 해설집 후(後)공정 편」도 추가로 발간할 계획이다. * 누리집(moip.go.kr)책자/통계간행물기타 간행물",
155428,거푸집(데크플레이트),1,2026-06-30 02:06:31,2026-06-30,이데일리,"덕신EPC, 세계 2위 엠코 반도체 공장에 데크플레이트 공급",https://www.edaily.co.kr/news/newspath.asp?newsid=04965926645486968,https://mimgnews.pstatic.net/image/upload/office_logo/018/2025/03/07/logo_018_100_20250307145653.png,덕신EPC가 미국 애리조나주 피오리아 엠코 테크놀러지 반도체 생산공장 건설 현장에서 데크플레이트를 시공하고 있다.(사진=덕신EPC) 덕신EPC는 세계 2위 반도체 후공정 기업 엠코 테크놀로지의 첨단 반도체 생산시설에 한국형 일체형 데크플레이트인 ‘스피드데크’ 공급을 시작했다고 30일 밝혔다. 일체형...,
155428,거푸집(데크플레이트),2,2026-06-18 15:05:23,2026-06-18,헤럴드경제,“AI도 철이 필요해”…ESS부터 송전까지 철강 ‘토털 패키지’ [그 회사...,https://biz.heraldcorp.com/article/10774700?ref=naver,https://mimgnews.pstatic.net/image/upload/office_logo/016/2025/03/07/logo_016_100_20250307145646.png,"김인창 팀장은 “데이터센터에 들어가는 철근, 형강, 후판, 파이프 등 구조재부터 데크플레이트, 서버랙, ESS 인클로저 등 비구조재까지 SCM을 토털 패키지로 구축했다”며 “데이터센터 건설 경험이 적은 건설사들도 한 번에 강재를 공급받을 수 있어 긍정적인 반응을 보이고 있다”고 말했다. 이어...",
155428,거푸집(데크플레이트),3,2026-03-31 04:06:56,2026-03-31,디지털투데이,"윈하이텍, 정기주총서 재무제표 승인·정관 변경 등 전 안건 가결",https://www.digitaltoday.co.kr/news/articleView.html?idxno=650304,https://imgnews.pstatic.net/image/origin/5137/2026/03/31/258726.jpg,"데크플레이트 전문 기업 윈하이텍(192390)은 정기주주총회를 열고 제15기 재무제표 승인과 정관 일부 변경, 이사 선임, 이사·감사 보수한도 승인 안건을 모두 가결했다고 31일 공시했다. 31일 열린 주주총회에서 제15기 재무제표 승인 안건(이익잉여금처분계산서 포함)은 보통결의로 가결됐다. 해당 안건은...",
155428,거푸집(데크플레이트),4,2026-03-30 09:06:51,2026-03-30,디지털투데이,"제일테크노스, 제55기 정기주총서 정관 변경·사외이사 선임 가결…이사...",https://www.digitaltoday.co.kr/news/articleView.html?idxno=649818,https://imgnews.pstatic.net/image/origin/5137/2026/03/30/258278.jpg,"데크플레이트 전문 기업 제일테크노스(038010)는 정기주주총회에서 제55기 안건을 의결한 결과를 30일 공시했다. 회사는 이번 주총에서 재무제표 승인과 정관 일부 변경, 사외이사 선임, 보수한도 승인 등 안건별 결의 결과를 확정했다. 안건별로는 '제55기 별도 및 연결재무제표, 이익잉여금처분계산서...",
155428,거푸집(데크플레이트),5,2026-03-28 07:02:21,2026-03-28,경기신문,"롤스로이스모터카, 비스포크 모델 ‘컬리넌 요팅’ 공개",https://www.kgnews.co.kr/news/article.html?no=889253,https://imgnews.pstatic.net/image/origin/5199/2026/03/28/439537.jpg,그는 가족 소유의 선박 산타 마리아 호에서 기관사로 근무하며 엔지니어로서의 기반을 다졌고 이후 자동차와 항공 분야의 선구자로 성장했다. 롤스로이스가 공개한 비스포크 모델 ‘컬리넌 요팅’ 모습. (사진=롤스로이스모터카 제공) 컬리넌 요팅 스타라이트 헤드라이너. (사진=롤스로이스모터카 제공),
154420,영상 콘텐츠,1,2026-07-07 13:50:18,10시간 전,NAVER뉴스,"피씨엔, 국가유산 235종 디지털 에셋 구축 착수",https://n.news.naver.com/mnews/article/030/0003445268?sid=001,https://imgnews.pstatic.net/image/origin/030/2026/07/07/3445268.jpg?type=nf106_72,"피씨엔(PCN)은 국가유산청이 주관하는 '2026 국가유산 디지털 콘텐츠 원천자원 제작 보급' 사업을 수주하고, 국가유산의 디지 …",
154420,영상 콘텐츠,2,2026-07-07 10:41:27,13시간 전,정책브리핑,세계유산위원회 개최 기념해 고흥·여수·통영·부산 바다에 뜨는 '조선통신사선',http://www.korea.kr/briefing/pressReleaseView.do?newsId=156769781&pageIndex=1&repCodeType=&repCode=&startDate=2025-07-07&endDate=2026-07-07&srchWord=&period=,,"국가유산청 국립해양유산연구소(소장 이은석)는 부산 벡스코(BEXCO)에서 개최되는 제48차 유네스코 세계유산위원회를 기념하여, 오는 7월 31일까지 고흥·여수·통영·부산에서 한·일 평화와 문화교류의 상징인 조선통신사선을 활용한 선상박물관과 항해 체험 등을 운영한다. * 조선통신사선: 임진왜란 이후 1607년부터 1811년까지 약 200여 년간 총 12차례에 걸쳐 일본의 요청에 의해 파견된 평화사절단 500여 명을 태우고 대한해협과 쓰시마 해협을 건너 일본 본토의 관문인 시모노세키를 지나 오사카항까지 입항한 국제교류선 국립해양유산연구소는 2018년 전통선박 재현연구 사업의 하나로 실물 크기와 동일하게 재현한 조선통신사선으로, 부산 앞바다에서 출발해 2023년 쓰시마(對馬), 2024년 시모노세키(下關), 2025년 오사카(大阪)까지 과거 평화사절단이 오갔던 한·일 뱃길을 성공적으로 재현한 바 있다. 이번 행사에서는 판소리, 사물놀이 등 흥겨운 국악 공연을 감상할 수 있고, 학예연구사의 설명과 함께 영상, 회화, 사진, 지도 등 각종 자료를 관람하며 조선통신사선의 뱃길재현 성과와 전통한선 기술을 확인할 수 있는 선상박물관이 운영된다. 먼저, 조선통신사선은 오는 7월 8일 목포를 출항해 첫 목적지인 고흥(7.11.~7.13.)으로 향하며, 세계유산 잠정목록인 「한국의 갯벌 2단계」에 포함된 고흥 갯벌과 사도해전*의 주요 해역을 따라 항해하며 지역 해양유산을 소개한다. 특히 고흥 녹동항에서는 7월 11일 오후 9시부터 세계유산위원회 개최를 기념해 국내 세계유산을 주제로 한 드론쇼*와 해상 불꽃쇼가 펼쳐질 예정이다. * 드론쇼: 고흥 녹동항에서 4월부터 10월까지 매주 토요일에 열리는 고흥군의 대표 야간관광 콘텐츠로, 올해는 지난해보다 200대 늘어난 총 900대 규모의 드론이 밤하늘을 수놓으며 더욱 화려하고 웅장한 볼거리를 제공하고 있다. 이어 여수(7.17.~7.18.)에서는 세계유산 잠정목록인 여수 갯벌과 전라좌수영* 등 이충무공 관련 유산을 배경으로 한 해양문화 유적지를 탐방하고, 통영(7.21.~7.22.)에서는 한산도대첩*의 주요 해역을 따라 항해하며 이충무공의 해전사와 해양문화의 가치를 이해할 수 있는 기회가 마련된다. 부산(7.25.~7.26.)에서는 세계유산위원회 위원국 대표단 등 국내외 주요 인사와 사전 모집된 시민들을 대상으로 행사를 개최한다. 선상박물관과 국악 공연, 조선통신사선의 역사적 의미를 담은 전통 단청 등을 선보여 우리나라 전통 조선기술의 우수성을 국제사회에 알리는 한편, 직접 조선통신사선을 타고 동백섬 또는 오륙도를 방문할 수 있는 체험 프로그램도 운영한다. * 사도해전(蛇渡海戰): 정유재란 말기인 1598년 이순신 장군이 왜군을 격파한 해전으로, 노량해전 직전에 벌어진 중요한 전투 * 전라좌수영(全羅左水營): 임진왜란 당시 이순신 장군이 조선 수군을 지휘하며 거북선을 운용한 본영으로, 조선 수군의 전략과 승전을 이끈 핵심 군사기지 * 한산도 대첩(閑山島大捷): 임진왜란 3대 대첩 중 하나로, 학익진 전술을 통해 왜 수군에 결정적인 승리를 거둔 해전 특히 이번 행사에서는 데브시스터즈㈜의 '쿠키런' 캐릭터를 활용해 개발한 '조선통신사선을 탄 용감한 쿠키' 캐릭터가 적용된 사진 촬영 구역(포토존)도 곳곳에서 만날 수 있을 예정이다. 국가유산청 국립해양유산연구소는 이번 행사를 통해 조선통신사선을 살아있는 해양문화유산으로 활용하고, 우리 전통선박과 해양문화유산의 역사적 가치와 세계적 의미를 널리 확산해 나갈 계획이다. '조선통신사선을 탄 용감한 쿠키' 캐릭터 참고사진",
154420,영상 콘텐츠,3,2026-07-07 09:28:25,15시간 전,NAVER뉴스,"M&A 거래 쏠림 현상 가속…""AI딜만 뜨거웠다""",https://n.news.naver.com/mnews/article/018/0006324375?sid=001,https://imgnews.pstatic.net/image/origin/018/2026/07/07/6324375.jpg?type=nf106_72,이 기사는 2026년07월07일 08시26분에 마켓인 프리미엄 콘텐츠로 선공개 되었습니다. 올해 상반기 인수·합병(M&A) 시장 …,
154420,영상 콘텐츠,4,2026-07-06 14:11:04,1일 전,정책브리핑,"농식품부, '푸드테크 대도약' 선언 K-푸드에 첨단기술을 접목하여 K-브랜드 완성",http://www.korea.kr/briefing/pressReleaseView.do?newsId=156769693&pageIndex=1&repCodeType=&repCode=&startDate=2025-07-06&endDate=2026-07-06&srchWord=&period=,,"농림축산식품부(장관 송미령, 이하 '농식품부')는 7월 6일, 첨단 로봇 기술과 푸드테크 융합의 현장인 두산로보틱스 이노베이션센터에서 '푸드테크 대도약 선언식'을 개최하고, 대한민국 푸드테크 산업을 견인할 마스터플랜인 '제1차 푸드테크산업 육성 기본계획'을 전격 발표했다고 밝혔다. 이번 선언식은 지난해 시행된 '세계 최초의 푸드테크 독자 법률'인 「푸드테크산업 육성에 관한 법률」에 따라 수립된 첫 번째 법정 기본계획이라는 점에서 그 의미가 매우 깊다. 현장에는 첨단·융합·상생을 대표하는 푸드테크 선도 기업부터 청년 창업가, 투자기관, 학계 및 예비창업자 등 산업 생태계 구성원 40여 명이 참석하여 K-푸드테크의 미래 비전과 외연확장 방안을 논의했다. 이날 송 장관은 행사장에 마련된 푸드테크 로봇 제품 시연을 참관하며, 식품 제조·외식 현장의 스마트화를 촉진할 '피지컬 AI' 등 최첨단 기술의 상용화 수준을 직접 확인하고 현장의 목소리를 청취했다. 이번에 발표한 '제1차 푸드테크산업 육성 기본계획'은 과거 정부 주도의 지원에서 벗어나, '지역 산·학·연 중심의 거점 특화 클러스터 조성'과 '민간 주도의 자생적 생태계 구축'에 방점을 두었으며, 이를 실현하기 위한 4대 도약 전략(L.E.A.P.)을 제시했다. ➀ Local : 지역 주도 푸드테크 산업 기반 구축 국가 균형발전을 위한 5극 3특 성장엔진, 메가특구 등과 연계하여 지역 앵커기업을 중심으로 한 농식품 혁신 클러스터를 구축한다. 또한, 지방정부, 지역 대학 및 연구기관, 기업이 실질적으로 협력하는 체계를 가동하고 전국으로 확산시켜 나갈 예정이다. 한 사례로, 포항의 경우 2026년말 완공 예정인 푸드테크 연구지원센터를 중심으로 로봇 앵커기업(뉴로메카 등)을 포함한 10개 기업의 투자를 유치했으며, 포항공대 계약학과, 로봇산업융합연구원과 함께 현장 애로 기술을 공동 연구하고 있다. 푸드테크 기술별 연구지원센터도 현재 7개소에서 2030년까지 10개소로 확대한다. 더불어 익산(콩), 나주(배박), 춘천(친환경 농산물) 등 지역 특화 품목을 푸드테크 기업의 원료로 안정적으로 공급할 수 있도록 장기계약 체계를 구축하여 농업과 푸드테크의 동반 성장을 견인할 예정이다. < 푸드테크 연구지원센터-권역별 클러스터 전략 > ➁ Empowerment : 민간 생태계 기반 인재 육성 및 투자 활성화 정부는 기업 수요에 맞춘 인재 양성을 위해 석사 과정으로 운영되던 푸드테크 계약학과를 2026년부터 박사 과정까지 추가하여 10개 대학교로 확대 운영한다. 계약학과 도입 이후 재직자 교육 전후로 기업 매출이 약 1.8배 증가하는 등 실질적인 산업 고도화 효과가 입증된 사례 등이 있다. 또한 'K-푸드 창업지원센터'를 통해 기술창업 전 주기를 밀착 지원하며, 벤처연구팀의 기술사업화 교육 과정도 확대할 계획이다. 예비·초기 창업자, 도약기 기업의 스케일업을 지원하기 위해 미래혁신성장펀드(2026년 300억 원 규모)와 세컨더리펀드(350억 원 규모) 조성을 확대한다. 이를 통해 정책 펀드 조성 누적액을 2024년 510억 원에서 2026년 810억 원, 2027년까지 1,000억 원 규모로 대폭 확대하여 민간 주도의 투자 생태계를 공고히 해 나갈 방침이다. ➂ Advancement : K-푸드테크 글로벌 영토 확장 및 제조 혁신 전 세계적인 K-푸드 소비 열풍이 단순 식품 수출에 그치지 않도록, 기술·조리로봇·레시피·제품이 결합된 고부가가치 '수출 패키지 모델'(예시: 피자·비빔밥 조리로봇 + K-푸드 레시피)을 발굴하고, 해외 진출을 전방위로 지원해 나갈 계획이다. 또한, 해외 현지 체험형 홍보 행사(로봇 조리 치킨 시식 등)를 확대하고, 국내외 박람회 내 '푸드테크 전용관'도 운영한다. 그리고, 중소벤처기업부와 협력하여 식품제조업 전반에 스마트공장 구축 지원을 대폭 확대(2024년 누적 30개소 → 2026년 187개소)한다. 지난 6월 출범한 'K-푸드 스마트제조 얼라이언스'를 기반으로 우리술, 전통식품 등 정책 분야별 AX 추진 계획을 구체화할 예정이다. ➃ Pioneer/Platform : 미래 기술 선도 및 선제적 규제 혁파 아이디어 단계부터 투자연계형, 스케일업 자금까지 R&D 지원을 성장단계별로 세분화하고, 소규모 기업도 쉽게 참여할 수 있는 현장밀착형 R&D 투자를 늘려 상용화 속도를 높인다. 더불어 2027년까지 푸드테크 산업분류 코드체계를 마련하고 산업 실태조사 및 정보 DB를 구축하여 글로벌 표준 선도에 나선다. 기업들의 가장 큰 애로사항인 규제 해결을 위해 '규제개선 신청제'를 도입, 농식품부로 신청 창구를 일원화한다. 이미 감귤·배 착즙박, 맥주박 등 식품 부산물을 새활용(업사이클링)하여 플라스틱 대체 소재나 신소재를 만드는 규제 샌드박스 우수사례를 도출한 바 있으며, 기후에너지환경부와 협력하여 폐기물관리법 개정 등 제도적 기반을 정비해 나갈 계획이다. 송 장관은 ""지금은 기술과 레시피, 콘텐츠와 문화, 그리고 소비 경험이 하나의 플랫폼에 녹아들어 세계로 확산되는 '글로벌 대전환'의 시대""라며, ""푸드테크는 이러한 전환의 핵심 동력이자, 첨단기술과의 융합을 통해 K-푸드의 가치를 극대화하고 K-브랜드를 완성하는 미래 성장 전략""이라고 강조했다. 또한, ""푸드테크의 진정한 경쟁력은 우수한 기술이 실험실을 넘어 산업 현장에 얼마나 빠르게 적용되느냐에 달렸다""라고 언급하며, ""우리 푸드테크 기업들이 규제에 가로막히지 않고 세계 시장을 선도할 수 있도록 원스톱 규제 개선과 혁신 펀드 조성 등 선제적이고 전폭적인 지원을 아끼지 않겠다""라고 덧붙였다. 농식품부는 이번에 발표된 기본계획의 체계적인 추진을 위해 2~3개소의 전담기관을 지정하고, 정부와 기업 간 소통을 활성화할 민관 협의체를 본격 운영하여 정책의 실행력을 높여나갈 계획이다.",
154420,영상 콘텐츠,5,2026-07-06 11:11:28,1일 전,정책브리핑,"기후위기 대응을 위한 사회변화 프로젝트, 넷제로프렌즈 4기 모집",http://www.korea.kr/briefing/pressReleaseView.do?newsId=156769662&pageIndex=1&repCodeType=&repCode=&startDate=2025-07-06&endDate=2026-07-06&srchWord=&period=,,"청년의 기후 아이디어, 기업과 함께 현실로... 「넷제로 해법대전」 참가자 모집- 국가기후위기대응위원회, 대학생 대상 「넷제로프렌즈 4기」 7월 31일까지 모집□ 대통령 직속 국가기후위기대응위원회(공동위원장: 한성숙 국무총리, 이창훈 민간위원장, 이하 '기후대응위')는 청년들의 창의적인 기후 아이디어를 기업과 함께 실제 현장에서 구현하는 「넷제로 해법대전(넷제로프렌즈* 4기)」 참가자를 오는 7월 31일까지 모집한다고 밝혔다.* 국민의 기후위기 대응 역량을 높이고 탄소중립 인식과 실천문화를 확산하기 위해 기후대응위가 2023년부터 운영해 온 대표적인 참여 프로그램* 지난 3년간 정책 제안, 기후행동 캠페인, 시민기자단 운영, 조사·연구 활동 등 다양한 프로그램을 통해 국민들의 기후 아이디어를 발굴하고 참여를 확대해 왔으며, 전문가 멘토링과 홍보 콘텐츠 제작 등을 통해 기후시민을 양성하는 기반을 마련ㅇ 올해 「넷제로 해법대전」은 단순히 아이디어를 공모하는 데 그치지 않고, 청년들이 제안한 기후위기 대응 방안을 기업과 함께 구체적인 제품과 서비스 등으로 발전시키는 실행형 프로젝트로 운영되는 것이 특징이다.□ 이번 「넷제로 해법대전」에는 '아모레퍼시픽'과 '풀무원'이 협력기업으로 참여하여 기업이 실제 고민하고 있는 탄소중립 과제를 참가자들에게 제시한다.ㅇ '아모레퍼시픽'은 제품의 기획부터 생산·유통·사용·폐기에 이르는 전 과정에서 탄소발자국을 줄이고 자원순환을 확대할 수 있는 방안을, '풀무원'은 건강하고 지속가능한 식생활을 일상 속에서 실천하고 소비습관을 개선하기 위한 방안을 과제로 제시한다.□ 사업은 아이디어 발굴에 그치지 않고 실제 구현까지 이어질 수 있도록 단계적으로 운영된다.ㅇ 모집기간 동안 제출된 기획안을 심사하여 16개 팀을 선정하고, 이후 끝장 개발대회(해커톤)를 통해 창의성과 실현가능성을 갖춘 최종 8개 실행팀을 선발한다.ㅇ 최종 선정된 팀은 기업 담당자와 전문가의 멘토링을 거쳐 아이디어를 실제 결과물로 구현하게 되며, 기업은 우수 결과물을 향후 제품 개발과 ESG 경영, 탄소중립 실천 프로그램 등에 활용하는 방안을 검토할 예정이다.ㅇ 최종 평가는 창의성, 효과성, 실현가능성, 활동성과 등을 종합적으로 고려하여 이루어지며, 평가 결과에 따라 장관상·차관상 및 상금을 수여한다.□ 특히 1위 팀에게는 올해 11월 튀르키예에서 개최되는 제31차 유엔기후변화협약 당사국총회(COP31) 참가 기회도 주어진다.ㅇ 해당 팀은 「넷제로프렌즈」 활동 성과를 국제사회에 소개하고, 세계 각국의 기후위기 대응 정책과 혁신 사례를 직접 경험함으로써 대한민국을 대표하는 미래 글로벌 기후리더로 성장하는 기회를 갖게 된다. 참여 방법, 일정 등 자세한 사항은 기후대응위 홈페이지(www.pcccr.go.kr)에서 확인할 수 있다.□ 홍동곤 기후대응위 사무차장은 ""올해 넷제로프렌즈는 청년들이 기후위기 해법을 제안하는 데 그치지 않고 기업과 함께 직접 실증하고 구현해보는 새로운 도전의 장이 될 것""이라며, ""기후위기 대응은 정부와 기업, 국민이 함께 만들어 가는 사회적 혁신인 만큼, 앞으로도 청년들이 미래 기후시민이자 글로벌 기후리더로 성장할 수 있도록 참여 기회를 확대해 나가겠다.""고 밝혔다.붙임 : 넷제로프렌즈 4기 모집 홍보 포스터",
161672,조선/LNG선,1,2026-06-17 14:38:50,2026-06-17,이데일리,"""저력과 효율성의 韓…규제는 국제기준에 부합하길""[ESF2026]",https://www.edaily.co.kr/news/newspath.asp?newsid=03952406645482704,https://mimgnews.pstatic.net/image/upload/office_logo/018/2025/03/07/logo_018_100_20250307145653.png,김 회장은 “최근 한화오션 조선소를 방문했는데 액화천연가스(LNG)선을 건조하고 있었다”며 “미국 필리조선소는 1년에 1.5개의 선박을 만드는데 거제도에서는 같은 기간 60척을 만들 수 있다”고 설명했다. 그는 “한국 조선기업들의 건조 속도가 훨씬 빠르고 비용은 더 저렴하다”며 “조선은 안보에...,
161672,조선/LNG선,2,2026-06-10 14:39:00,2026-06-10,조선비즈,"에스엔시스, 한화오션 LNG선에 140억원 규모 기자재 납품",https://biz.chosun.com/industry/company/2026/06/10/AFKDI4TZOVHMXJBY3R4D7X3C2Q/?utm_source=naver&utm_medium=original&utm_campaign=biz,https://mimgnews.pstatic.net/image/upload/office_logo/366/2025/03/07/logo_366_100_20250307145615.png,"조선 기자재 기업 에스엔시스는 한화오션이 건조하는 액화천연가스 운반선(LNGC)에 140억 원 규모의 기자재를 공급하는 계약을 체결했다고 10일 밝혔다. 에스엔시스는 초대형 암모니아 운반선(VLAC), 초대형 원유 운반선(VLCC), 초대형 가스 운반선(VLGC), 초대형 컨테이너선에 이어 LNG 운반선까지...",
161672,조선/LNG선,3,2026-05-27 15:13:40,2026-05-27,디지털데일리,"삼성중공업, 동일 선사서 3개 선종 5척 '패키지 수주'…1조원 규모",https://www.ddaily.co.kr/page/view/2026052710585771631,https://mimgnews.pstatic.net/image/upload/office_logo/138/2026/05/21/logo_138_100_20260521134112.png,최근 글로벌 조선 시장에서는 친환경 규제 강화와 에너지 운송 수요 확대 영향으로 LNG 운반선과 가스 운반선 중심의 고부가 선종 발주가 이어지고 있다. 반면 원유 운반선 등 표준화 선종은 안정적인 건조 물량 확보와 생산 효율 측면에서 중요성이 커지고 있다는 분석이 나온다. 삼성중공업은...,
161672,조선/LNG선,4,2026-04-08 09:02:03,2026-04-08,,"HD한국조선해양, 이틀간 1조9710억 수주…LNG·LPG선 중심 고부가 전략 ...",http://www.popcornnews.net/news/articleView.html?idxno=117849,https://imgnews.pstatic.net/image/origin/5868/2026/04/08/79946.jpg,"이번 계약으로 HD한국조선해양은 LPG운반선 4척, PC선 8척, LNG운반선 2척 등 총 14척을 확보하며 수주 실적을 확대했다. 최근 지정학적 리스크와 유가 변동성 영향으로 에너지 운송 수요가 증가하면서 관련 선종 발주가 이어지는 흐름이다. HD한국해양 관계자는 ""지정학적 리스크와 유가 상승...",
161672,조선/LNG선,5,2026-04-08 09:02:03,2026-04-08,한국경제,"HD한국조선해양, 2조원 규모 릴레이 수주",https://www.hankyung.com/article/2026040878471,,"HD현대는 HD한국조선해양이 지난 2일과 7일 선박 14척의 건조 계약을 맺었다고 9일 발표했다. 선종별로 액화석유가스(LPG) 운반선 4척, 석유화학제품운반선(PC선) 8척, 액화천연가스(LNG) 운반선 2척이다. 계약 규모는 1조9710억원에 달한다. 선주별로는 2일 그리스 선주로부터 9만㎥급 LPG운반선 2척을...",
155287,반도체 장비,1,2026-07-07 15:36:00,8시간 전,정책브리핑,"국산 인공지능 반도체, 도입부터 활용, 기술 지원까지 밀착 지원합니다",http://www.korea.kr/briefing/pressReleaseView.do?newsId=156769825&pageIndex=1&repCodeType=&repCode=&startDate=2025-07-07&endDate=2026-07-07&srchWord=&period=,,"- 과기정통부, 7월 7일(화)『한국형 인공지능(K-AI) 반도체 기술 지원센터』개소- 국산 인공지능 반도체의 도입을 위한 상담부터 구축·적용, 기술 지원, 우수사례 확산까지 모든 과정에 걸쳐 현장 애로 해소를 위한 밀착 지원 추진",
155287,반도체 장비,2,2026-07-07 10:25:44,14시간 전,NAVER뉴스,"메디아나, 퓨리오사AI·엑스와이지와 '병원형 피지컬 AI' 구축",https://n.news.naver.com/mnews/article/018/0006324447?sid=001,https://imgnews.pstatic.net/image/origin/018/2026/07/07/6324447.jpg?type=nf106_72,"메디아나(041920)가 AI 반도체 기업 퓨리오사AI, AI 로봇 전문기업 엑스와이지(XYZ)와 손잡고 병원형 피지컬 AI(P …",
155287,반도체 장비,3,2026-07-07 09:46:45,14시간 전,NAVER뉴스,"""마이크론, 포드와도 차 반도체 장기공급 계약""",https://n.news.naver.com/mnews/article/001/0016179374?sid=001,https://imgnews.pstatic.net/image/origin/001/2026/07/07/16179374.jpg?type=nf106_72,미국 메모리 반도체 제조업체 마이크론이 포드자동차와 차세대 차량용 반도체 장기공급 계약을 체결했다. 마이크론은 며칠 전 제너럴모 …,
155287,반도체 장비,4,2026-07-06 14:52:38,1일 전,NAVER뉴스,"李 대통령, 반도체 등 3대 메가 환경평가 ‘속도전’ 주문…우려 시각도",https://n.news.naver.com/mnews/article/016/0002666363?sid=001,https://imgnews.pstatic.net/image/origin/016/2026/07/06/2666363.jpg?type=nf106_72,이재명 대통령이 6일 물과 전기 하마인 반도체 등 3대 메가프로젝트 조성시 환경영향평가 등 행정절차에 ‘속도’를 강조하면서 우려 …,
155287,반도체 장비,5,2026-07-06 11:27:12,1일 전,정책브리핑,반도체 제조장비·부품의 기술·특허심사 정보를 한눈에!,http://www.korea.kr/briefing/pressReleaseView.do?newsId=156769674&pageIndex=1&repCodeType=&repCode=&startDate=2025-07-06&endDate=2026-07-06&srchWord=&period=,,"반도체 제조장비·부품의 기술·특허심사 정보를 한눈에! - 지식재산처, 「반도체 제조장비·부품 해설집 전(前)공정 편」 발간 - - 반도체 전문 심사관들이 집필... 고품질 심사 및 산업계 특허전략 수립 지원 - 지식재산처(처장 김용선)는 반도체 분야 특허심사의 전문성과 산업계의 특허 경쟁력 강화를 위해 「반도체 제조장비·부품 해설집 전(前)공정 편」을 발간하여 누리집 등을 통해 디지털로 배포한다고 5일 밝혔다. 반도체 제조공정은 전공정*과 후공정**으로 이루어지는데, 해설집은 반도체 전공정의 핵심 8대 단위공정인 ▲클리닝(Cleaning) ▲확산(Difussion) ▲화학기상증착(CVD) ▲물리기상증착(PVD) ▲화학기계적평탄화(CMP) ▲노광(Photo) ▲식각(Etching) ▲이온주입(IMP)을 중심으로 구성되었으며, 각 공정에서 사용되는 주요 제조장비와 핵심 부품을 한눈에 이해할 수 있도록 체계적으로 정리하였다. * 전공정(Front-End Process): 실리콘 웨이퍼 위에 미세 회로를 형성하여 집적회로(IC)를 만드는 공정으로, 반도체 성능과 수율을 결정하는 핵심 공정 ** 후공정(Back-End Process): 전공정을 통해 제조된 웨이퍼를 개별 칩으로 분리하고, 패키징 및 최종 검사를 통해 반도체 제품을 완성하는 공정 해설집은 민간에서 풍부한 실무경험(평균 28년 이상)이 있는 반도체 전문 심사관들이 직접 집필에 참여하여, 산업현장의 기술 전문성과 특허심사 과정에서 축적한 심사 비법을 접목하여 제작되었다. 해설집은 주요 장비와 부품에 대한 형상(사진), 기능, 특허분류(CPC, F-term), 심사 시 유의사항, 주요 국내외 관련 기업 정보들을 함께 수록하여 심사 및 특허전략 수립에 직접 활용할 수 있도록 구성된 것이 특징이다. 지식재산처 김희태 반도체심사추진단장은 ""반도체 공정의 미세화첨단화가 가속화될수록 제조장비와 핵심부품의 기술 경쟁력이 국가 반도체 산업의 경쟁력을 결정하는 중요한 요인으로 부각되고 있다""면서, ""해설집이 특허 심사관의 전문성 제고와 심사품질 향상에 기여하고, 중소·중견기업의 연구개발과 특허전략 수립에 유용한 길잡이가 되기를 기대한다""고 밝혔다. 한편, 해설집은 지식재산처 누리집*에서 내려받을 수 있으며, 향후 「반도체 제조장비·부품 해설집 후(後)공정 편」도 추가로 발간할 계획이다. * 누리집(moip.go.kr)책자/통계간행물기타 간행물",
150841,엔터테인먼트,1,2026-07-07 14:12:46,10시간 전,NAVER뉴스,"넥슨, '오버워치' 서비스 8월12일 시작…사전 계정연동 개시",https://n.news.naver.com/mnews/article/138/0002233408?sid=001,https://imgnews.pstatic.net/image/origin/138/2026/07/07/2233408.jpg?type=nf106_72,넥슨이 블리자드엔터테인먼트의 대표 슈팅 게임 '오버워치'의 국내 서비스를 준비에 돌입했다. 넥슨은 오는 8월12일부터 오버워치의 …,
150841,엔터테인먼트,2,2026-07-07 11:49:45,12시간 전,NAVER뉴스,"하츠투하츠, 8월 12일 일본 첫 싱글 '아이코닉 하트' 발매",https://n.news.naver.com/mnews/article/008/0005382483?sid=001,https://imgnews.pstatic.net/image/origin/008/2026/07/07/5382483.jpg?type=nf106_72,에스엠엔터테인먼트(에스엠)는 소속 걸그룹 하츠투하츠(Hearts2Hearts)가 다음달 일본 정식 데뷔를 진행한다고 7일 밝혔다 …,
150841,엔터테인먼트,3,2026-07-07 09:59:13,14시간 전,NAVER뉴스,"카카오엔터, 글로벌 6억뷰 IP 확장…'도굴왕: 엔드라인' 공개",https://n.news.naver.com/mnews/article/138/0002233356?sid=001,https://imgnews.pstatic.net/image/origin/138/2026/07/07/2233356.jpg?type=nf106_72,카카오엔터테인먼트가 카카오페이지 주요 지식재산권(IP)인 '도굴왕' 세계관을 확장했다고 7일 밝혔다. 도굴왕은 웹툰과 웹소설 모 …,
150841,엔터테인먼트,4,2026-07-04 15:15:45,3일 전,이데일리,"기현, AI 활용한 색다른 티징…'보더라인' 베일 벗었다",https://www.edaily.co.kr/news/newspath.asp?newsid=01459606645511240,https://mimgnews.pstatic.net/image/upload/office_logo/018/2025/03/07/logo_018_100_20250307145653.png,"기현(사진=스타쉽엔터테인먼트) 소속사 스타쉽엔터테인먼트는 지난 3일 몬스타엑스 공식 유튜브 채널을 통해 ‘신곡 없냐 신곡!!! 소개시켜줘야쥬’ 영상을 공개했다. 단순한 하이라이트 메들리나 콘셉트 콘텐츠를 넘어, 인공지능(AI)이 가사를 바탕으로 생성한 이미지를 보고 수록곡을 맞히는 형식으로...",
150841,엔터테인먼트,5,2026-07-04 10:37:15,3일 전,뉴시스,외신도 반한 세븐틴 V8…관습 깨고 이뤄낸 '자기표현',https://www.newsis.com/view/NISX20260704_0003695719,https://mimgnews.pstatic.net/image/upload/office_logo/003/2025/03/07/logo_003_100_20250307145615.png,"4일 소속사 플레디스 엔터테인먼트(하이브)에 따르면 미국 빌보드는 지난달 30일(현지시간) 기사를 통해 V8의 신보를 조명하며 ""K-팝의 정교한 제작 시스템 속에서 진정한 자기표현을 찾아 떠난 앨범""이라고 평가했다. 타이틀곡 '싱어송(singasong)'에 대해서는 유쾌한 외견 뒤에 멤버들의 진정성이...",
155439,스마트폰 SLP(차세대 메인보드),1,2026-04-08 08:59:47,2026-04-08,연합뉴스,"롯데이네오스화학, 건강한 디지털 생활 지원 협약",https://www.yna.co.kr/view/AKR20260408034700057?input&#x3D;1195m,https://imgnews.pstatic.net/image/origin/001/2026/04/08/16008332.jpg,"롯데이네오스화학은 울산스마트쉼센터와 ""2026년 인터넷·스마트폰 과의존 예방·해소를 위한 업무 협약을 체결했다고 8일 밝혔다.  …",
155439,스마트폰 SLP(차세대 메인보드),2,2026-04-06 03:08:19,2026-04-06,뉴스워커,"광주 서구, ""6개월 무료 건강코치"" 신청하세요",http://www.newsworker.co.kr/news/articleView.html?idxno=420631,https://imgnews.pstatic.net/image/origin/5521/2026/04/06/299176.jpg,서구는 참여자에게 스마트워치를 무료로 제공하고 스마트폰 앱과 연동해 5월부터 11월까지 건강관리 서비스를 지원한다. 모집 대상은 건강관리에 관심 있는 1962년생부터 2006년생까지의 서구 주민 또는 서구 소재 직장인이다. 이 중 ▲혈압 130/85mmHg 이상 ▲공복혈당 100mg/dL 이상 ▲허리둘레 남 90cm 이상...,
155439,스마트폰 SLP(차세대 메인보드),3,2026-04-06 03:08:19,2026-04-06,문화일보,인도·베트남 찾는 회장님들… “신남방 전략으로 공급망 돌파구”,https://www.munhwa.com/article/11580114?ref=naver,https://imgnews.pstatic.net/image/origin/021/2026/04/06/2782579.jpg,미·중 관세 전쟁을 돌파하기 위한 전략적 요충지로 중요성이 높아지고 있다. 삼성전자와 LG전자는 노이다 지역에서 각각 스마트폰과 가전 공장을 운영하고 있다. 특히 인도 현지 증시에 상장한 LG전자는 기존 노이다와 푸네 공장에 이어 6억 달러(9000억 원)를 투자해 스리시티 지역에 신공장을 구축하고 있다.,
155439,스마트폰 SLP(차세대 메인보드),4,2026-04-06 03:08:19,2026-04-06,대학저널,"삼육대, 개교 120주년 ‘사진 공모전’ 개최",https://dhnews.co.kr/news/view/1065581674181709,https://imgnews.pstatic.net/image/origin/5413/2026/04/06/117591.jpg,"△‘현재 조각(현재 부문)’은 최근 1년 이내에 스마트폰이나 카메라 등으로 촬영한 오늘날의 캠퍼스 풍경, 건물, 자연환경, 일상 사진을 대상으로 한다. 총상금 규모는 700만원에 달한다. 전체 대상 1명에게는 200만원의 상금이 수여된다. 이어 부문별 최우수상(각 1명) 100만원, 우수상(각 2명) 50만원의...",
155439,스마트폰 SLP(차세대 메인보드),5,2026-04-06 03:08:19,2026-04-06,조선비즈,[르포] ‘거지맵’ 타고 강남세무서까지... ‘런치플레이션’ 속 붐비는...,https://biz.chosun.com/topics/topics_social/2026/04/06/6UK7RMKGWJDS3CFIKF3XREK27U/?utm_source=naver&utm_medium=original&utm_campaign=biz,https://imgnews.pstatic.net/image/origin/366/2026/04/06/1154533.jpg,"최근 들어 스마트폰을 보면서 찾아온 처음 보는 손님이 늘었다고 구내식당 측은 설명했다. 줄을 서고 있던 인근 직장인 박모(36)씨는 “1년 전부터 팀원들과 함께 이용 중”이라며 “아는 사람만 아는 가성비 맛집이었는데, 사람이 더 몰릴까 봐 걱정”이라고 말했다. 다만 물가가 지속해서 오르는 만큼...",
3344,시멘트/레미콘,1,2026-07-01 11:40:55,6일 전,정책브리핑,"시멘트 업계, 탄소중립 이행과 ESG 경영으로 지속가능한 내일을 연다",http://www.korea.kr/briefing/pressReleaseView.do?newsId=156769061&pageIndex=1&repCodeType=&repCode=&startDate=2025-07-01&endDate=2026-07-01&srchWord=&period=,,"시멘트 업계, 탄소중립 이행과ESG 경영으로 지속가능한 내일을 연다.- '제5회 시멘트의 날' 기념행사 개최 - 시멘트 산업발전에 기여한 유공자 21명 포상 산업통상부(장관 김정관, 이하 산업부)는 7월 1일(수), 충북 단양 소노벨에서 산업부 산업자원안보실장, 전근식 한국시멘트협회장 등 시멘트 업계 관계자 약 200여명이 참석한 가운데 '제5회 시멘트의 날' 기념식*을 개최하였다. * 국가기간산업으로서 대한민국 경제발전에 이바지한 시멘트 산업의 위상을 제고하고 업계 종사자들의 사기 진작을 위해 2022년부터 매년 개최 중 이날 기념행사에서는 시멘트산업 발전에 기여한 유공자 21명에 대한 포상 수여식이 진행되었다. 특히, 시멘트 분쇄공정 내 AI 자율제조 기술개발을 통해 제품 품질 균일화의 기반을 마련한 삼표시멘트 김경필 상무 등 10명이 산업통상부장관 표창의 영예를 안았다. 이어 시멘트 업계는 탄소중립 이행과 ESG(환경·사회·지배구조) 경영 실천을 위해 순환자원 재활용 확대 등을 골자로 하는 공동선언문을 발표하였다. 산업부 양기욱 실장은 축사를 통해 국민 주거 안정과 사회 인프라 구축의 중추적 역할을 수행해 온 시멘트업계의 노고를 치하하였다. 아울러, 탄소중립 이행, 제조 공정의 AI 전환(M.AX), 지역 사회와의 상생 등 시멘트 산업의 경쟁력 제고를 위해 업계와 적극 소통하는 한편, R&D 및 제도 개선 등 필요한 지원을 확대해 나가겠다고 밝혔다.",
3344,시멘트/레미콘,2,2026-06-27 05:06:05,2026-06-27,파이낸셜뉴스,망가진 범퍼에 노린 한 방···중앙선에서 핸들을 틀었다 [거짓을 청구...,http://www.fnnews.com/news/202606261018150376,https://mimgnews.pstatic.net/image/upload/office_logo/014/2025/03/07/logo_014_100_20250307145643.png,"아래 있던 큼지막한 시멘트 덩어리를 보지 못 했다. 내려서 살펴보니 우측 앞 범퍼가 움푹 들어가 있었다. 사고 난 김에.. A씨는 짜증이 확 솟구쳤다. 최대한 조심히 왔는데, 막바지에 사고가 난 게 억울하기도 했다. 하지만 그의 판단은 이상한 쪽으로 엇나갔다. 이미 손괴된 차량을 이용해 보험금을 타내보자는...",
3344,시멘트/레미콘,3,2026-06-07 08:05:50,2026-06-07,연합뉴스,[걷고 싶은 길] 도시 속 오지 트레일…진양호반 까꼬실 길,https://www.yna.co.kr/view/AKR20260512025800542?input=1195m,https://mimgnews.pstatic.net/image/upload/office_logo/001/2025/03/07/logo_001_100_20250307145612.png,호숫가에는 여태 전깃줄을 달고 있는 시멘트 전봇대가 쓰러질 듯 안쓰럽게 물에 잠겨 있고 몇몇 버려진 농막과 농기구가 눈에 띄었다. 사람들이 떠난 상실의 자리에서 자연의 생명은 이어져 폐허는 대지의 숨결 가득한 성지로 회복되고 있었다. 남강댐과 진양호 남강댐은 낙동강 수계에 건설된 최초의 다목적...,
3344,시멘트/레미콘,4,2026-06-01 11:36:23,2026-06-01,뉴스핌,"중국, 세계 최초 이산화탄소 폐열발전 상용화",https://www.newspim.com/news/view/20260601000477,https://mimgnews.pstatic.net/image/upload/office_logo/5002/2024/05/30/logo_5002_18_20240530160715.png,"매체는 ""중국은 이번 초임계 이산화탄소 발전소 완성을 통해 폐열 발전 기술의 경제성과 신뢰성을 증명했으며, 운전 유연성까지 실증하는 성과를 냈다""며 ""차오탄 1호 프로젝트는 향후 중국의 다른 제철소, 시멘트 공장, 건자재 공장 등에 설치될 것""이라고 설명했다. 중국핵공업그룹(CNNC)이 구이저우(貴州)...",
3344,시멘트/레미콘,5,2026-05-30 08:05:30,2026-05-30,헤럴드경제,삼성·SK ‘용인 반도체 클러스터’ 공사까지 멈추나…레미콘 운반비 갈...,https://biz.heraldcorp.com/article/10758816?ref=naver,https://mimgnews.pstatic.net/image/upload/office_logo/016/2025/03/07/logo_016_100_20250307145646.png,"레미콘업계 관계자는 “초대형 건설 프로젝트인 경우엔 현장에서 시멘트를 만드는 현장 장치(현장 B/P)를 설치하는 것이 통상인데, 용인과 평택의 경우 운송사업자들의 반대에 막혀 대부분의 현장 BP설치가 좌절 된 것으로 안다”고 설명했다. 유류비 구조도 쟁점이다. 수도권 레미콘사들은 운송사업자에게...",
150847,반도체 후공정,1,2026-07-07 15:36:00,8시간 전,정책브리핑,"국산 인공지능 반도체, 도입부터 활용, 기술 지원까지 밀착 지원합니다",http://www.korea.kr/briefing/pressReleaseView.do?newsId=156769825&pageIndex=1&repCodeType=&repCode=&startDate=2025-07-07&endDate=2026-07-07&srchWord=&period=,,"- 과기정통부, 7월 7일(화)『한국형 인공지능(K-AI) 반도체 기술 지원센터』개소- 국산 인공지능 반도체의 도입을 위한 상담부터 구축·적용, 기술 지원, 우수사례 확산까지 모든 과정에 걸쳐 현장 애로 해소를 위한 밀착 지원 추진",
150847,반도체 후공정,2,2026-07-07 10:25:44,14시간 전,NAVER뉴스,"메디아나, 퓨리오사AI·엑스와이지와 '병원형 피지컬 AI' 구축",https://n.news.naver.com/mnews/article/018/0006324447?sid=001,https://imgnews.pstatic.net/image/origin/018/2026/07/07/6324447.jpg?type=nf106_72,"메디아나(041920)가 AI 반도체 기업 퓨리오사AI, AI 로봇 전문기업 엑스와이지(XYZ)와 손잡고 병원형 피지컬 AI(P …",
150847,반도체 후공정,3,2026-07-07 09:46:45,14시간 전,NAVER뉴스,"""마이크론, 포드와도 차 반도체 장기공급 계약""",https://n.news.naver.com/mnews/article/001/0016179374?sid=001,https://imgnews.pstatic.net/image/origin/001/2026/07/07/16179374.jpg?type=nf106_72,미국 메모리 반도체 제조업체 마이크론이 포드자동차와 차세대 차량용 반도체 장기공급 계약을 체결했다. 마이크론은 며칠 전 제너럴모 …,
150847,반도체 후공정,4,2026-07-06 14:52:38,1일 전,NAVER뉴스,"李 대통령, 반도체 등 3대 메가 환경평가 ‘속도전’ 주문…우려 시각도",https://n.news.naver.com/mnews/article/016/0002666363?sid=001,https://imgnews.pstatic.net/image/origin/016/2026/07/06/2666363.jpg?type=nf106_72,이재명 대통령이 6일 물과 전기 하마인 반도체 등 3대 메가프로젝트 조성시 환경영향평가 등 행정절차에 ‘속도’를 강조하면서 우려 …,
150847,반도체 후공정,5,2026-07-06 11:27:12,1일 전,정책브리핑,반도체 제조장비·부품의 기술·특허심사 정보를 한눈에!,http://www.korea.kr/briefing/pressReleaseView.do?newsId=156769674&pageIndex=1&repCodeType=&repCode=&startDate=2025-07-06&endDate=2026-07-06&srchWord=&period=,,"반도체 제조장비·부품의 기술·특허심사 정보를 한눈에! - 지식재산처, 「반도체 제조장비·부품 해설집 전(前)공정 편」 발간 - - 반도체 전문 심사관들이 집필... 고품질 심사 및 산업계 특허전략 수립 지원 - 지식재산처(처장 김용선)는 반도체 분야 특허심사의 전문성과 산업계의 특허 경쟁력 강화를 위해 「반도체 제조장비·부품 해설집 전(前)공정 편」을 발간하여 누리집 등을 통해 디지털로 배포한다고 5일 밝혔다. 반도체 제조공정은 전공정*과 후공정**으로 이루어지는데, 해설집은 반도체 전공정의 핵심 8대 단위공정인 ▲클리닝(Cleaning) ▲확산(Difussion) ▲화학기상증착(CVD) ▲물리기상증착(PVD) ▲화학기계적평탄화(CMP) ▲노광(Photo) ▲식각(Etching) ▲이온주입(IMP)을 중심으로 구성되었으며, 각 공정에서 사용되는 주요 제조장비와 핵심 부품을 한눈에 이해할 수 있도록 체계적으로 정리하였다. * 전공정(Front-End Process): 실리콘 웨이퍼 위에 미세 회로를 형성하여 집적회로(IC)를 만드는 공정으로, 반도체 성능과 수율을 결정하는 핵심 공정 ** 후공정(Back-End Process): 전공정을 통해 제조된 웨이퍼를 개별 칩으로 분리하고, 패키징 및 최종 검사를 통해 반도체 제품을 완성하는 공정 해설집은 민간에서 풍부한 실무경험(평균 28년 이상)이 있는 반도체 전문 심사관들이 직접 집필에 참여하여, 산업현장의 기술 전문성과 특허심사 과정에서 축적한 심사 비법을 접목하여 제작되었다. 해설집은 주요 장비와 부품에 대한 형상(사진), 기능, 특허분류(CPC, F-term), 심사 시 유의사항, 주요 국내외 관련 기업 정보들을 함께 수록하여 심사 및 특허전략 수립에 직접 활용할 수 있도록 구성된 것이 특징이다. 지식재산처 김희태 반도체심사추진단장은 ""반도체 공정의 미세화첨단화가 가속화될수록 제조장비와 핵심부품의 기술 경쟁력이 국가 반도체 산업의 경쟁력을 결정하는 중요한 요인으로 부각되고 있다""면서, ""해설집이 특허 심사관의 전문성 제고와 심사품질 향상에 기여하고, 중소·중견기업의 연구개발과 특허전략 수립에 유용한 길잡이가 되기를 기대한다""고 밝혔다. 한편, 해설집은 지식재산처 누리집*에서 내려받을 수 있으며, 향후 「반도체 제조장비·부품 해설집 후(後)공정 편」도 추가로 발간할 계획이다. * 누리집(moip.go.kr)책자/통계간행물기타 간행물",
3312,2차전지,1,2026-07-01 15:18:26,6일 전,NAVER뉴스,"필에너지, 712억 규모 2차전지 조립설비 공급계약 체결",https://n.news.naver.com/mnews/article/018/0006320082?sid=001,,필에너지(378340)는 711억9000만원 규모의 2차전지 조립설비 공급계약을 체결했다고 1일 오전 공시했다. 계약금액은 회사 …,
3312,2차전지,2,2026-07-01 15:17:17,6일 전,,"필에너지, 712억 규모 2차전지 조립설비 공급계약 체결","javascript:View('04860966645510256', 'E')",,,
3312,2차전지,3,2026-07-01 10:50:47,6일 전,NAVER뉴스,"필에너지, 712억 규모 2차전지 조립설비 공급계약",https://n.news.naver.com/mnews/article/016/0002664087?sid=001,,필에너지는 711억9000만원 규모의 2차전지 조립설비 공급계약을 체결했다고 1일 공시했다. 이는 2025년 매출 대비 214. …,
3312,2차전지,4,2026-05-21 11:59:42,2026-05-21,뉴시스,"홍명보호 고지대 적응도 개인차…""심하지 않아 vs 귀가 멍해""",https://www.newsis.com/view/NISX20260521_0003639064,https://mimgnews.pstatic.net/image/upload/office_logo/003/2025/03/07/logo_003_100_20250307145615.png,"기온과 습도, 시차 등 여러 조건이 북중미 월드컵 베이스캠프 장소이자, 한국의 월드컵 조별리그 1, 2차전 경기장이 위치한 해발 1500m 고지대의 멕시코... 바르셀로나(스페인) 유스 시절 멕시코 전지훈련 경험이 있는 백승호(버밍엄시티)는 ""그때는 적응할 시간이 별로 없어서 숨이 차고 힘든 건 있었다""고...",
3312,2차전지,5,2026-05-15 18:05:47,2026-05-15,,"AMD가 조명한 韓 스타트업 기술..AIBIZ, ""웨이퍼 결함 AI로 감지""",https://www.mt.co.kr/industry/2026/05/15/2026051513532081458,https://mimgnews.pstatic.net/image/upload/office_logo/008/2025/03/07/logo_008_100_20250307145621.png,"하승재 에이아이비즈 대표는 ""더치보이에 AMD를 결합해 경량 AI 시스템을 구현했다""며 ""무거운 AI 시스템과 달리 발열, 전력소모, 비용 측면에서 운영 부담을 낮출 수 있다""고 말했다. 이어 ""2차전지, 디스플레이, 태양광 등 첨단 제조 산업으로 더치보이의 적용 범위를 확대할 계획""이라고 덧붙였다.",
3407,로봇,1,2026-07-07 16:10:28,8시간 전,정책브리핑,현대차 그룹 - 1·2·3차 협력사 상생협약 체결식 개최,http://www.korea.kr/briefing/pressReleaseView.do?newsId=156769851&pageIndex=1&repCodeType=&repCode=&startDate=2025-07-07&endDate=2026-07-07&srchWord=&period=,,"공정위, 현대자동차 - 1·2·3차 협력사 상생협약 체결식 개최- 10일 내 지급 등 대금 지급 조건 개선, 미래 모빌리티 산업 경쟁력 강화를 위해 협력사 기술·교육 지원 확대 -공정거래위원회(위원장 주병기, 이하 '공정위')는 7월 7일(화) 더블트리 바이 힐튼에서 현대자동차 그룹 12개 계열사*(이하 '현대자동차') 및 협력사 관계자들이 참석한 가운데, '현대자동차 – 1·2·3차 협력사 상생협약 체결식'을 개최하였다. * 현대자동차, 기아, 현대모비스, 현대제철, 현대건설, 현대로템, 현대엔지니어링, 현대트랜시스, 현대위아, 현대오토에버, 현대케피코, 이노션 이번 상생협약은 현대자동차의 상생협력 문화가 공급망 전체로 확산하여 2차 이하 영세 협력사까지 실질적인 혜택이 미칠 수 있도록 하기 위해 마련된 것으로, 삼성, SK, LG 그룹에 이어 대기업집단 중 네 번째로 체결하는 것이다.· 일시 : 2026. 7. 7.(화) 15:45 ~ 16:50 (약 65분)· 장소 : 더블트리 바이 힐튼 서울 판교· 참석자 : 약 150명 (공정위) 주병기 공정거래위원장, 기업협력정책관, 대변인 등 (기업측) 현대자동차 12개 계열사, 1차 협력사, 2차 협력사 임직원 등 현대자동차 그룹 – 1·2·3차 협력사 상생협약 체결식 개요 상생협약의 주요 내용은 크게 ▲현대자동차 및 1·2차 협력사의 대금 지급 조건 개선, ▲미래 모빌리티 산업 전환 과정에서 협력사 경쟁력 강화를 위한 기술·교육 등 지원 확대 등으로 구성되었으며, 이는 현대자동차와 협력사 간 자율적인 협의로 마련된 것이다. 먼저, 현대자동차와 1·2차 협력사들은 각각 자신과 거래 관계에 있는 그 이하 협력사를 대상으로 대금 지급 조건을 개선하기로 하였다. 대금 지급 시기, 방식 등 '대금 지급 조건'이 중소 협력사의 안정적인 유동성 운용 및 확보를 위해 가장 중요한 요소임을 감안한 것이다. 구체적으로 현대자동차는 1차 협력사를 대상으로 마감 후 10일(평균) 이내에 대금을 지급하고, 현금성 결제 비율 역시 제고하기로 하였다. 상생결제시스템 활용도 지속적으로 제고해 나가면서, 명절 대금을 조기에 지급하는 문화도 정착시키기로 하였다. 1·2차 협력사들도 그 이하 중소 협력사들을 대상으로 지급기일 단축, 현금성 결제 비율 제고, 상생결제시스템 활용 확산에 동참하기로 하였다. 동시에 현대자동차는 이에 성실히 참여하는 협력사를 대상으로 다양한 자체 지원책*(이하 '인센티브')을 마련·지원하기로 하였다. 이를 통해 중소 1·2차 협력사들이 대금 지급 조건 개선에 적극 참여함으로써, 현대자동차의 대금 지급 조건 개선 혜택이 2차 이하 영세 협력사까지 원활히 흘러가 닿을 것으로 기대된다. * 협력사 평가 시 배점 강화 및 가점 부여, 동반성장펀드 지원 우대, 우수 협력사 포상 등 다음으로, 현대자동차는 AI·자율주행·로봇 등 미래 모빌리티 산업으로의 전환 과정에서 중소 협력사들의 경쟁력을 강화하기 위해, 협력사 대상 기술·교육 등 지원에 보다 적극 나서기로 하였다. 현대차와 기아는 협력사의 AI·소프트웨어·자율주행 기술 전환을 지원하고, 협력사 임직원을 대상으로 AI·사이버보안 역량 강화 교육 프로그램도 지원할 예정이다. 현대모비스도 로봇 사업의 확대에 맞춰 첨단 부품 관련 기술 협력사 육성에 적극 나선다는 계획이다. 이번 상생협약을 통해 현대자동차 공급망에 속해 있는 약 5,500여개 협력사들이 혜택을 볼 것으로 예상된다. 아울러, 현대자동차는 이번 상생협약의 주요 내용을 내년 초에 체결할 협력사들과의 공정거래협약*에도 반영함으로써, 상생협력의 원칙을 체화해 나가겠다는 의지를 밝혔다. * 대·중견기업과 중소협력업체가 불공정행위 예방 및 경쟁력 강화를 위한 세부방안을 협약이라는 형식으로 1년 단위로 약정·이행하고, 공정위가 그 결과를 평가하는 제도 주병기 위원장은 ""불평등과 양극화의 심화는 지금 대한민국 경제 발전의 가장 중대한 장해물""이라며, ""그 가장 중요한 원인이 양극화된 기업생태계""때문이라고 말했다.""미래 모빌리티 산업의 혁신은 협력사와의 건강한 협업 구조와 상생 위에서 더욱 단단하게 지속될 수 있다""고 언급하면서, ""공정위 역시 현대자동차와 협력사들이 함께하는 이 뜻깊은 상생협약에 든든한 동반자가 되겠다""고 밝혔다. 공정위는 공정거래협약 이행평가 등을 통해 이번 상생협약이 성실히 이행되는지를 면밀히 살펴 우수 기업을 대상으로 향후 인센티브*를 제공하는 한편, 대기업과 협력사 사이에 바람직한 상생협력 문화가 자리잡을 수 있도록 대기업 – 협력사 간 상생협약 체결을 지속 유도해 나갈 계획이다. * 공정거래협약 이행평가 시 가점 부여, 중소기업 대상 하도급거래 모범업체 선정 등",
3407,로봇,2,2026-07-07 15:12:31,9시간 전,NAVER뉴스,"새만금개발청, 현대차 9조원 투자 기반 넓힌다",https://n.news.naver.com/mnews/article/005/0001859467?sid=001,https://imgnews.pstatic.net/image/origin/005/2026/07/07/1859467.jpg?type=nf106_72,"현대자동차그룹의 9조원 규모 새만금 투자에 속도가 붙게 됐다. 새만금개발청이 AI·로봇·수소클러스터와 친환경 에너지, 국제 통신 …",
3407,로봇,3,2026-07-07 14:40:53,9시간 전,정책브리핑,현대자동차그룹 등 기업 지원을 위해 새만금 국가산업단지 개발·실시계획 변경,http://www.korea.kr/briefing/pressReleaseView.do?newsId=156769836&pageIndex=1&repCodeType=&repCode=&startDate=2025-07-07&endDate=2026-07-07&srchWord=&period=,,"현대자동차그룹 등 기업 지원을 위해새만금 국가산업단지 개발·실시계획 변경- 인공지능(AI)·로봇·수소클러스터와 친환경 에너지 중심지 도약 가속 -□ 새만금개발청(청장 문성요)은 현대자동차그룹의 9조 원 규모 투자를 지원하고, 친환경 에너지 기반시설을 조기에 구축하기 위해 '새만금지구 국가산업단지 개발계획(25차) 및 실시계획(29차) 변경안'을 승인·고시(7월 6일)했다고 밝혔다. ㅇ 이번 계획 변경은 현대자동차그룹을 비롯해 새만금에 투자를 결정한 기업들이 신속하고 안정적으로 사업을 추진할 수 있도록 제도적 지원을 강화하기 위해 이뤄졌다.□ 주요 변경 내용은, 현대자동차그룹의 대규모 투자에 맞춰 첨단전략산업 분야 소재·부품·장비 협력업체를 지원할 '기업성장센터' 건축 기반이 마련된다. ㅇ 이를 위해 5공구 내 지원시설용지 일부를 복합용지로 변경함으로써 현대자동차그룹이 추진하는 인공지능(AI)·로봇·수소클러스터 관련 협력업체들의 입주 여건이 개선될 것으로 기대된다. ㅇ 아울러 해당 부지에는 한국에너지기술연구원이 주관하는 '탄소포집(CCU) 기술 고도화 실증센터'가 함께 들어설 예정으로, 이산화탄소와 그린수소를 활용한 e-Fuel(합성원유) 생산 공정 실증 연구를 수행할 계획이다.□ 이와 함께 새만금의 핵심 에너지 사업인 '수상태양광 발전사업(지역주도형 0.3GW)'의 전력 계통 연계를 가속하기 위해 8공구 연구시설용지 일부를 공공시설용지로 변경해 송전소 부지로 확정했다. ㅇ 이를 통해 한국전력 남비응변전소와 전력망 연계 여건이 갖춰짐에 따라, 2028년으로 예정된 수상태양광 발전사업의 상업운전 개시에도 속도가 붙을 전망이다.□ 또한, 현대자동차그룹의 인공지능(AI) 데이터센터 운영을 지원할 글로벌 정보통신 연계망 구축을 위한 육양국 사업부지의 지구단위계획 변경도 포함됐다. ㅇ 대규모 국제 해저케이블 구축 사업인 'AUG(Asia United Gateway East) 프로젝트'의 한국 육양국(국제 해저케이블과 육상 통신망을 연결하는 시설) 유치를 지원하기 위해, 2공구 내 산업시설용지의 건축물 허용 용도에 '방송통신시설'을 추가했다.□ 남영우 새만금개발청 차장은 ""이번 개발 및 실시계획 변경은 기업의 사업 추진에 필요한 시설기반을 반영한 것""이라면서, ""새만금이 친환경 에너지와 글로벌 통신망, 첨단 전략산업이 융합된 중심지로 도약할 수 있도록 선제적인 규제혁신을 통해 기업들이 적극적으로 투자할 수 있는 환경을 조성해 나가겠다""라고 말했다.",
3407,로봇,4,2026-07-07 13:44:40,10시간 전,NAVER뉴스,"KCC, ‘KISS 2026’서 안전환경디자인 전면에…HD현대중공업 적용 사례 공개",https://n.news.naver.com/mnews/article/016/0002666905?sid=001,https://imgnews.pstatic.net/image/origin/016/2026/07/07/2666905.jpg?type=nf106_72,색채·도료·내화·로봇까지 통합 안전설루션 제시 국내 300개사 참여 산업안전 전시서 현장 적용성 강조 중대재해법 이후 산업안전 …,
3407,로봇,5,2026-07-07 13:43:22,10시간 전,로이슈,"티엑스알로보틱스, 130억원 규모 로봇 공급 계약 체결",https://www.lawissue.co.kr/view.php?ud=20260706175745206f4ab64559d_12,https://cliimage.commutil.kr/phpwas/restmb_setimgmake.php?pp=006&w=200&h=125&m=1&simg=20260706175752030870f4ab64559d22078224165.jpg&nmt=12,유진그룹 계열 티엑스알로보틱스(TXR Robotics)가 129억8천만원 규모의 모듈러 리프팅 로봇 공급 계약을 체결했다고 6일 밝혔다.이번 계약은 앞서 약 ...,
159955,수소연료전지,1,2026-07-07 15:36:00,8시간 전,정책브리핑,"기후부, 상용 원전 활용 방사성동위원소 산업 육성 본격 추진",http://www.korea.kr/briefing/pressReleaseView.do?newsId=156769831&pageIndex=1&repCodeType=&repCode=&startDate=2025-07-07&endDate=2026-07-07&srchWord=&period=,,"▷ 한수원·에기평·대한핵의학회·원산협회·첨방연 등으로 구성된 협력체계(PRRI) 출범▷ 의료·멸균·비파괴검사·초저온냉각 등 고부가 방사성동위원소 공급기반 강화 논의기후에너지환경부(장관 김성환)는 7월 7일 오후 한국수력원자력 방사선 보건원(서울 중구 소재)에서 '원전 활용 방사선 산업화 파트너십(PRRI*)' 출범식을 개최한다고 밝혔다. * PRRI(""프리""): Partnership for Reactor-produced RadioIsotope이날 행사에는 김성환 기후에너지환경부 장관과 국회 윤준병 의원을 비롯해 산·학·연 주요 기관 및 기업 관계자들이 참석한다. 이번 출범식에서 △한국수력원자력, △한국에너지기술평가원, △대한핵의학회, △한국원자력산업협회, △한국원자력연구원 첨단방사선연구소, △한국방사선산업학회 등은 상용 원전을 활용한 방사성동위원소 산업 활성화를 위한 업무협약을 체결한다. 또한 방사성동위원소 시장현황과 전망, 상용원전 활용 방사성동위원소 산업화 방향에 대한 발표가 진행되며, 참석자들은 루테튬-177, 삼중수소, 헬륨-3, 코발트-60 등 주요 방사성동위원소의 활용가능성과 산업화 과제에 대해 논의할 예정이다.방사성동위원소(RI: RaidoIsotope)는 암 치료용 방사성의약품, 의료기기 멸균, 비파괴검사, 초저온 냉각, 중성자 검출, 핵융합 연구 등 의료·산업·에너지·첨단기술 분야에서 활용되는 핵심 소재이다. 최근 의료(치료·진단)와 첨단산업 등 수요가 확대되면서 관련 시장도 성장하고 있어, 안정적인 방사성동위원소 공급기반의 중요성도 커지고 있다.특히, 치료용을 중심으로 중수로에서 생산되는 방사성동위원소 시장이 빠르게 성장하고 있다. 대표적 사례인 루테튬-177은 전립선암 치료를 위한 차세대 표적 방사성의약품의 핵심 원료로 전 세계 방사성의약품 시장 확대에 힘입어 올해(2026년) 34억 3천만 달러에서 2034년 147억 달러 규모로 연평균 19.9% 성장할 것으로 전망*된다. 이미 캐나다는 상업용 중수로에서 루테튬-177 대량생산에 성공하여 전 세계 방사성의약품 시장을 선도하고 있다.* 루테튬(Lu)-177 시장규모 2026-2034 (Fortune Business Insights)이와 함께 삼중수소는 핵융합 연료와 자발광 소재 분야에서, 헬륨-3은 중성자 검측기 및 초저온 냉각 분야에서 활용되는 전략물질로 평가받고 있으며, 코발트-60은 의료용품 멸균, 비파괴검사 등에 활용되고 있다. 이에 캐나다, 중국, 인도 등 주요 중수로 보유국들은 이미 상용 원전을 활용한 방사성동위원소 생산과 산업화에 적극적으로 나서고 있다.우리나라는 뛰어난 원전 운영 역량과 중수로 기반시설을 보유하고 있어 안정적인 방사성동위원소 공급망 확보의 잠재력이 있다. 이번 협력(파트너십)은 상용원전의 활용범위를 전력생산에서 국민 건강과 첨단 산업을 뒷받침하는 고부가가치 산업 기반으로 확장하기 위한 협력체계다. 이러한 협력체계를 통해 공기업, 연구기관, 학계 및 산업계가 함께 방사성동위원소 수요를 발굴하고 생산, 분리, 정제, 활용으로 이어지는 산업 생태계 조성 방안을 논의한다는 점에서 의미가 있다.이번 협약에 따라 한국수력원자력은 원전 안전성과 발전운전에 영향이 없는 범위에서 상용 원전 활용 방사성동위원소 생산 기반 조성을 추진하고, 한국에너지기술평가원과 한국원자력연구원 첨단방사선연구소는 방사성동위원소사업 활성화를 위한 연구개발 및 기반조성을 지원한다. 또한, 대한핵의학회와 방사선산업학회는 방사성동위원소 생산, 인허가, 의학적 이용 등에 대한 학술 지식 및 정보 공유에 협력하며, 한국원자력산업협회 등은 산업계 수요 발굴과 기업간 협력 연계를 담당한다. 기후에너지환경부는 앞으로 이번 협력체계를 통해 방사성동위원소별 수요, 기술개발 과제, 인허가 쟁점, 공급망 구축방안 등을 구체화할 계획이다. 또한 관계기관과 함께 상용원전 활용 방사성동위원소 산업화 전략을 마련하고, 국내 기업이 고부가 방사선 산업에 참여할 수 있는 기반을 확대할 예정이다.김성환 기후에너지환경부 장관은 ""이번 협력체계는 국내 상용원전의 활용 범위를 의료, 산업, 첨단기술 분야로 확장하는 출발점""이라며, ""원전 안전을 최우선으로 하면서 방사성동위원소 산업이 새로운 고부가가치 산업으로 성장할 수 있도록 정책적 지원을 강화하겠다""라고 밝혔다.붙임1. 출범식 개요. 2. 주요 방사성동위원소 생산 과정.3. 주요 방사성동위원소 시장현황 및 전망. 끝.",
159955,수소연료전지,2,2026-07-07 15:12:31,9시간 전,NAVER뉴스,"새만금개발청, 현대차 9조원 투자 기반 넓힌다",https://n.news.naver.com/mnews/article/005/0001859467?sid=001,https://imgnews.pstatic.net/image/origin/005/2026/07/07/1859467.jpg?type=nf106_72,"현대자동차그룹의 9조원 규모 새만금 투자에 속도가 붙게 됐다. 새만금개발청이 AI·로봇·수소클러스터와 친환경 에너지, 국제 통신 …",
159955,수소연료전지,3,2026-07-07 14:40:53,9시간 전,정책브리핑,현대자동차그룹 등 기업 지원을 위해 새만금 국가산업단지 개발·실시계획 변경,http://www.korea.kr/briefing/pressReleaseView.do?newsId=156769836&pageIndex=1&repCodeType=&repCode=&startDate=2025-07-07&endDate=2026-07-07&srchWord=&period=,,"현대자동차그룹 등 기업 지원을 위해새만금 국가산업단지 개발·실시계획 변경- 인공지능(AI)·로봇·수소클러스터와 친환경 에너지 중심지 도약 가속 -□ 새만금개발청(청장 문성요)은 현대자동차그룹의 9조 원 규모 투자를 지원하고, 친환경 에너지 기반시설을 조기에 구축하기 위해 '새만금지구 국가산업단지 개발계획(25차) 및 실시계획(29차) 변경안'을 승인·고시(7월 6일)했다고 밝혔다. ㅇ 이번 계획 변경은 현대자동차그룹을 비롯해 새만금에 투자를 결정한 기업들이 신속하고 안정적으로 사업을 추진할 수 있도록 제도적 지원을 강화하기 위해 이뤄졌다.□ 주요 변경 내용은, 현대자동차그룹의 대규모 투자에 맞춰 첨단전략산업 분야 소재·부품·장비 협력업체를 지원할 '기업성장센터' 건축 기반이 마련된다. ㅇ 이를 위해 5공구 내 지원시설용지 일부를 복합용지로 변경함으로써 현대자동차그룹이 추진하는 인공지능(AI)·로봇·수소클러스터 관련 협력업체들의 입주 여건이 개선될 것으로 기대된다. ㅇ 아울러 해당 부지에는 한국에너지기술연구원이 주관하는 '탄소포집(CCU) 기술 고도화 실증센터'가 함께 들어설 예정으로, 이산화탄소와 그린수소를 활용한 e-Fuel(합성원유) 생산 공정 실증 연구를 수행할 계획이다.□ 이와 함께 새만금의 핵심 에너지 사업인 '수상태양광 발전사업(지역주도형 0.3GW)'의 전력 계통 연계를 가속하기 위해 8공구 연구시설용지 일부를 공공시설용지로 변경해 송전소 부지로 확정했다. ㅇ 이를 통해 한국전력 남비응변전소와 전력망 연계 여건이 갖춰짐에 따라, 2028년으로 예정된 수상태양광 발전사업의 상업운전 개시에도 속도가 붙을 전망이다.□ 또한, 현대자동차그룹의 인공지능(AI) 데이터센터 운영을 지원할 글로벌 정보통신 연계망 구축을 위한 육양국 사업부지의 지구단위계획 변경도 포함됐다. ㅇ 대규모 국제 해저케이블 구축 사업인 'AUG(Asia United Gateway East) 프로젝트'의 한국 육양국(국제 해저케이블과 육상 통신망을 연결하는 시설) 유치를 지원하기 위해, 2공구 내 산업시설용지의 건축물 허용 용도에 '방송통신시설'을 추가했다.□ 남영우 새만금개발청 차장은 ""이번 개발 및 실시계획 변경은 기업의 사업 추진에 필요한 시설기반을 반영한 것""이라면서, ""새만금이 친환경 에너지와 글로벌 통신망, 첨단 전략산업이 융합된 중심지로 도약할 수 있도록 선제적인 규제혁신을 통해 기업들이 적극적으로 투자할 수 있는 환경을 조성해 나가겠다""라고 말했다.",
159955,수소연료전지,4,2026-07-07 08:10:58,16시간 전,정책브리핑,"소방청, 국내 최대 제어로봇학시스템학회와 손잡고 학술대회에 「소방재난 분과(세션)」 운영",http://www.korea.kr/briefing/pressReleaseView.do?newsId=156769754&pageIndex=1&repCodeType=&repCode=&startDate=2025-07-07&endDate=2026-07-07&srchWord=&period=,,"﻿﻿소방청, 국내 최대 제어로봇학시스템학회와 손잡고 학술대회에 「소방재난 분과(세션)」 운영- 소방현장 적용 로봇기술 논문 24편 발표…우수논문 4편에 소방청장상 수여□ 소방청(청장 직무대행 최용철)은 지난 1일 대구 엑스코(EXCO)에서 개막한「2026 제41회 제어로봇시스템학회(ICROS) 학술대회」기간 중 올해 첫「소방재난 분과(세션)」를 개설해 재난 대응과 소방 현장에 적용 가능한 로봇·인공지능(AI) 기술 연구 논문 24편을 선보였다고 밝혔다. □ 로봇·인공지능(AI), 미래 소방의 핵심기술로…학계와 1년여 협력 끝에 결실○ 최근 복잡하고 다양한 재난 현장에서 로봇·인공지능(AI) 기술은 재난 대응력을 높이고 현장대원의 안전을 확보할 미래 핵심기술로 꼽힌다. 이에 소방청은 지난해 7월부터 국내 최대 규모 제어·로봇 분야 학회인 ICROS*와 세션 개설 필요성에 공감대를 형성하여 이번 분과(세션)를 정식 도입시켰다.* ICROS(Institute of Control Robotics&Systems) : 제어로봇시스템학회로 1994년 창립. 제어 로봇 시스템 분야의 연계와 협력을 바탕으로 이론연구와 산업응용을 목적으로 하는 우리나라 대표적인 공학학회(회원수 약 8,200명)○ 올해 학술대회는 '인공지능(AI)과 함께 진화하는 제어·로봇'을 주제로, 산학연 관계자 1,000여 명이 참가한 가운데 약 500편의 논문이 다뤄졌다.□ 4족 로봇 보행부터 화점 추적까지…재난현장 기술 24편 총출동○ 이 중 소방재난 특별 분과(세션)에서는 총 24편의 연구가 구두 발표와 포스터 발표로 나뉘어 소개됐다.○ 주요 발표에서는 ▲고하중 운반이 가능한 소방용 4족로봇의 보행 제어 기술 ▲고위험 재난현장에 투입할 무인 원격 특수소방차 및 로봇 융합기술 ▲카메라 감지기(센서) 평가 의견(피드백) 기반 화점 추적·자율 방수 시스템 등 현장 적용형 연구가 다수 발표됐다.○ 이어진 포스터 세션에서는 ▲워터젯 추진기로 주행하는 모듈형 소방로봇 ▲대형화재 진압을 위한 무인 소방굴절기 시스템 ▲열화상 기반 인명탐지 알고리즘 ▲산불 대응 트랙형 진압 보조로봇 개념설계 등 다양한 아이디어가 소개됐다.○ 이번 논문상은 최우수 논문상, 우수논문상, 학생부논문상, 한국기계기술단체총연합회 우수논문상, 매트랩(MATLAB) 논문상, 소방청 표창상이 수여됐다.○ 소방청 표창상은 전문가 심사를 거쳐 총 4편이 최종 수상작으로 선정되어 시상했다.수상 논문명1. 실내 가스원 탐지를 위한 모듈형 조건부 확률 추정 기반 딥러닝 프레임워크2. 소방 재난 환경에 강건한 4족 로봇의 보행 제어를 위한 예측적 전도 위험성 추정기 기반 다중 목적 정책 최적화3. 실내 재난환경 탐색로봇 원격조종을 위한 이중 분기 심층신경망 기반 통신 블랙아웃 예측4. Strict Actual Execution 기반 부산 초고층건축물 화재 대응시스템: BIFC 가상 시나리오와 물리모델·공공AI 통합 실구동□ 소방청은 ""처음 마련된 특별 분과(세션)임에도 다양하고 수준 높은 연구 성과가 도출되어 그 의미가 크다""며, ""수상작 등 우수한 연구 성과는 소방청과 시도 소방본부에 적극적으로 공유하여 현장 적용 가능성을 다각도로 검토할 것""이라고 밝혔다.○ 아울러 소방청은 앞으로도 학회와 긴밀한 연구 협력을 지속하여, 소방 현장의 과학화와 첨단화를 이끌고 대원 안전 기술 개발에 선제적으로 반영해 나갈 방침이다.담당 부서소방청소방인공지능융합과책임자과 장이진헌(044-205-7980)담당자소방경김응정(044-205-7986)",
159955,수소연료전지,5,2026-07-03 16:11:24,4일 전,정책브리핑,[보도참고자료] (공동) 후쿠시마 오염수 방류 대응 브리핑(329차),http://www.korea.kr/briefing/pressReleaseView.do?newsId=156769510&pageIndex=1&repCodeType=&repCode=&startDate=2025-07-03&endDate=2026-07-03&srchWord=&period=,,"오염수 방류 대응 전반브리퍼 : 국무조정실 김영수 국무1차장 - 1. 인사말씀 □ 국무조정실 국무1차장입니다. 2. 21차 오염수 방류계획 □ 도쿄전력은 어제(7.2) 17시경에 21차 방류 일정 등 방류계획을 발표하였습니다. ○ 발표에 따르면, 오염수의 삼중수소 농도는 리터당 17만 베크렐(Bq)이며, 향후 리터당 1,500베크렐(Bq) 미만으로 해수와 희석하여 방류할 계획입니다. ○ 도쿄전력은 오염수 분석 결과가 배출기준 미만으로 확인됨에 따라, 월요일(7.6)부터 21차 방류를 진행할 예정이라고 밝혔습니다. □ 정부는 방류 계획과 운영 현황을 지속적으로 확인하고 있으며, 앞으로도 방류 동향을 계속 모니터링하고 대응하여 국민의 우려가 없도록 최선을 다하겠습니다. □ 이어서 우리 해역·수산물 안전관리 등은 해양수산부에서, 오염수 분석 결과 및 전문가 활동 등은 원자력안전위원회에서 말씀드리겠습니다. □ 이상입니다.우리 해역 수산물 안전관리 현황브리퍼 : 해양수산부 남재헌 차관 - 1. 인사말씀 □ 해양수산부 차관입니다. 2. 우리 해역·수산물 안전관리 현황 □ 7월 1일 기준, 우리 수산물에 대한 안전관리 상황을 말씀드리겠습니다. ○ 지난 브리핑 이후 추가된 생산단계와 유통단계 수산물 방사능 검사 결과는 453건과 512건으로 모두 적합입니다. □ '국민신청 방사능 검사 게시판' 운영 결과입니다. ○ 지난 브리핑 이후 국내 수산물 중 검사가 완료된 전복, 고등어 등 8건을 포함해 국민신청 방사능 검사 게시판 운영을 시작한 23년 4월 24일 이후 총 1,099건을 선정하였고, 1,092건을 완료하였으며, 모두 적합이었습니다. * (진행중) 국내산 전복, 고등어, 오징어 등 7개 품목 ○ 수입 수산물 국민신청 방사능 검사 게시판 운영을 시작한 24년 1월 26일 이후 총 341건을 선정하였고, 338건을 완료하였으며, 모두 적합이었습니다. * (진행중) 중국 해조류, 노르웨이 연어, 중국 바지락 3개 품목□ 수입 수산물 방사능 검사 현황입니다. ○ 지난 브리핑 이후 추가된 일본산 수입 수산물 방사능 검사는 168건이고, 방사능이 검출된 수산물은 없었습니다. □ 수산물 삼중수소 모니터링 현황입니다. ○ 지난 브리핑 이후 국내산 고등어, 방어 등 22건, 러시아 명태·가자미, 미국 가자미, 중국 다랑어 등 14건을 대상으로 삼중수소를 모니터링하였고 그 결과 불검출이었습니다. * 기준 : 영유아용 식품 1,000Bq/kg, 기타식품 10,000Bq/kg 이하(검출한계치 : 10Bq/kg) □ 선박평형수 안전관리 현황입니다. ○ 지난 브리핑 이후 치바현 치바항 등에서 입항한 선박 11척에 대한 조사가 있었고 방사능이 검출되지 않았습니다. ○ 23년 1월부터 현재까지 후쿠시마 등 6개 현에서 입항한 선박 796척에 대한 선박평형수 방사능 조사 결과, 모두 적합이었습니다. □ 해수욕장에 대한 조사 현황입니다. ○ 지난 브리핑 이후 강원 경포·속초, 경남 상주은모래비치·학동흑진주몽돌, 경북 장사·영일대, 부산 해운대·광안리, 울산 일산·진하, 인천 을왕리·장경리, 전남 신지명사십리·율포솔밭, 전북 변산·선유도, 제주 중문색달·함덕, 충남 대천·만리포 등 20개 해수욕장 모두 안전한 수준으로 확인되었습니다.□ 해양방사능 조사 현황입니다. ○ 지난 브리핑 이후 남서해역 9개 지점, 서남해역 15개 지점, 남중해역 15개 지점, 제주해역 3개 지점, 원근해 28개 지점의 시료분석 결과가 추가로 도출되었습니다. ○ 세슘134는 리터(ℓ)당 0.067베크렐(Bq) 미만에서 0.088 베크렐(Bq) 미만이고, 세슘137은 리터(ℓ)당 0.072베크렐(Bq) 미만에서 0.092베크렐(Bq) 미만이며, 삼중수소는 리터(ℓ)당 6.1베크렐(Bq) 미만에서 7.0베크렐(Bq) 미만이었습니다. * (134Cs) 0.067~0.088Bq/L, (137Cs) 0.072~0.092Bq/L, (3H) 6.1~7.0Bq/L ○ 이는 WHO 먹는 물 기준 대비 훨씬 낮은 수준으로, 방류 이후에도 우리 바다는 안전한 것으로 확인되고 있습니다. 3. 후쿠시마 원전 항만 내 어류 분석 결과 □ 참고로, 도쿄전력은 후쿠시마 제1원전 항만 내 어류 11개체를 포획·검사한 결과 2개체(노래미 2건)에서 기준치를 넘는 세슘(810Bq/kg, 560Bq/kg)이 검출되었다고 발표(6.22) 하였습니다. * 세슘 기준치 : (우리나라·일본) 100Bq/kg 이하, (호주·뉴질랜드·싱가포르) 1,000Bq/kg 이하, (미국) 1,200Bq/kg 이하 ※ 도쿄전력은 원전 항만 내 어류 이동을 제한･관리하기 위해 항만 내에 방지막을 설치･운영하고 있으며, 금번 건 포함 항만 내 어류의 세슘 분석 결과를 매월 홈페이지에 공개 중 □ 노래미는 얕은 바다의 일정한 장소에서 사는 연안 정착성 어종으로 국내 해역으로 이동할 가능성은 낮습니다. 또한, 우리나라는 후쿠시마를 포함한 8개현의 수산물 수입을 전면 금지하고 있으며, 그 외 지역 수산물에 대해서도 통관 시마다 방사능 검사를 실시하는 등 국민 건강과 안전을 지키기 위해 엄격하고 철저히 관리하고 있습니다. ○ 정부는 앞으로도 국민 건강과 안전을 최우선으로 두고 관리해 나가겠습니다. □ 이상입니다.후쿠시마 오염수 방류 모니터링브리퍼 : 원자력안전위원회 조정아 사무처장 - 1. 인사말씀 □ 원자력안전위원회 사무처장입니다. 2. 21차 방류 오염수 분석 결과 □ 도쿄전력이 어제(7.2) 17시경에 발표한 21차 대상 오염수의 핵종 분석 결과에 따르면, ○ 오염수의 삼중수소 농도는 리터당 17만 베크렐(Bq)이고, 삼중수소 이외 측정·평가 대상 29개 핵종의 고시농도비 총합*은 0.48로 배출기준 미만이며, 자체적으로 분석한 39개 핵종에서도 유의미한 농도가 확인되지 않았다고 설명했습니다. * 도쿄전력:0.48, 화연:0.46, JAEA:0.45 (배출기준 : 고시농도비 총합 1미만) 3. IAEA 9차 확충모니터링 □ IAEA는 지난 6월 24일부터 25일까지 아홉 번째 확충 모니터링*을 진행하였습니다. * IAEA 주관하에 제3국의 분석기관이 시료를 직접 채취하도록 하여 IAEA 모니터링 체계의 투명성을 강화한 조치 ○ 이번 확충모니터링에는 한국, 중국, 스위스 및 IAEA의 분석기관이 참여하여 후쿠시마 인근 해역의 해수 및 어류 시료를 직접 채취하였습니다. ○ 향후 각국 분석기관은 직접 채취한 시료들을 각각 분석하여 결과를 IAEA에 제출합니다. ○ 이후 IAEA는 일본과 각국 기관의 분석 결과를 비교하여 유의미한 차이가 있는지 확인할 예정입니다. □ 우리 정부는 IAEA의 모니터링 활동에 앞으로도 지속적으로 참여하여, 오염수 방류가 우리 국민의 건강과 안전에 영향이 없도록 빈틈없이 검증해 나가겠습니다. 4. 전문가 현지 파견 활동 결과 □ 우리 정부는 2023년 8월 오염수 방류 이후 한국원자력안전기술원 소속 전문가를 후쿠시마 현지에 파견해 오고 있습니다. ○ 우리 전문가들은 7월 1일 IAEA 현장사무소를 방문하여, 방류 상황 등 정보를 공유받았습니다. ○ IAEA는 현장점검을 통해 방류설비의 이상 유무를 확인한 결과 특이사항은 없었으며, ○ 도쿄전력이 22차 방류 대상 오염수 시료를 6월 22일에 채취하여 방사능 분석 중이라고 설명했습니다. 5. 전문가 현지 파견 일정 □ 우리 정부는 21차 방류 기간(7.6~7.24) 중에 한국원자력안전기술원 소속 전문가를 후쿠시마 현지로 파견합니다. ○ 우리 전문가들은 IAEA 현장사무소와 원전 시설을 방문하여, IAEA 및 일본 측으로부터 21차 방류 상황 등을 파악할 예정입니다. □ 주요 결과는 추후 브리핑을 통해 전달해 드리겠습니다. 6. 후쿠시마 원전 인근 해역 삼중수소 농도 분석 결과 □ 지난 브리핑 이후 도쿄전력이 공개한 후쿠시마 원전 인근 해역의 삼중수소 농도 분석 결과를 말씀드리겠습니다. □ 후쿠시마 원전 인근 3km 이내 해역 10개 지점 및 10km 이내 해역 1개 지점에서 시료를 채취해 분석한 결과, ○ 각각 이상치 판단 기준인 리터(ℓ)당 700베크렐(Bq)* 및 30베크렐(Bq)** 미만으로 기록되었습니다. * 3km 이내 총 10개 정점 삼중수소 농도 : 5.6~9.1(검출하한치 미만) ** 3~10km 이내 1개 정점 삼중수소 농도 : 6.6~7.8(검출하한치 미만) □ 이상입니다.",
4441,우주항공,1,2026-07-07 16:40:38,7시간 전,정책브리핑,"차세대중형위성 4호, 7월 7일(화) 오후 4시경 발사",http://www.korea.kr/briefing/pressReleaseView.do?newsId=156769869&pageIndex=1&repCodeType=&repCode=&startDate=2025-07-07&endDate=2026-07-07&srchWord=&period=,,"우주항공청(청장 오태석), 농촌진흥청(청장 이승돈), 산림청(청장 박은식)은 '차세대중형위성 4호(CAS500-4)'를 7월 7일(화) 오후 4시 10분(한국시간) 미국 캘리포니아주 반덴버그 우주군기지에서 발사한다고 밝혔다. 차세대중형위성 4호는 반덴버그 우주군기지에서 30여일 간 기능점검, 연료주입 등 사전 작업을 성공리에 모두 완료하여, 현재는 스페이스엑스(SpaceX)의 '팰컨9'에 탑재되어 발사대기 중이다. 차세대중형위성 4호는 발사 약 2시간 22분 후에 발사체에서 분리되고, 이어 약 31분 후(발사 약 2시간 53분 후) 노르웨이 스발바르(Svalbard) 지상국과 최초로 교신할 예정이며, 이를 통해 차세대중형위성 4호가 정상적으로 목표 궤도에 안착했는지 확인할 수 있을 것으로 예상된다. 이번 차세대중형위성 4호는 국내 핵심 기술로 개발된 탑재체를 장착하여, 광역관측카메라를 통해 전국을 3일 주기로 촬영할 수 있다. 이를 통해 △농업·산림 관리, △산림 변화 모니터링, △재난·재해 대응, △기후변화 분석, △공공 안전 강화 등 다양한 분야에 활용될 것으로 기대된다. 차세대중형위성 4호는 발사 후 고도 약 888km의 궤도에서 약 4개월 간의 초기운영 과정을 거쳐 2027년 상반기부터 본격적인 임무를 시작할 예정이다. 차세대중형위성 4호 발사는 우주항공청 유튜브 등*을 통해 실시간 중계될 예정이다.* 유튜브(https://www.youtube.com/@kasamedia), 네이버 치지직",
4441,우주항공,2,2026-07-07 15:10:51,9시간 전,정책브리핑,국내개발 중인 무인기용 항공엔진 공개,http://www.korea.kr/briefing/pressReleaseView.do?newsId=156769841&pageIndex=1&repCodeType=&repCode=&startDate=2025-07-07&endDate=2026-07-07&srchWord=&period=,,"- 무인전투기 및 무인정찰기 등에 적용될 국산 항공엔진 시제 최초 공개 - 방위사업청과 국방과학연구소(이하 '국과연')는 7월 7일(화) 한화에어로스페이스 등 국내 기업과 협업하여 개발하고 있는 5,500파운드급 터보팬(Turbofan) 엔진과 1,400마력급 터보프롭(Turboprop) 엔진 시제를 최초 공개하는 행사를 개최했습니다. 5,500파운드급 터보팬 엔진은 유인 전투기와 함께 유무인 전투기 복합체계를 완성할 협업 무인전투기에 적용될 수 있으며, 1,400마력급 터보프롭 엔진은 차세대 무인정찰기에 적용할 수 있도록 개발하고 있습니다. 무인기용 항공엔진은 미사일기술통제체제(Missile Technology Control Regime), 국제무기거래규정(International Traffic in Arms Regulations), 수출관리규정(Export Administration Regulations) 등 각종 규제를 통해 관련 기술 이전 및 수출을 엄격하게 통제받고 있어서 많은 예산을 들이더라도 해외로부터 쉽게 도입할 수 없는 기술입니다. 이에 방위사업청과 국과연은 '19년부터 5,500파운드급 터보팬 엔진 연구개발을 시작하게 되었고, 이후 '21년에는 1,400마력급 터보프롭 엔진 연구개발도 착수하게 되었습니다. 방위사업청과 국과연은 그동안 미사일용 단수명 엔진을 우리 기술로 개발해 왔지만, 오랜 시간 반복적으로 운용할 수 있는 항공기용 장수명 엔진을 우리 손으로 만들어 낸 것은 이번이 처음입니다. 특히, 고온·고압의 환경에서도 오랜 기간 사용할 수 있는 내열소재·부품(터빈 블레이드(Turbin blade) 등)을 국내 정밀주조 기술로 개발하고 해당 부품에 최신 열차폐 코팅* 기술까지 최초 개발하여 적용하는 등 국내 최초 장수명 항공 엔진으로서의 핵심기술을 확보했다는 점에서 큰 의미가 있습니다.* 열차폐 코팅기술 : 항공엔진 터빈 블레이드와 같은 금속 소재에 전달되는 고온의 열을 차단하여 내부 온도를 낮춤으로써 엔진 부품의 수명을 연장하고, 더 높은 온도에서 작동할 수 있게 하여 엔진의 열효율을 극대화하는 기술 이번 시제 엔진과 내열소재·부품은 앞으로 실시될 지상시험을 통해 성능을 검증해 갈 예정이고, 향후 후속 연구개발 사업을 통해 더욱 신뢰도 높은 엔진으로 완성해 갈 계획입니다. 아울러, 방위사업청은 외산엔진이 장착된 KF-21 전투기와는 달리 차세대 유인 전투기에는 국산 엔진을 적용하는 것을 목표로 '41년까지 개발할 계획입니다. 이를 위해 산업부 및 우주항공청과 함께 범정부 차원의 노력을 결집하여 첨단항공엔진 개발계획을 수립하였고, '26년 일부 핵심기술 개발을 시작으로 '28년 본사업 착수를 향해 단계적으로 추진해 나가고 있습니다. 정기영 방위사업청 미래전력사업본부장은 ""방위사업청은 K-방산의 마지막 퍼즐 조각이라 할 수 있는 항공엔진 개발을 위해 정책적 지원과 예산 확보에 최선을 다할 것이다""라며, ""연구개발(R&D) 혁신을 통해 기술 주권을 확보하고, 방위산업 대전환과 방산 4대 강국 진입을 위해 최선을 다하겠다""고 밝혔습니다. 끝",
4441,우주항공,3,2026-07-07 15:10:51,9시간 전,정책브리핑,제30차 한-아세안 대화(Dialogue) 개최(7.7.),http://www.korea.kr/briefing/pressReleaseView.do?newsId=156769842&pageIndex=1&repCodeType=&repCode=&startDate=2025-07-07&endDate=2026-07-07&srchWord=&period=,,"외교부는 7.7.(화) 서울에서 「한-아세안 대화(ASEAN-ROK Dialogue)*」를 서울에서 개최하여 지난해 11월 이재명 대통령이 한-아세안 정상회의 계기 발표한 '한-아세안 CSP 비전'의 이행 계획과 '한-아세안 포괄적 전략 동반자관계(CSP)' 하 협력 현황을 점검하고, 지역·국제정세 관련 의견을 교환하였다. * 한-아세안 대화 : 아세안 관련 외교장관회의와 정상회의를 앞두고, 한국과 아세안 회원국간 정치·안보, 경제, 사회·문화 등 제반 분야 협력을 논의하는 연례 고위급 회의체 ※ 참석자 : (우리측) 정의혜 차관보(수석대표), 함정한 주아세안대표부 공사 등 / (아세안측) 아세안 11개 회원국 대표(차관·차관보 등), 아세안사무국 정치안보공동체 사무차장 등 정의혜 차관보는 고조되는 국제정치·경제적 불확실성 속에서 오랜 기간 신뢰를 쌓아온 한-아세안간 협력이 그 어느 때보다 중요해졌다고 하고, 특히 올해는 우리 정부의 '한-아세안 CSP 비전'의 본격적인 이행을 추진하는 중요한 해라고 강조하였다. 또한 정 차관보는 'AI 기본사회' 개념에 기초하여 한국의 AI 혁신 역량을 아세안과 공유하고 함께 성장하고자 하는 '한-아세안 AI 동행 이니셔티브' 및 K-컬처를 매개로 아세안과의 문화창조산업 분야 공동 번영을 도모하기 위한 '한-아세안 문화창조산업 이니셔티브'를 소개하였다. 특히 우리측이 제안한 '스캠센터 범죄 대응 및 단속을 위한 협력사업'과 '한-아세안 해양안전 아카데미' 사업에 대한 아세안측 지지와 적극적인 참여를 당부하였다. 아세안측은 '한-아세안 CSP 비전' 이행을 위한 한국의 다각적인 노력에 사의를 표하고, '한-아세안 CSP 비전'이 아세안의 장기 발전 전략인 '아세안 공동체 발전비전 2045'와도 맞닿아 있다고 하면서 앞으로도 한-아세안 CSP 비전이 소기의 성과를 이룰 수 있도록 적극 협력하겠다고 하였다. 참석자들은 한반도 정세, 남중국해 동향, 미얀마 문제 등 주요 지역·국제 정세 현안에 대해서도 의견을 교환하였다. 우리측은 남북이 평화롭게 공존하고 함께 성장하는 한반도를 구현하기 위한 노력을 지속 중이라고 하고, 한반도의 지속가능한 평화와 안정을 위해 앞으로도 아세안과 함께 긴밀히 협력해 나가기를 바란다고 하였다. 한편 정 차관보는 태국(현 한-아세안 대화조정국) 및 싱가포르(차기 아세안 의장국)와 각각 별도 면담을 갖고, 역내 주요 현안에 대한 의견을 교환하였으며, 올해 한-아세안 CSP 비전 이행 성과 창출을 위한 협력 방안을 논의하였다. ※ 포괄적 전략동반자 관계(CSP: Comprehensive Strategic Partnership) : 아세안과 대화상대국간 최고 수준의 파트너십으로, 2024년 한-아세안 대화관계 수립 35주년 계기 CSP 수립 ※ 한-아세안 CSP 비전 주요 내용 - 꿈과 희망을 이루는 조력자(Contributor for dreams and hope) : 인재양성 및 직업훈련 지원 등을 통한 연간 인적교류 1,500만 명 달성 목표 - 성장과 혁신의 도약대(Springboard for growth and innovation) : 한-아세안 FTA 개선 및 미래 분야(인공지능, 우주항공, 전력망 등) 확대를 통한 연간 교역액 3,000억불 달성 목표 - 평화와 안정의 동반자(Partner for peace and stability) : 초국가범죄, 재난·재해, 사이버안보, 해양안보 등 안보 협력 확대붙임 : 한-아세안 다이얼로그 사진. 끝.",
4441,우주항공,4,2026-07-06 08:11:07,1일 전,정책브리핑,"국내 최초 농림위성 시대 개막, 3일 주기 한반도 전역 관측으로 과학농정 전환 시동",http://www.korea.kr/briefing/pressReleaseView.do?newsId=156769559&pageIndex=1&repCodeType=&repCode=&startDate=2025-07-06&endDate=2026-07-06&srchWord=&period=,,"농림축산식품부(장관 송미령, 이하 '농식품부')는 차세대중형위성 4호인 '농림위성' 발사 계기로 농정 전반의 위성 데이터 수집·분석·활용 체계를 고도화하는 데이터 기반 과학농정 전환을 본격 추진한다고 밝혔다. '농림위성'은 우주항공청과 함께 농촌진흥청(이하 농진청), 산림청이 공동 개발하였으며, 한국시간 7월 7일(화) 16시 10분(현지시간 7월 7일(화) 00시 10분) 미국 반덴버그 우주군 기지에서 스페이스-엑스(SPACE-X)사의 '팔콘9(Falcon-9)' 발사체로 발사될 예정이다. 농림위성은 한국 최초의 '독자 농림특화 위성'으로, 해외 위성 의존도를 줄이고 국가 차원의 안정적인 공공 관측 기반을 마련하기 위해 우리 독자 기술로 개발되었다. 농림위성은 해상도 5m, 관측폭 120km, 3일 주기로 한반도 전역을 정기적으로 촬영할 수 있으며, 농작물 및 산림자원 생육 판별에 유리한 5개 분광 밴드를 탑재해 국내 농림업 구조에 적합한 정밀 관측 기반을 제공한다. 농식품부는 농지 이용 실태조사 및 공익직불제 이행점검, 농산물 수급 조절, 농업재해 대응, 농업용수·기반시설 관리, 산림 재난 및 생육 모니터링 등 핵심 정책 수요에 대응하는 한편, 전국 농경지의 특성이 반영된 위성영상에 주요 작물정보와 기상·토양·환경 데이터를 결합해 '한국형 농업 독자 인공지능(AI) 파운데이션 모델'을 개발할 수 있도록 민간을 적극 지원할 계획이다.➊ 농지 이용 실태조사 및 공익직불제 이행점검, 농업경영체 관리 우선, 정책 수요가 높고 정책 활용 가능성이 큰 분야부터 위성 활용 서비스를 단계적으로 구축할 계획이다. 농경지를 광역 단위로 전수 조사하여 직불제·생산조정제 등 이행점검에 소요되는 현장조사 인력, 시간 및 비용을 줄이고, 판단 정확도를 높여 나간다. 또한, 경영체 정보의 상시 비대면 검증을 통해 보조사업 담당에게 정확한 정보를 제공하고 부정수급을 차단할 수 있도록 지원할 예정이다. * (직불이행) 직불 신청필지와 팜맵 정보 매칭 후 AI를 활용한 위성사진을 분석하여 미경작, 시설, 임야와 판단보류 필지로 선별 이행점검 대상 필지 현장 조사 * (농지조사) 전국 농경지 피복변화 분석으로 경작 필지를 판별 경작 여부 상시 모니터링 * (사업지원) 재배 품목·면적, 시설 현황 등 위성 영상과 농업경영체 등록정보를 비교·분석 불일치 정보를 업무시스템에 표출하고, 표출정보 위주로 현장조사 및 집중 현행화 ➋ 농산물 수급 관리 및 재배 가이드라인 제공 채소 등 수급 민감 작물 재배면적과 벼, 콩 등 식량작물 생육 모니터링 등 산지 정보를 상시 수집하고 생산량을 예측함으로써 농산물 가격 폭등락에 선제적으로 대응하고, 이상 기상에 따른 병충해로 인한 작물 생육 이상징후 등도 신속하게 탐지하여 조기에 방제할 수 있도록 대비할 수 있을 것으로 기대된다. * (수급관리) 위성 영상을 활용하여 전국단위 품목별 면적(재배·출하)을 수집하고, 생육 상태(NDVI) 등을 모니터링하여 수급 예측에 따른 선제적 수급 물량 조절 ➌ 농업용수·기반시설 관리 및 산불 등 농산림 재해 대응 농업용수·기반시설 관리를 위해 저수지, 수리시설, 농경지 침수지역 등을 광역 단위로 반복 관측한다. 이를 통해, 상시 물관리뿐만 아니라 침수 등의 피해를 신속하고 객관적으로 판독하여 복구 골든 타임을 확보하고, 즉시 지원할 수 있도록 하는 등 재해 대응 역량을 높이는데 기여한다. 또한, 산불, 산사태 등 임야·산지 피해 규모를 광역 단위로 신속히 파악하여 피해지 복구 결정에 활용하는 등 산림 재난 피해에도 선제적으로 대응할 수 있게 된다. * (복구지원) 재해 발생 직후 광역 영상을 촬영하여 피해 지역(침수, 도복 등)을 추출하고 피해 지도를 지자체 및 유관기관에 실시간 공유 긴급 복구 및 즉시 지원 추진 * (보험운영) 품목별 재배 시기에 맞춰 필지별 재배면적을 자동 판독 검증조사에 활용 * (산림재난) 산불, 산사태, 병해충 등 광역 단위 피해 규모를 신속히 파악(분석 자동화)피해지 복구 의사결정에 활용하는 등 재난 피해에 선제적으로 대응 ➍ 농촌공간정보 모니터링 광역 위성정보를 바탕으로 시군·읍면 단위로 농촌 공간 이용 현황을 모니터링하고 주기적으로 현행화하여 공간계획 수립부터 관리까지 체계적으로 지원한다. * (공간정보) 위성영상을 활용하여 시군·읍면 단위의 시설물 분포, 경관 패턴 및 식생 변화, 대규모 불법 성토·건축물 등을 주기적으로 모니터링 ➎ 민간기업 및 대국민 서비스 제공 위성 데이터를 단계적으로 개방하고, 무인 자율 농작업 실현을 위해 빅데이터 수집을 토대로 재배 모니터링 및 가이드라인 서비스를 제공하는 등 민간의 새로운 산업수요를 충족시킬 수 있을 것으로 기대된다. 또한, 위성정보를 통해 개화 및 단풍 시기 예측 서비스를 도 단위에서 생활권 단위(시군·읍면 단위)로 제공하여, 누구나 거주지역의 개화와 단풍 시기를 예측할 수 있게 된다. * (생태·자원) 위성 영상 기반 타위성·기상·공간·현장정보 등을 가공·융합하여 서비스 제공 * (데이터개방) 위성 산출물은 순차적으로 공개하여 민간의 데이터 기반 서비스 개발과 농업기술 산업 생태계 조성 촉진 농식품부는 농림위성 활용도를 높이기 위해 농진청, 산림청, 민간전문가 등으로 구성된 '농림위성 활용 정책협의체'를 2024년부터 운영 중이며, 향후 민간 참여를 더욱 강화할 예정이다. 또한 농업이지(농업e지), 농업관측, 재해보험, 산림정보 시스템 등과의 연계를 강화하고, 관계 부처 협업 등을 통해 활용 성과를 높여 나갈 계획이다. 특히, 지난 5월 국토위성 2호(차세대중형위성 2호) 발사에 성공한 국토교통부와 협력하여 위성 데이터의 활용과 품질을 고도화해 나갈 계획이다. 농식품부 김정욱 농산업혁신정책실장은 ""이번 농림위성 발사는 더 이상 외국 위성 영상에 의존하지 않고 농업 현장에 필요한 주요 농정정보 수집체계 전반을 혁신하는 독자적인 모델을 구축한다는데 큰 의의가 있다.""라고 강조하며, ""앞으로 농림위성을 중심으로 농지조사, 직불제, 수급, 재해, 농업수자원, 산림 등 핵심 농정 분야에서 정밀성·광역성·시의성을 갖춘 데이터 기반 의사결정 체계를 확립해 국민이 체감할 수 있는 과학농정 성과를 만들어 나가겠다.""고 밝혔다. 붙임 1. 농림위성 활용 기대효과(그림) 2. 농림위성 및 타 위성 비교(그림) 3. 농림위성 핵심 차별성(그림) 4. 농림위성 주요 사진",
4441,우주항공,5,2026-07-03 22:00:10,4일 전,YTN,'남해안 벨트'...달 착륙 2년 당기고 '한국판 스타링크' 만든다,https://www.ytn.co.kr/_ln/0105_202607032200120607,https://mimgnews.pstatic.net/image/upload/office_logo/052/2025/03/07/logo_052_100_20250307145633.png,[오태석 / 우주항공청장 : 2032년 차세대 발사체로 계획했던 달 착륙에 앞서서 누리호를 활용해 2030년 소형 달 착륙선을 달에 먼저 보내도록 하겠습니다.] 누리호는 달까지 갈 수 없기 때문에 700kg급 소형 달 착륙선을 궤도수송선에 실어 달로 보내겠단 계획입니다. 통신 주권과 국가 안보를 위한 이른바 '한국형...,
154286,자동차 부품,1,2026-07-07 16:10:28,8시간 전,정책브리핑,현대차 그룹 - 1·2·3차 협력사 상생협약 체결식 개최,http://www.korea.kr/briefing/pressReleaseView.do?newsId=156769851&pageIndex=1&repCodeType=&repCode=&startDate=2025-07-07&endDate=2026-07-07&srchWord=&period=,,"공정위, 현대자동차 - 1·2·3차 협력사 상생협약 체결식 개최- 10일 내 지급 등 대금 지급 조건 개선, 미래 모빌리티 산업 경쟁력 강화를 위해 협력사 기술·교육 지원 확대 -공정거래위원회(위원장 주병기, 이하 '공정위')는 7월 7일(화) 더블트리 바이 힐튼에서 현대자동차 그룹 12개 계열사*(이하 '현대자동차') 및 협력사 관계자들이 참석한 가운데, '현대자동차 – 1·2·3차 협력사 상생협약 체결식'을 개최하였다. * 현대자동차, 기아, 현대모비스, 현대제철, 현대건설, 현대로템, 현대엔지니어링, 현대트랜시스, 현대위아, 현대오토에버, 현대케피코, 이노션 이번 상생협약은 현대자동차의 상생협력 문화가 공급망 전체로 확산하여 2차 이하 영세 협력사까지 실질적인 혜택이 미칠 수 있도록 하기 위해 마련된 것으로, 삼성, SK, LG 그룹에 이어 대기업집단 중 네 번째로 체결하는 것이다.· 일시 : 2026. 7. 7.(화) 15:45 ~ 16:50 (약 65분)· 장소 : 더블트리 바이 힐튼 서울 판교· 참석자 : 약 150명 (공정위) 주병기 공정거래위원장, 기업협력정책관, 대변인 등 (기업측) 현대자동차 12개 계열사, 1차 협력사, 2차 협력사 임직원 등 현대자동차 그룹 – 1·2·3차 협력사 상생협약 체결식 개요 상생협약의 주요 내용은 크게 ▲현대자동차 및 1·2차 협력사의 대금 지급 조건 개선, ▲미래 모빌리티 산업 전환 과정에서 협력사 경쟁력 강화를 위한 기술·교육 등 지원 확대 등으로 구성되었으며, 이는 현대자동차와 협력사 간 자율적인 협의로 마련된 것이다. 먼저, 현대자동차와 1·2차 협력사들은 각각 자신과 거래 관계에 있는 그 이하 협력사를 대상으로 대금 지급 조건을 개선하기로 하였다. 대금 지급 시기, 방식 등 '대금 지급 조건'이 중소 협력사의 안정적인 유동성 운용 및 확보를 위해 가장 중요한 요소임을 감안한 것이다. 구체적으로 현대자동차는 1차 협력사를 대상으로 마감 후 10일(평균) 이내에 대금을 지급하고, 현금성 결제 비율 역시 제고하기로 하였다. 상생결제시스템 활용도 지속적으로 제고해 나가면서, 명절 대금을 조기에 지급하는 문화도 정착시키기로 하였다. 1·2차 협력사들도 그 이하 중소 협력사들을 대상으로 지급기일 단축, 현금성 결제 비율 제고, 상생결제시스템 활용 확산에 동참하기로 하였다. 동시에 현대자동차는 이에 성실히 참여하는 협력사를 대상으로 다양한 자체 지원책*(이하 '인센티브')을 마련·지원하기로 하였다. 이를 통해 중소 1·2차 협력사들이 대금 지급 조건 개선에 적극 참여함으로써, 현대자동차의 대금 지급 조건 개선 혜택이 2차 이하 영세 협력사까지 원활히 흘러가 닿을 것으로 기대된다. * 협력사 평가 시 배점 강화 및 가점 부여, 동반성장펀드 지원 우대, 우수 협력사 포상 등 다음으로, 현대자동차는 AI·자율주행·로봇 등 미래 모빌리티 산업으로의 전환 과정에서 중소 협력사들의 경쟁력을 강화하기 위해, 협력사 대상 기술·교육 등 지원에 보다 적극 나서기로 하였다. 현대차와 기아는 협력사의 AI·소프트웨어·자율주행 기술 전환을 지원하고, 협력사 임직원을 대상으로 AI·사이버보안 역량 강화 교육 프로그램도 지원할 예정이다. 현대모비스도 로봇 사업의 확대에 맞춰 첨단 부품 관련 기술 협력사 육성에 적극 나선다는 계획이다. 이번 상생협약을 통해 현대자동차 공급망에 속해 있는 약 5,500여개 협력사들이 혜택을 볼 것으로 예상된다. 아울러, 현대자동차는 이번 상생협약의 주요 내용을 내년 초에 체결할 협력사들과의 공정거래협약*에도 반영함으로써, 상생협력의 원칙을 체화해 나가겠다는 의지를 밝혔다. * 대·중견기업과 중소협력업체가 불공정행위 예방 및 경쟁력 강화를 위한 세부방안을 협약이라는 형식으로 1년 단위로 약정·이행하고, 공정위가 그 결과를 평가하는 제도 주병기 위원장은 ""불평등과 양극화의 심화는 지금 대한민국 경제 발전의 가장 중대한 장해물""이라며, ""그 가장 중요한 원인이 양극화된 기업생태계""때문이라고 말했다.""미래 모빌리티 산업의 혁신은 협력사와의 건강한 협업 구조와 상생 위에서 더욱 단단하게 지속될 수 있다""고 언급하면서, ""공정위 역시 현대자동차와 협력사들이 함께하는 이 뜻깊은 상생협약에 든든한 동반자가 되겠다""고 밝혔다. 공정위는 공정거래협약 이행평가 등을 통해 이번 상생협약이 성실히 이행되는지를 면밀히 살펴 우수 기업을 대상으로 향후 인센티브*를 제공하는 한편, 대기업과 협력사 사이에 바람직한 상생협력 문화가 자리잡을 수 있도록 대기업 – 협력사 간 상생협약 체결을 지속 유도해 나갈 계획이다. * 공정거래협약 이행평가 시 가점 부여, 중소기업 대상 하도급거래 모범업체 선정 등",
154286,자동차 부품,2,2026-07-07 15:10:51,9시간 전,정책브리핑,국내개발 중인 무인기용 항공엔진 공개,http://www.korea.kr/briefing/pressReleaseView.do?newsId=156769841&pageIndex=1&repCodeType=&repCode=&startDate=2025-07-07&endDate=2026-07-07&srchWord=&period=,,"- 무인전투기 및 무인정찰기 등에 적용될 국산 항공엔진 시제 최초 공개 - 방위사업청과 국방과학연구소(이하 '국과연')는 7월 7일(화) 한화에어로스페이스 등 국내 기업과 협업하여 개발하고 있는 5,500파운드급 터보팬(Turbofan) 엔진과 1,400마력급 터보프롭(Turboprop) 엔진 시제를 최초 공개하는 행사를 개최했습니다. 5,500파운드급 터보팬 엔진은 유인 전투기와 함께 유무인 전투기 복합체계를 완성할 협업 무인전투기에 적용될 수 있으며, 1,400마력급 터보프롭 엔진은 차세대 무인정찰기에 적용할 수 있도록 개발하고 있습니다. 무인기용 항공엔진은 미사일기술통제체제(Missile Technology Control Regime), 국제무기거래규정(International Traffic in Arms Regulations), 수출관리규정(Export Administration Regulations) 등 각종 규제를 통해 관련 기술 이전 및 수출을 엄격하게 통제받고 있어서 많은 예산을 들이더라도 해외로부터 쉽게 도입할 수 없는 기술입니다. 이에 방위사업청과 국과연은 '19년부터 5,500파운드급 터보팬 엔진 연구개발을 시작하게 되었고, 이후 '21년에는 1,400마력급 터보프롭 엔진 연구개발도 착수하게 되었습니다. 방위사업청과 국과연은 그동안 미사일용 단수명 엔진을 우리 기술로 개발해 왔지만, 오랜 시간 반복적으로 운용할 수 있는 항공기용 장수명 엔진을 우리 손으로 만들어 낸 것은 이번이 처음입니다. 특히, 고온·고압의 환경에서도 오랜 기간 사용할 수 있는 내열소재·부품(터빈 블레이드(Turbin blade) 등)을 국내 정밀주조 기술로 개발하고 해당 부품에 최신 열차폐 코팅* 기술까지 최초 개발하여 적용하는 등 국내 최초 장수명 항공 엔진으로서의 핵심기술을 확보했다는 점에서 큰 의미가 있습니다.* 열차폐 코팅기술 : 항공엔진 터빈 블레이드와 같은 금속 소재에 전달되는 고온의 열을 차단하여 내부 온도를 낮춤으로써 엔진 부품의 수명을 연장하고, 더 높은 온도에서 작동할 수 있게 하여 엔진의 열효율을 극대화하는 기술 이번 시제 엔진과 내열소재·부품은 앞으로 실시될 지상시험을 통해 성능을 검증해 갈 예정이고, 향후 후속 연구개발 사업을 통해 더욱 신뢰도 높은 엔진으로 완성해 갈 계획입니다. 아울러, 방위사업청은 외산엔진이 장착된 KF-21 전투기와는 달리 차세대 유인 전투기에는 국산 엔진을 적용하는 것을 목표로 '41년까지 개발할 계획입니다. 이를 위해 산업부 및 우주항공청과 함께 범정부 차원의 노력을 결집하여 첨단항공엔진 개발계획을 수립하였고, '26년 일부 핵심기술 개발을 시작으로 '28년 본사업 착수를 향해 단계적으로 추진해 나가고 있습니다. 정기영 방위사업청 미래전력사업본부장은 ""방위사업청은 K-방산의 마지막 퍼즐 조각이라 할 수 있는 항공엔진 개발을 위해 정책적 지원과 예산 확보에 최선을 다할 것이다""라며, ""연구개발(R&D) 혁신을 통해 기술 주권을 확보하고, 방위산업 대전환과 방산 4대 강국 진입을 위해 최선을 다하겠다""고 밝혔습니다. 끝",
154286,자동차 부품,3,2026-07-07 14:40:53,9시간 전,정책브리핑,현대자동차그룹 등 기업 지원을 위해 새만금 국가산업단지 개발·실시계획 변경,http://www.korea.kr/briefing/pressReleaseView.do?newsId=156769836&pageIndex=1&repCodeType=&repCode=&startDate=2025-07-07&endDate=2026-07-07&srchWord=&period=,,"현대자동차그룹 등 기업 지원을 위해새만금 국가산업단지 개발·실시계획 변경- 인공지능(AI)·로봇·수소클러스터와 친환경 에너지 중심지 도약 가속 -□ 새만금개발청(청장 문성요)은 현대자동차그룹의 9조 원 규모 투자를 지원하고, 친환경 에너지 기반시설을 조기에 구축하기 위해 '새만금지구 국가산업단지 개발계획(25차) 및 실시계획(29차) 변경안'을 승인·고시(7월 6일)했다고 밝혔다. ㅇ 이번 계획 변경은 현대자동차그룹을 비롯해 새만금에 투자를 결정한 기업들이 신속하고 안정적으로 사업을 추진할 수 있도록 제도적 지원을 강화하기 위해 이뤄졌다.□ 주요 변경 내용은, 현대자동차그룹의 대규모 투자에 맞춰 첨단전략산업 분야 소재·부품·장비 협력업체를 지원할 '기업성장센터' 건축 기반이 마련된다. ㅇ 이를 위해 5공구 내 지원시설용지 일부를 복합용지로 변경함으로써 현대자동차그룹이 추진하는 인공지능(AI)·로봇·수소클러스터 관련 협력업체들의 입주 여건이 개선될 것으로 기대된다. ㅇ 아울러 해당 부지에는 한국에너지기술연구원이 주관하는 '탄소포집(CCU) 기술 고도화 실증센터'가 함께 들어설 예정으로, 이산화탄소와 그린수소를 활용한 e-Fuel(합성원유) 생산 공정 실증 연구를 수행할 계획이다.□ 이와 함께 새만금의 핵심 에너지 사업인 '수상태양광 발전사업(지역주도형 0.3GW)'의 전력 계통 연계를 가속하기 위해 8공구 연구시설용지 일부를 공공시설용지로 변경해 송전소 부지로 확정했다. ㅇ 이를 통해 한국전력 남비응변전소와 전력망 연계 여건이 갖춰짐에 따라, 2028년으로 예정된 수상태양광 발전사업의 상업운전 개시에도 속도가 붙을 전망이다.□ 또한, 현대자동차그룹의 인공지능(AI) 데이터센터 운영을 지원할 글로벌 정보통신 연계망 구축을 위한 육양국 사업부지의 지구단위계획 변경도 포함됐다. ㅇ 대규모 국제 해저케이블 구축 사업인 'AUG(Asia United Gateway East) 프로젝트'의 한국 육양국(국제 해저케이블과 육상 통신망을 연결하는 시설) 유치를 지원하기 위해, 2공구 내 산업시설용지의 건축물 허용 용도에 '방송통신시설'을 추가했다.□ 남영우 새만금개발청 차장은 ""이번 개발 및 실시계획 변경은 기업의 사업 추진에 필요한 시설기반을 반영한 것""이라면서, ""새만금이 친환경 에너지와 글로벌 통신망, 첨단 전략산업이 융합된 중심지로 도약할 수 있도록 선제적인 규제혁신을 통해 기업들이 적극적으로 투자할 수 있는 환경을 조성해 나가겠다""라고 말했다.",
154286,자동차 부품,4,2026-07-06 11:27:12,1일 전,정책브리핑,반도체 제조장비·부품의 기술·특허심사 정보를 한눈에!,http://www.korea.kr/briefing/pressReleaseView.do?newsId=156769674&pageIndex=1&repCodeType=&repCode=&startDate=2025-07-06&endDate=2026-07-06&srchWord=&period=,,"반도체 제조장비·부품의 기술·특허심사 정보를 한눈에! - 지식재산처, 「반도체 제조장비·부품 해설집 전(前)공정 편」 발간 - - 반도체 전문 심사관들이 집필... 고품질 심사 및 산업계 특허전략 수립 지원 - 지식재산처(처장 김용선)는 반도체 분야 특허심사의 전문성과 산업계의 특허 경쟁력 강화를 위해 「반도체 제조장비·부품 해설집 전(前)공정 편」을 발간하여 누리집 등을 통해 디지털로 배포한다고 5일 밝혔다. 반도체 제조공정은 전공정*과 후공정**으로 이루어지는데, 해설집은 반도체 전공정의 핵심 8대 단위공정인 ▲클리닝(Cleaning) ▲확산(Difussion) ▲화학기상증착(CVD) ▲물리기상증착(PVD) ▲화학기계적평탄화(CMP) ▲노광(Photo) ▲식각(Etching) ▲이온주입(IMP)을 중심으로 구성되었으며, 각 공정에서 사용되는 주요 제조장비와 핵심 부품을 한눈에 이해할 수 있도록 체계적으로 정리하였다. * 전공정(Front-End Process): 실리콘 웨이퍼 위에 미세 회로를 형성하여 집적회로(IC)를 만드는 공정으로, 반도체 성능과 수율을 결정하는 핵심 공정 ** 후공정(Back-End Process): 전공정을 통해 제조된 웨이퍼를 개별 칩으로 분리하고, 패키징 및 최종 검사를 통해 반도체 제품을 완성하는 공정 해설집은 민간에서 풍부한 실무경험(평균 28년 이상)이 있는 반도체 전문 심사관들이 직접 집필에 참여하여, 산업현장의 기술 전문성과 특허심사 과정에서 축적한 심사 비법을 접목하여 제작되었다. 해설집은 주요 장비와 부품에 대한 형상(사진), 기능, 특허분류(CPC, F-term), 심사 시 유의사항, 주요 국내외 관련 기업 정보들을 함께 수록하여 심사 및 특허전략 수립에 직접 활용할 수 있도록 구성된 것이 특징이다. 지식재산처 김희태 반도체심사추진단장은 ""반도체 공정의 미세화첨단화가 가속화될수록 제조장비와 핵심부품의 기술 경쟁력이 국가 반도체 산업의 경쟁력을 결정하는 중요한 요인으로 부각되고 있다""면서, ""해설집이 특허 심사관의 전문성 제고와 심사품질 향상에 기여하고, 중소·중견기업의 연구개발과 특허전략 수립에 유용한 길잡이가 되기를 기대한다""고 밝혔다. 한편, 해설집은 지식재산처 누리집*에서 내려받을 수 있으며, 향후 「반도체 제조장비·부품 해설집 후(後)공정 편」도 추가로 발간할 계획이다. * 누리집(moip.go.kr)책자/통계간행물기타 간행물",
154286,자동차 부품,5,2026-07-06 11:27:12,1일 전,정책브리핑,특허 빅데이터로 인공지능·우주·바이오 등 미래 성장전략 모색,http://www.korea.kr/briefing/pressReleaseView.do?newsId=156769675&pageIndex=1&repCodeType=&repCode=&startDate=2025-07-06&endDate=2026-07-06&srchWord=&period=,,"특허 빅데이터로 인공지능·우주·바이오 등 미래 성장전략 모색 - 지식재산처, 인공지능 개발전략·우주 융복합 기술개발·블록버스터 의약품 시장전략 등 연구개발 부처 연계형 13개 과제 특허 분석 착수 - 지식재산처(처장 김용선)는 인공지능, 우주, 바이오 등 미래 성장동력 분야의 기술 경쟁력 확보와 국가 연구개발 전략 수립을 지원하기 위해 「2026년 특허 빅데이터 기반 산업혁신 지원사업(이하 '산업혁신 지원사업')」을 추진한다고 밝혔다. 산업혁신 지원사업은 국가적으로 중요한 첨단산업 등의 기술 분야를 대상으로 특허 빅데이터를 분석하여 기술개발 동향과 경쟁 구도를 진단하고, 연구개발 전략 수립을 지원하는 사업이다. 연구개발 부처와 전문기관의 수요를 바탕으로 맞춤형 특허분석을 제공하여 연구개발 전략 및 단계별 이행안 수립에 활용되고 있다. 올해는 국제 기술 패권 경쟁이 심화되고 있는 인공지능·우주·바이오 등 분야를 중심으로 미래 성장동력 확보를 위한 특허분석을 중점 추진한다. 인공지능 분야에서는 미국 주요 인공지능 기업들이 참여하는 SAIL 연합체*의 인공지능 파운데이션 모델 관련 특허를 분석한다. 이를 통해 우리나라가 기술적으로 종속될 위험이 있는 기술을 파악하고, 다양한 관점에서 잠재적 위협요인을 선제적으로 발굴할 예정이다. 또한 실물 인공지능 기술 분야 공급망 전반에서 주요국 및 기업의 기술 경쟁력과 핵심 특허 동향을 분석하고 유망 기술 및 연구개발 방향을 도출할 계획이다. * SAIL(Shared AI License Foundation): Anthropic, MS, Meta, IBM 등 미국 주요 인공지능 기업 중심으로 비영리 인공지능 파운데이션 모델 특허풀 연합체 발족('26.4.8.) 우주 분야에서는 우주산업과 로봇, 인공지능, 반도체 등 첨단기술이 융합되는 기술 영역을 대상으로 특허 분석을 수행한다. 아울러 우주 환경에서의 바이오 의약품 및 식품 개발 전략을 분석하여 미래 우주경제 시대에 필요한 핵심 기술과 연구개발 방향을 제시할 예정이다. 바이오 분야에서는 향후 특허 만료가 예정된 국제 블록버스터 의약품 및 GLP-1 비만치료제의 핵심 특허군을 집중 분석한다. 이를 통해 국내 제약·바이오 기업의 바이오시밀러 개발 전략 수립을 지원할 계획이다. 이와 함께 지역 주력산업의 경쟁력 강화를 위한 특허분석도 추진한다. 대구광역시의 자율 제조 로봇, 부산광역시의 SDV*(소프트웨어 중심 자동차) 기반 자율주행 핵심 부품, 전북특별자치도의 신재생에너지 산업(수상형 태양광, RE100) 등을 대상으로 특허분석을 수행하여 지역 맞춤형 연구개발 전략 수립과 신산업 육성을 지원할 계획이다. * SDV(Software Defined Vehicle): 소프트웨어로 하드웨어를 제어·관리하는 자동차 지식재산처 김일규 지식재산정책국장은 ""특허 빅데이터는 기술개발의 흐름과 산업의 미래를 보여주는 핵심 정보""라며, ""인공지능·우주·바이오 등 국가 미래 성장동력 분야에 대한 특허분석을 통해 우리나라가 국제 기술 경쟁에서 우위를 확보할 수 있도록 국가 연구개발 정책 수립을 적극 지원하겠다""고 밝혔다. 한편, 지식재산처는 12월까지 특허분석을 완료한 후 결과를 수요기관에 제공하고, 특허빅데이터 포털*을 통해 분석 결과를 공개할 예정이다. * https://biz.kista.re.kr/pbcenter",
165004,AI반도체,1,2026-07-05 17:01:22,2일 전,전자신문,韓총리 “3대 메가로 새 성장시대”…한병도 “입법·예산 지원 총력”,https://www.etnews.com/20260705000071,https://mimgnews.pstatic.net/image/upload/office_logo/030/2025/03/07/logo_030_100_20250307145551.png,"한 총리는 3대 메가 프로젝트에 대해 “반도체와 AI 데이터센터, 피지컬 AI를 하나의 큰 그림으로 연결해 향후 3년 국가 경쟁력을 좌우할 도전적인 과제”라고 평가했다. 이어 “대한민국은 산업화와 정보화 과정에서 세계적 성공 경험을 쌓았고, AI 시대를 선도할 충분한 저력과 기반을 갖추고 있다”며 “국가...",
165004,AI반도체,2,2026-06-27 15:04:09,2026-06-27,연합뉴스TV,"김용범 ""우리만의 팔란티어·앤두릴 키워야…韓방위산업, 새 신기원 시...",http://www.yonhapnewstv.co.kr/news/AKR202606271412390Q0,https://mimgnews.pstatic.net/image/upload/office_logo/422/2025/03/07/logo_422_100_20250307145714.png,"미국 인큐텔과 유사한 투자기관을 만들고, 드론·로봇·AI반도체·우주항공·사이버보안을 전략 분야로 묶어 혁신기업을 집중 투자·육성하자는 제안이었다""고 밝혔습니다. 김 실장은 ""무엇보다 우리에게는 믿을 만한 자산이 있다. 바로 우리 청년들""이라며 ""기회만 주어진다면, 대한민국의 다음 팔란티어와 다음...",
165004,AI반도체,3,2026-06-23 10:07:57,2026-06-23,서울경제,AI 스타트업 흥행…1396대 1 몰렸다,https://www.sedaily.com/article/20058921?ref=naver,https://mimgnews.pstatic.net/image/upload/office_logo/011/2025/03/07/logo_011_100_20250307145637.png,"이에 따라 미국 국방부는 생성형 AI를 정보 분석·작전 지원·소프트웨어 개발에 도입하고 있으며, 네이버는 국방 AI 전환(AX) 전담 조직을 신설하고 하이퍼클로바X 기반 국방 특화 AI 모델을 개발 중이다. 전문가들은 반도체 확보 경쟁이 산업 경쟁력을 좌우했듯 앞으로는 최첨단 AI 접근권과 독자적 AI...",
165004,AI반도체,4,2026-06-23 09:06:49,2026-06-23,SBS Biz,"삼성전자, 모바일 저장장치 'UFS 5.0' 첫 개발",https://biz.sbs.co.kr/article_hub/20000318160?division=NAVER,https://mimgnews.pstatic.net/image/upload/office_logo/374/2025/03/07/logo_374_100_20250307145639.png,이번 제품은 반도체 표준화 기구 JEDEC의 최신 내장 메모리 규격인 UFS 5.0 인터페이스를 적용했습니다. 삼성전자의 첨단 9세대 V낸드 기반으로 개발돼 10.8GB/s의 데이터 전송 대역폭과 전력 효율을 동시에 구현했습니다. 최근 생성형 AI가 클라우드 중심에서 온디바이스 AI로 확산되면서 모바일 기기...,
165004,AI반도체,5,2026-06-17 13:57:58,2026-06-17,파이낸셜뉴스,'AI동료' 본격 개발하고 'AI사이버쉴드돔' 추진,http://www.fnnews.com/news/202606171333593855,https://mimgnews.pstatic.net/image/upload/office_logo/014/2025/03/07/logo_014_100_20250307145643.png,"AI모델과 피지컬AI, AI반도체, 네트워크, 사이버보안 등 5개 분야가 다 연결될 것""이라고 전망했다. 이와 관련 홍 원장은 ""AI모델에 대한 주도권 경쟁력이 치열해지는 가운데 AI반도체에서는 NPU(신경망처리장치)의 쓰임새가 높아지고 네트워크에서는 자율형 네트워크를 지향하며 6G 개발이 미국과...",
150781,원자력,1,2026-07-08 00:30:53,방금 전,중앙SUNDAY,“메가 프로젝트 하려면 새 대형원전 최소 4기 더 지어야”[최준호의 직...,https://www.joongang.co.kr/article/25443265,https://mimgnews.pstatic.net/image/upload/office_logo/025/2025/03/07/logo_025_100_20250307145712.png,"정부가 반도체 메가 클러스터와 인공지능(AI) 데이터센터라는 폭발적인 전력 수요에 대응하기 위해 제12차 전력수급기본계획(전기본)에 신규 원전 건설... 호남 반도체 클러스터 전력 공급과 관련해 ""원전 증설을 고민하겠다. 실제로 영광에 원전 2기분의 부지가 있다""고 이례적인 입장을 밝혔다. (김 장관은...",
150781,원자력,2,2026-07-07 17:42:54,6시간 전,정책브리핑,7.8~9일 호우 대비 관계기관 대책회의 개최,http://www.korea.kr/briefing/pressReleaseView.do?newsId=156769889&pageIndex=1&repCodeType=&repCode=&startDate=2025-07-07&endDate=2026-07-07&srchWord=&period=,,"- 밤부터 새벽 사이 강한 비 예보, 관계기관 대처 상황 집중 점검- 김광용 본부장, ""인명피해 예방을 최우선으로 철저히 대비"" 당부행정안전부(장관 윤호중)는 내일(8일)부터 모레(9일)까지 전국에 강하고 많은 비가 예보됨에 따라, 김광용 재난안전관리본부장 주재로 관계기관* 대책회의를 개최했다. * (참석) 23개 중앙행정기관(국조실, 행안·과기정통·교육·기후·국토부 등), 16개 광역 지방정부, 4개 공공기관(한국수자원공사, 한국수력원자력, 한국농어촌공사, 국립공원공단) 기상청에 따르면, 내일(8일) 오전부터 오후까지 중부지방 중심으로 강한 비가 내리고, 내일(8일) 밤부터 모레(9일) 오전 사이 중부지방과 전북지역을 중심으로 돌풍과 천둥·번개를 동반한 시간당 30~50mm의 매우 강하고 많은 비*가 내릴 것으로 예상된다. * 7.8~9일 예상강수량(mm) : 수도권, 강원내륙 50~100(많은 곳 150 이상), 충남·전북권 80~150(많은 곳 200 이상), 충북권 50~100(많은 곳 150 이상), 전남북서부 30~80(많은 곳 100 이상), 경북권 30~80(많은 곳 120 이상) 이날 회의에서 김광용 본부장은 전국적으로 장마가 본격화된 가운데, 이번 비로 인한 피해가 발생하지 않도록 관계기관의 호우 대처 상황을 점검하고 중점 관리사항을 당부했다. 먼저, 선행 강우로 지반이 약해져 산사태 발생, 급경사지 붕괴 등이 우려되는 지역에 대한 사전점검과 예찰을 강화하고, 침수 피해 예방을 위해 빗물받이 및 배수로 등을 철저히 정비해 줄 것을 주문했다. 무엇보다 밤부터 새벽까지 취약시간대에 비가 집중되는 만큼, 하천변·저지대 등 인명피해 우려지역 인근 주민에 대한 대피소 사전 안내와 일몰 전 선제적 대피 실시 등 주민대피체계도 다시 점검해 줄 것을 요청했다. 아울러, 지하차도 등 상습침수지역 상황을 철저히 모니터링하는 한편, 위험 징후가 관측되면 경찰 등과 긴밀히 협력하여 지체 없이 사전통제를 실시할 것을 주문했다. 또한 최근 발생한 부산 서구 암남동 노후주택 붕괴사고의 경우 집중호우에 대비해 인명피해 우려지역 지정, 인접 건물 거주자 우선대피 대상자 선정, 주민대피지원단과 연계한 사전대피로 인명피해를 예방한 우수사례로 언급했다. 이어 다른 지방정부도 유사한 위험 상황이 예상될 경우 선제적 예방조치와 신속한 상황보고 체계를 유지해 줄 것을 당부했다. 김광용 재난안전관리본부장은 ""국민의 생명과 안전에 관한 사안은 과하다 싶을 정도로 대응해야 하는 만큼, 보다 세심하고 촘촘한 대비와안전관리를 강화해 달라""고 강조하면서, ""국민 여러분께서도 집중호우 시 행동요령을 숙지하고 위험상황이 발생하면 신속히 안전한 곳으로 대피해 주시길 바란다""라고 당부했다.*담당자: 자연재난대응과 현종일(044-205-5234)",
150781,원자력,3,2026-07-07 15:36:00,8시간 전,정책브리핑,"기후부, 상용 원전 활용 방사성동위원소 산업 육성 본격 추진",http://www.korea.kr/briefing/pressReleaseView.do?newsId=156769831&pageIndex=1&repCodeType=&repCode=&startDate=2025-07-07&endDate=2026-07-07&srchWord=&period=,,"▷ 한수원·에기평·대한핵의학회·원산협회·첨방연 등으로 구성된 협력체계(PRRI) 출범▷ 의료·멸균·비파괴검사·초저온냉각 등 고부가 방사성동위원소 공급기반 강화 논의기후에너지환경부(장관 김성환)는 7월 7일 오후 한국수력원자력 방사선 보건원(서울 중구 소재)에서 '원전 활용 방사선 산업화 파트너십(PRRI*)' 출범식을 개최한다고 밝혔다. * PRRI(""프리""): Partnership for Reactor-produced RadioIsotope이날 행사에는 김성환 기후에너지환경부 장관과 국회 윤준병 의원을 비롯해 산·학·연 주요 기관 및 기업 관계자들이 참석한다. 이번 출범식에서 △한국수력원자력, △한국에너지기술평가원, △대한핵의학회, △한국원자력산업협회, △한국원자력연구원 첨단방사선연구소, △한국방사선산업학회 등은 상용 원전을 활용한 방사성동위원소 산업 활성화를 위한 업무협약을 체결한다. 또한 방사성동위원소 시장현황과 전망, 상용원전 활용 방사성동위원소 산업화 방향에 대한 발표가 진행되며, 참석자들은 루테튬-177, 삼중수소, 헬륨-3, 코발트-60 등 주요 방사성동위원소의 활용가능성과 산업화 과제에 대해 논의할 예정이다.방사성동위원소(RI: RaidoIsotope)는 암 치료용 방사성의약품, 의료기기 멸균, 비파괴검사, 초저온 냉각, 중성자 검출, 핵융합 연구 등 의료·산업·에너지·첨단기술 분야에서 활용되는 핵심 소재이다. 최근 의료(치료·진단)와 첨단산업 등 수요가 확대되면서 관련 시장도 성장하고 있어, 안정적인 방사성동위원소 공급기반의 중요성도 커지고 있다.특히, 치료용을 중심으로 중수로에서 생산되는 방사성동위원소 시장이 빠르게 성장하고 있다. 대표적 사례인 루테튬-177은 전립선암 치료를 위한 차세대 표적 방사성의약품의 핵심 원료로 전 세계 방사성의약품 시장 확대에 힘입어 올해(2026년) 34억 3천만 달러에서 2034년 147억 달러 규모로 연평균 19.9% 성장할 것으로 전망*된다. 이미 캐나다는 상업용 중수로에서 루테튬-177 대량생산에 성공하여 전 세계 방사성의약품 시장을 선도하고 있다.* 루테튬(Lu)-177 시장규모 2026-2034 (Fortune Business Insights)이와 함께 삼중수소는 핵융합 연료와 자발광 소재 분야에서, 헬륨-3은 중성자 검측기 및 초저온 냉각 분야에서 활용되는 전략물질로 평가받고 있으며, 코발트-60은 의료용품 멸균, 비파괴검사 등에 활용되고 있다. 이에 캐나다, 중국, 인도 등 주요 중수로 보유국들은 이미 상용 원전을 활용한 방사성동위원소 생산과 산업화에 적극적으로 나서고 있다.우리나라는 뛰어난 원전 운영 역량과 중수로 기반시설을 보유하고 있어 안정적인 방사성동위원소 공급망 확보의 잠재력이 있다. 이번 협력(파트너십)은 상용원전의 활용범위를 전력생산에서 국민 건강과 첨단 산업을 뒷받침하는 고부가가치 산업 기반으로 확장하기 위한 협력체계다. 이러한 협력체계를 통해 공기업, 연구기관, 학계 및 산업계가 함께 방사성동위원소 수요를 발굴하고 생산, 분리, 정제, 활용으로 이어지는 산업 생태계 조성 방안을 논의한다는 점에서 의미가 있다.이번 협약에 따라 한국수력원자력은 원전 안전성과 발전운전에 영향이 없는 범위에서 상용 원전 활용 방사성동위원소 생산 기반 조성을 추진하고, 한국에너지기술평가원과 한국원자력연구원 첨단방사선연구소는 방사성동위원소사업 활성화를 위한 연구개발 및 기반조성을 지원한다. 또한, 대한핵의학회와 방사선산업학회는 방사성동위원소 생산, 인허가, 의학적 이용 등에 대한 학술 지식 및 정보 공유에 협력하며, 한국원자력산업협회 등은 산업계 수요 발굴과 기업간 협력 연계를 담당한다. 기후에너지환경부는 앞으로 이번 협력체계를 통해 방사성동위원소별 수요, 기술개발 과제, 인허가 쟁점, 공급망 구축방안 등을 구체화할 계획이다. 또한 관계기관과 함께 상용원전 활용 방사성동위원소 산업화 전략을 마련하고, 국내 기업이 고부가 방사선 산업에 참여할 수 있는 기반을 확대할 예정이다.김성환 기후에너지환경부 장관은 ""이번 협력체계는 국내 상용원전의 활용 범위를 의료, 산업, 첨단기술 분야로 확장하는 출발점""이라며, ""원전 안전을 최우선으로 하면서 방사성동위원소 산업이 새로운 고부가가치 산업으로 성장할 수 있도록 정책적 지원을 강화하겠다""라고 밝혔다.붙임1. 출범식 개요. 2. 주요 방사성동위원소 생산 과정.3. 주요 방사성동위원소 시장현황 및 전망. 끝.",
150781,원자력,4,2026-07-07 15:17:38,9시간 전,NAVER뉴스,"원전으로 암 치료 원료 만든다…정부, ‘방사선 산업화 파트너십’ 출범",https://n.news.naver.com/mnews/article/018/0006324666?sid=001,https://imgnews.pstatic.net/image/origin/018/2026/07/07/6324666.jpg?type=nf106_72,정부가 상용 원전을 활용해 암 치료용 방사성의약품 원료 등 고부가가치 방사성동위원소(RI) 산업을 육성하기 위한 민관 협력체계를 …,
150781,원자력,5,2026-07-07 15:05:26,9시간 전,뉴시스,원전 활용 방사선 산업 파트너십 출범식,https://www.newsis.com/view/NISI20260707_0021353633,https://mimgnews.pstatic.net/image/upload/office_logo/003/2025/03/07/logo_003_100_20250307145615.png,"왼쪽) 더불어민주당 의원이 임석한 가운데 참여기관 대표자들이 기념촬영하고 있다. 앞줄 왼쪽부터 박일용 에어리퀴드코리아 의장, 황선관 SK 바이오팜 부사장, 김회천 한국수력원자력 사장, 유영훈 대한핵의학회 회장, 정승영 한국에너지기술평가원 본부장, 정병엽 KAERI 첨단방사선연구소 소장. 2026.07.07.",
154232,지주사,1,2026-07-03 09:18:13,4일 전,정책브리핑,국민성장펀드가 지역중심 경제구조대전환의 마중물이 되겠습니다.,http://www.korea.kr/briefing/pressReleaseView.do?newsId=156769437&pageIndex=1&repCodeType=&repCode=&startDate=2025-07-03&endDate=2026-07-03&srchWord=&period=,,"국민성장펀드가 지역중심 경제구조대전환의 마중물이 되겠습니다.• 이억원 금융위원장 부산광역시를 방문, 전재수 시장과 지역 내 첨단산업 영위 대표기업 및 벤처기업, 투자회사 등과 간담회 개최 √ 국민성장펀드는 지난 6개월간 지방에 46.8%의 자금(6.5조원)을 승인하였으며,5년간 150조원 공급규모 중 40% 이상을 지원할 계획1. 간담회 개최 개요 이억원 금융위원장은 `26.7.3일 부산 유라시아플랫폼에서 열린 '부산지역 첨단산업·벤처생태계 간담회'에 참석하여 지역 내 첨단산업 영위 대표기업과 지역 벤처생태계를 이끌어가는 스타트업 기업, 지역 내 벤처캐피탈 등 투자회사 등을 만나 부산 및 동남권 지역의 첨단산업 현장의 경험과 애로사항을 청취하고 국민성장펀드를 포함한 정책금융지원 개선방안을 고민하였다. 특히 이번 간담회에는 지난 1일 새로 취임한 전재수 부산광역시장도 참석하여 지방정부 차원의 지원방안도 모색하였다. 국민성장펀드 부산지역 간담회 개요 · 일시 및 장소 : `26.7.3일(금) 오전 9시 / 부산 유라시아플랫폼 · 참석자 : 금융위원회, 부산광역시, 지역 금융권 및 산업계 등 ㅇ (정부/지역) 이억원 금융위원장, 전재수 부산광역시장 ㅇ (금융권) 박상진 산업은행 회장, 김성주 부산은행장, 곽성욱 시리즈벤처스정성재 BNK벤처투자, 김정현 KRUN벤처스 대표 ㅇ (산업계) 대한항공, 크리스틴컴퍼니, 한국정밀소재, 레디로버스트머신, 소셜빈, 피알지 에스앤텍, 타우메디칼 등 지역 소재 기업 · 주요내용 : 지역내 유망 첨단기업 소개 및 지역소재 운용사 투자현황 설명, 투자 및 기업 경영과정의 애로사항 청취 등2. 금융위원장 모두말씀 이억원 금융위원장은 모두말씀을 통해 ""지방 산업현장에서는 여전히 더 많은 자본 공급을 요구하는 목소리가 높다""고 지적하면서, 이는 ""정보의 불균형과 생산시설의 수도권 집중이라는 두터운 장벽으로 인해, 지방으로는 자본이 스스로 찾아가지 않는 구조적 한계가 고착화되었기 때문""이라고 진단하였다.이억원 위원장은 ""지난달에는 정책금융기관과 대전에서 「정책금융 동행」을 개최하여 지역경제 현황과 애로사항을 공유하고, 맞춤형 금융상담도 제공하였다""면서, ""그 때 약속한 바와 같이 지방에 '더 낮은 금리', '더 높은 한도'로 자금을 이용할 수 있도록 모든 역량을 지원하겠다""고 밝혔다. 또한, ""5극 3특 전략과 연계된 지방금융지원을 확대하고, 지역 창업·상생금융 생태계 조성을 위해 창업·보육 플랫폼을 확대하는 등 지속가능한 민관 협력체계도 구축하겠다""고 다짐하였다.부산지역 방문과 관련하여 이억원 위원장은 ""부산과 동남권 지역은 이미 세계 2위의 환적항인 부산항을 보유한 '해양도시'로서 우수한 항만 인프라와 MRO 클러스터 등 첨단산업 발전의 잠재력을 보유한 지역이라는 강점이 존재한다""고 하였다. 뒤이어 ""부산이 가진 이러한 강점을 부각하기 위해서는 기존에 부산이 가진 강점에 더해 '첨단산업 대표기업 육성'과 '벤처생태계 활성화'라는 새로운 자산이 결합되어야 한다""고 하였다.금융위원회는 이에, 국민성장펀드의 40%를 지역에 투자하는 목표에 더하여 국민성장펀드 내 '지역전용리그'를 신설하여 매년 2,000억원씩 5년간 1조원의 자금을 지방기업에 집중투자한다. 이 펀드는 7월중 3개 내외의 운용사를 선정하여 하반기부터는 자금조성에 들어갈 계획이며, 이 펀드는 결성금액의 60% 이상을 지방소재 기업에 의무적으로 투자하도록 하여 지역벤처 생태계 조성의 마중물이 될 것으로 기대된다.한편, 이억원 위원장은 ""아직 국민성장펀드의 21개 승인사업 중 부산지역 기업이 없는데, 부산지역이 미래형 운송수단, 방산산업의 중심지인만큼 조만간 2차 메가프로젝트에 포함된 '미래모빌리티 및 방산지원' 프로젝트 등을 통해 부산지역에도 국민성장펀드 승인 건이 창출될 수 있도록 하겠다""고 하였다.3. 간담회 논의 주요내용 이어진 간담회에서는 부산지역에 소재한 운용사와 대표 기업(대한항공), 지역벤처기업의 사업현황 발표와 애로사항 논의가 있었다.간담회에 참석한 전재수 부산광역시장은 ""민선 9기 시정의 출발점에서 지역 현장의 목소리를 직접 듣기 위해 부산을 찾은 금융위원회에 감사""한다면서, ""'다시 뛰는 부산'은 기업이 부산에서 창업하고 성장하며 투자까지 이어질 수 있는 환경을 만드는 것에서부터 시작되며, 앞으로도 중앙부처·금융권과 협력하여 지역기업들이 다시 도약할 수 있도록 적극 지원하겠다""고 하였다. 부산 및 창원 소재 벤처캐피탈인 시리즈벤처스 곽성욱 대표는 ""지역에는 자본공급을 할 수 있는 자생력 있는 운용사도 부족하지만, 자본과 산업이 만날 수 있는 소통의 장도 부족""하다면서, ""도심 내 접근성이 좋은 입지에 복합 인프라를 조성하는 등의 노력이 필요""하다고 제언하였다. 지역의 금융지주사인 BNK계열의 BNK벤처투자는 ""지역전용 세컨더리 펀드가 조성된다면 지역 VC/AC의 재투자 여력을 확대하고 투자 선순환을 구축할 수 있을 것""이라고 하였다. 부산(김해) 소재 첨단산업 대표기업인 대한항공은 ""항공운항 관제, 무인기, MRO 등의 사업은 AI와 접목하면서 생산성과 수익성이 개선되고 있다""고 하면서, ""항공 Physical AI 및 지능형 전장관리 OS 등 무인기 산업 생태계를 확장해 나갈 계획""이라고 향후 사업계획을 발표하였다. 이 과정에서 ""지역 학계 및 생태계 협력, R&D지원 등을 통해 미래항공 클러스터를 조성하는 등 대·중·소 상생협력을 이루어 나가겠다""고 하였다.박상진 한국산업은행 회장도 ""최근 부산은 대규모 벤처펀드의 결성과 창업인프라 확충을 통해 아시아 대표 벤처·창업생태계 중심지로 탈바꿈""하고 있다면서, ""부산지역의 성장이 전체 국가 경제 성장을 견인'하는 새로운 패러다임의 성공 사례가 될 것이라 확신하며, 지역 금융기관과의 긴밀한 협업을 통해 아낌없는 지원을 해 나가겠다.""고 밝혔다. 마지막으로 이억원 금융위원장은 ""우리경제의 구조를 지역중심으로 전환하여 우리경제의 대도약을 이뤄내려면 지역의 첨단 산업기업을 발굴·육성하고, 벤처 생태계를 자생적으로 발전시키기 위한 노력이 더 많이 필요하다"" 면서 ""오늘 간담회에서 제기된 지역운용사 인센티브, 지역 첨단생태계 기업의 자금 접근성 확대 등의 의견을 충분히 수렴하여 현재 준비하고 있는 '국민성장펀드 운영 개선방안'에 반영하겠다""고 밝혔다.",
154232,지주사,2,2026-06-18 06:00:21,2026-06-18,,크아도 접는 넥슨 쇠더룬드식 개혁...희미해지는 김정주의 꿈,https://www.sidae.com/article/2026061710502861099,https://mimgnews.pstatic.net/image/upload/office_logo/417/2026/03/27/logo_417_100_20260327112050.png,"김 창업주 별세 이후 넥슨 지주사인 NXC는 김 창업주의 배우자인 유정현 이사회 의장과 자녀들이 과반 이상의 지분을 보유하고 있다. 유정현 의장의 지분율은 35.74%, 두 자녀의 지분율도 각각 18.39%다. 경영권 방어보다는 회사 매각에 관심이 많다는 분석이 지배적이다. 전직 게임업계 관계자는 ""김 창업주의...",
154232,지주사,3,2026-06-16 15:46:35,2026-06-16,전자신문,중앙그룹 회생 돌입…콘텐츠업계 “남 일 아니다” 위기 고조,https://www.etnews.com/20260616000328,https://mimgnews.pstatic.net/image/upload/office_logo/030/2025/03/07/logo_030_100_20250307145551.png,"16일 서울회생법원 회생2부는 전날 중앙그룹 지주사인 중앙홀딩스를 비롯해 JTBC, 콘텐트리중앙, 메가박스중앙, 중앙피앤아이에 대한 보전처분과 포괄적 금지명령을 내렸다. 중앙그룹의 회생 신청을 바라보는 콘텐츠업계의 반응은 착잡하다. “남 일이 아니다”라는 말이 업계 안팎에서 나오며 불안감이...",
154232,지주사,4,2026-06-16 06:34:30,2026-06-16,동아일보,"법원, 이르면 내달 회생절차 개시 여부 결정",https://www.donga.com/news/Society/article/all/20260616/134117626/2,https://mimgnews.pstatic.net/image/upload/office_logo/020/2025/03/07/logo_020_100_20250307145700.png,15일 서울회생법원은 중앙그룹 지주사인 중앙홀딩스와 JTBC 등 5곳이 낸 회생 신청을 회생2부(재판장 정준영 법원장)에 배당했다. 재판부는 조만간 각 사 대표자를 불러 재무구조 현황과 앞으로의 계획 등을 심문한 뒤 회생 절차를 개시할지 결정할 예정이다. 5곳 모두 회생을 신청하면서 보전처분 및 포괄적...,
154232,지주사,5,2026-06-16 06:07:30,2026-06-16,파이낸셜뉴스,"'빠담빠담'에서 회생절차까지…JTBC 15년, 콘텐츠 경쟁 '독' 됐나",http://www.fnnews.com/news/202606152208141386,https://mimgnews.pstatic.net/image/upload/office_logo/014/2025/03/07/logo_014_100_20250307145643.png,"지주사 중앙홀딩스를 비롯해 콘텐트리중앙, 메가박스중앙, 중앙피앤아이 등 중앙그룹 핵심 계열사 5곳이 동시에 회생절차 개시를 신청했다. ■ 중앙그룹, 시장성 차입 1조3000억원...채권개미+일반법인이 대부분 시장의 관심은 투자자 피해 규모에 쏠린다. 하나증권에 따르면 지난해 말 기준 중앙그룹의...",
165277,의료AI,1,2026-06-28 17:57:13,2026-06-28,이데일리,"[AI헬스케어]AI전략위, 디지털 헬스케어 법안 통합 추진…4년 표류 마침...",https://www.edaily.co.kr/news/newspath.asp?newsid=02528886645486312,https://mimgnews.pstatic.net/image/upload/office_logo/018/2025/03/07/logo_018_100_20250307145653.png,"흉부 엑스레이 AI 판독 솔루션으로 미국 FDA 승인을 받은 루닛(328130)은 국내에서 건강보험 급여 적용을 추진하는 과정에서 복지부·산업부 어느 창구를 통해 사업화를 진행해야 하는지 불편을 겪은 것으로 알려졌다. 뷰노(338220) 역시 심전도·골연령 분석 등 다양한 의료AI 제품을 보유하고 있지만, 데이터 활용...",
165277,의료AI,2,2026-06-28 10:01:32,2026-06-28,뉴시스,"""10년전처럼 또 프로포폴 유출""…이번엔 다르다[식약처가 바꾼다]",https://www.newsis.com/view/NISX20260626_0003684743,https://mimgnews.pstatic.net/image/upload/office_logo/003/2025/03/07/logo_003_100_20250307145615.png,"식약처는 또 인공지능(AI)를 활용한 마약류 오남용 감시 체계를 전환한다. 식약처는 ""의료용 마약류 오남용·불법 취급 의심 마약류취급자(기관) 및 중독 의심자의 신속하고 촘촘한 선별이 이뤄지도록 마약류 오남용 통합감시시스템(K-NASS) 구축을 연내에 완료할 예정이다""고 밝혔다. K-NASS(Korea-Narcotics...",
165277,의료AI,3,2026-06-17 02:10:05,2026-06-17,,한국 의료 AI의 결정적 순간이 오고 있다[투데이 窓/최윤섭],https://www.mt.co.kr/opinion/2026/06/17/2026061514130980762,https://mimgnews.pstatic.net/image/upload/office_logo/008/2025/03/07/logo_008_100_20250307145621.png,"여러 선도적인 의료 AI 기업들이 이러한 제도를 기반으로 매출을 올리면서, 국내 의료 AI 산업 발전의 계기도 되었다. 결정적인 순간이 다가왔다. 올해 상반기부터 주요 의료 AI 기업들의 유예 기간 만료가 시작되고 있기 때문이다. 이제 관건은 그동안 시장에 선진입하여 데이터와 근거를 쌓아온 의료 AI 기술이...",
165277,의료AI,4,2026-06-10 23:09:19,2026-06-10,서울경제,인공지능은 모르는 ‘나’가 정답…AI시대 진로 설계서,https://www.sedaily.com/article/20054294?ref=naver,https://mimgnews.pstatic.net/image/upload/office_logo/011/2025/03/07/logo_011_100_20250307145637.png,"인공지능(AI) 기술의 급속한 발전으로 직업 환경이 빠르게 변화하는 가운데 미래 유망 직업을 좇기보다 자신의 성향과 기질에 맞는 진로를 찾아야 한다는... 하루 종일 기록을 검토해야 하는 법조인, 생명을 다루는 부담 속에 살아가는 의료인, 긴 기다림과 불확실성을 감내해야 하는 예술가의 모습을 통해 직업의...",
165277,의료AI,5,2026-06-08 09:32:06,2026-06-08,뉴시스,"中, 세계 최초 상용 '뇌 인터페이스 칩' 임상 통과…머스크 '뉴럴링크'보...",https://www.newsis.com/view/NISX20260608_0003659646,https://mimgnews.pstatic.net/image/upload/office_logo/003/2025/03/07/logo_003_100_20250307145615.png,"국영 의료 시스템을 위한 대량생산에 돌입했다. 이번 성과는 일론 머스크의 뉴럴링크보다 덜 침습적인 방식을 채택해 승인 경쟁에서 앞선 것으로... 오픈AI의 샘 올트먼 등 실리콘밸리 거물들도 이 기술에 주목하고 있으며 운동·언어 장애와 우울증, 파킨슨병 등을 앓는 전 세계 30억명 이상의 환자들에게...",
162887,AI(인공지능),1,2026-07-08 00:30:53,방금 전,중앙SUNDAY,“메가 프로젝트 하려면 새 대형원전 최소 4기 더 지어야”[최준호의 직...,https://www.joongang.co.kr/article/25443265,https://mimgnews.pstatic.net/image/upload/office_logo/025/2025/03/07/logo_025_100_20250307145712.png,"정부가 반도체 메가 클러스터와 인공지능(AI) 데이터센터라는 폭발적인 전력 수요에 대응하기 위해 제12차 전력수급기본계획(전기본)에 신규 원전 건설... 호남 반도체 클러스터 전력 공급과 관련해 ""원전 증설을 고민하겠다. 실제로 영광에 원전 2기분의 부지가 있다""고 이례적인 입장을 밝혔다. (김 장관은...",
162887,AI(인공지능),2,2026-07-07 20:00:46,4시간 전,,"우주영역인식 AI 광학모듈 만든다…스텝랩, '스케일업 팁스' 선정",https://www.mt.co.kr/future/2026/07/07/2026070715151896382,https://mimgnews.pstatic.net/image/upload/office_logo/008/2025/03/07/logo_008_100_20250307145621.png,민간 운영사가 최소 10억원(비수도권은 7억원) 이상을 투자하면 정부가 투자연계형 R&D(연구개발)로 3년간 최대 30억원을 병행 지원한다. 스텝랩은 이번 과제를 통해 '우주 영역 인식용 AI(인공지능) 알고리즘 탑재 소형 줌(Zoom) 광학모듈' 개발을 추진한다. 과제는 30년 이상의 우주 광학 및 EO·IR(전자광학...,
162887,AI(인공지능),3,2026-07-07 17:11:07,7시간 전,정책브리핑,"류제명 2차관, 싱가포르 디지털 개발정보부 차관 면담",http://www.korea.kr/briefing/pressReleaseView.do?newsId=156769883&pageIndex=1&repCodeType=&repCode=&startDate=2025-07-07&endDate=2026-07-07&srchWord=&period=,,- 우리나라의 독자적인 '인공지능 전 주기 개발(AI 풀스택)' 생태계 및 인공지능 정책 소개- 한-싱가포르 정상회담 후속 조치 등 양국 간 디지털 협력 논의,
162887,AI(인공지능),4,2026-07-07 16:40:38,7시간 전,정책브리핑,"｢질병관리 AX 위원회｣ 출범, AI 대전환 중장기전략 수립 착수(7.7.화)",http://www.korea.kr/briefing/pressReleaseView.do?newsId=156769866&pageIndex=1&repCodeType=&repCode=&startDate=2025-07-07&endDate=2026-07-07&srchWord=&period=,,"「질병관리 인공지능 전환 위원회」 출범, 인공지능(AI) 대전환 중장기전략 수립 착수- 민간·공공 전문가 및 정부위원 등 16인 구성, ▲질병관리 분야 AX 중장기전략 수립, ▲구체적 실행방안 논의 등 본격화 질병관리청(청장 임승관)은 관련 분야 전문가를 위촉하여 「질병관리 AX(인공지능 전환) 위원회」를 구성하고, 오는 7월 7일(화) 제1차 회의를 개최한다. 위원회는 질병관리청장을 위원장으로 하여 정책 실행력을 높이기 위한 정부위원 5명과 AI·빅데이터, 보건의료 및 데이터 활용분야 등 각 분야를 대표하는 민간·공공 전문가 11명 등 총 16명으로 구성하였다. 그간 질병관리청은 내부적으로 「질병관리 인공지능 혁신 추진단」을 설치('25년 10월)하여, 공공AX 프로젝트 실증 추진* 및 데이터 통합 활용계획 수립** 등을 추진해 왔다. * 감염병, 검역, 만성질환, 인포데믹 등 AI 솔루션 개발 및 실증 추진 중(과기부 주관, 질병청 참여)** '29년까지 질병관리 데이터의 연계 시너지 창출 및 AX 데이터 기반을 마련하는 플랫폼 구축 다만, 개별 부서에서 추진 중인 사업만으로는 종합적 전략 마련과 대국민 서비스의 획기적 향상에 한계가 있었다. 이에 기관 차원에서 전략을 총괄할 수 있도록 올해 3월부터는 '질병관리인공지능담당관'을 신설(자율기구)하고 본격적인 중장기 전략 수립에 착수하였다. 이러한 흐름에서 위원회는 질병관리 분야의 인공지능 전환(AX)에 대한 민·관 공감대를 형성하고 필수 전략을 논의한다. 이를 통해 ""데이터, 정책 및 R&D""가 유기적으로 연계될 수 있는 과제를 발굴·확정하고, 이에 따른 법·제도 개선 사항 논의 및 단계별 이행계획을 심의하는 역할을 수행한다. 제1차 회의에서는 기관의 비전인 '건강한 국민, 안전한 사회' 실현을 위한 AI 활용전략 및 향후 검토사항을 논의할 예정이다. 임승관 질병관리청장은 ""우리 청이 지금껏 축적해 온 방대한 데이터에 인공지능(AI) 기술을 결합하는 것은 국민의 일상을 보호하면서 미래 재난을 극복해갈 핵심 자산""이라고 전하며, ""분야별 전문가 분들의 의견을 소중히 받아들여, 부서/기관 간 분절된 데이터의 장벽을 허물고 AI로 융합하고, 질병 위협으로부터 국민의 일상을 선제적으로 보호하는 새로운 패러다임으로 공중보건 혁신을 이루겠다.""고 밝혔다.붙임 1. 질병관리 AX 위원회 제1차 회의 개최 계획 2. 질병관리 AX 위원회 외부 위원 명단",
162887,AI(인공지능),5,2026-07-07 16:10:28,8시간 전,정책브리핑,현대차 그룹 - 1·2·3차 협력사 상생협약 체결식 개최,http://www.korea.kr/briefing/pressReleaseView.do?newsId=156769851&pageIndex=1&repCodeType=&repCode=&startDate=2025-07-07&endDate=2026-07-07&srchWord=&period=,,"공정위, 현대자동차 - 1·2·3차 협력사 상생협약 체결식 개최- 10일 내 지급 등 대금 지급 조건 개선, 미래 모빌리티 산업 경쟁력 강화를 위해 협력사 기술·교육 지원 확대 -공정거래위원회(위원장 주병기, 이하 '공정위')는 7월 7일(화) 더블트리 바이 힐튼에서 현대자동차 그룹 12개 계열사*(이하 '현대자동차') 및 협력사 관계자들이 참석한 가운데, '현대자동차 – 1·2·3차 협력사 상생협약 체결식'을 개최하였다. * 현대자동차, 기아, 현대모비스, 현대제철, 현대건설, 현대로템, 현대엔지니어링, 현대트랜시스, 현대위아, 현대오토에버, 현대케피코, 이노션 이번 상생협약은 현대자동차의 상생협력 문화가 공급망 전체로 확산하여 2차 이하 영세 협력사까지 실질적인 혜택이 미칠 수 있도록 하기 위해 마련된 것으로, 삼성, SK, LG 그룹에 이어 대기업집단 중 네 번째로 체결하는 것이다.· 일시 : 2026. 7. 7.(화) 15:45 ~ 16:50 (약 65분)· 장소 : 더블트리 바이 힐튼 서울 판교· 참석자 : 약 150명 (공정위) 주병기 공정거래위원장, 기업협력정책관, 대변인 등 (기업측) 현대자동차 12개 계열사, 1차 협력사, 2차 협력사 임직원 등 현대자동차 그룹 – 1·2·3차 협력사 상생협약 체결식 개요 상생협약의 주요 내용은 크게 ▲현대자동차 및 1·2차 협력사의 대금 지급 조건 개선, ▲미래 모빌리티 산업 전환 과정에서 협력사 경쟁력 강화를 위한 기술·교육 등 지원 확대 등으로 구성되었으며, 이는 현대자동차와 협력사 간 자율적인 협의로 마련된 것이다. 먼저, 현대자동차와 1·2차 협력사들은 각각 자신과 거래 관계에 있는 그 이하 협력사를 대상으로 대금 지급 조건을 개선하기로 하였다. 대금 지급 시기, 방식 등 '대금 지급 조건'이 중소 협력사의 안정적인 유동성 운용 및 확보를 위해 가장 중요한 요소임을 감안한 것이다. 구체적으로 현대자동차는 1차 협력사를 대상으로 마감 후 10일(평균) 이내에 대금을 지급하고, 현금성 결제 비율 역시 제고하기로 하였다. 상생결제시스템 활용도 지속적으로 제고해 나가면서, 명절 대금을 조기에 지급하는 문화도 정착시키기로 하였다. 1·2차 협력사들도 그 이하 중소 협력사들을 대상으로 지급기일 단축, 현금성 결제 비율 제고, 상생결제시스템 활용 확산에 동참하기로 하였다. 동시에 현대자동차는 이에 성실히 참여하는 협력사를 대상으로 다양한 자체 지원책*(이하 '인센티브')을 마련·지원하기로 하였다. 이를 통해 중소 1·2차 협력사들이 대금 지급 조건 개선에 적극 참여함으로써, 현대자동차의 대금 지급 조건 개선 혜택이 2차 이하 영세 협력사까지 원활히 흘러가 닿을 것으로 기대된다. * 협력사 평가 시 배점 강화 및 가점 부여, 동반성장펀드 지원 우대, 우수 협력사 포상 등 다음으로, 현대자동차는 AI·자율주행·로봇 등 미래 모빌리티 산업으로의 전환 과정에서 중소 협력사들의 경쟁력을 강화하기 위해, 협력사 대상 기술·교육 등 지원에 보다 적극 나서기로 하였다. 현대차와 기아는 협력사의 AI·소프트웨어·자율주행 기술 전환을 지원하고, 협력사 임직원을 대상으로 AI·사이버보안 역량 강화 교육 프로그램도 지원할 예정이다. 현대모비스도 로봇 사업의 확대에 맞춰 첨단 부품 관련 기술 협력사 육성에 적극 나선다는 계획이다. 이번 상생협약을 통해 현대자동차 공급망에 속해 있는 약 5,500여개 협력사들이 혜택을 볼 것으로 예상된다. 아울러, 현대자동차는 이번 상생협약의 주요 내용을 내년 초에 체결할 협력사들과의 공정거래협약*에도 반영함으로써, 상생협력의 원칙을 체화해 나가겠다는 의지를 밝혔다. * 대·중견기업과 중소협력업체가 불공정행위 예방 및 경쟁력 강화를 위한 세부방안을 협약이라는 형식으로 1년 단위로 약정·이행하고, 공정위가 그 결과를 평가하는 제도 주병기 위원장은 ""불평등과 양극화의 심화는 지금 대한민국 경제 발전의 가장 중대한 장해물""이라며, ""그 가장 중요한 원인이 양극화된 기업생태계""때문이라고 말했다.""미래 모빌리티 산업의 혁신은 협력사와의 건강한 협업 구조와 상생 위에서 더욱 단단하게 지속될 수 있다""고 언급하면서, ""공정위 역시 현대자동차와 협력사들이 함께하는 이 뜻깊은 상생협약에 든든한 동반자가 되겠다""고 밝혔다. 공정위는 공정거래협약 이행평가 등을 통해 이번 상생협약이 성실히 이행되는지를 면밀히 살펴 우수 기업을 대상으로 향후 인센티브*를 제공하는 한편, 대기업과 협력사 사이에 바람직한 상생협력 문화가 자리잡을 수 있도록 대기업 – 협력사 간 상생협약 체결을 지속 유도해 나갈 계획이다. * 공정거래협약 이행평가 시 가점 부여, 중소기업 대상 하도급거래 모범업체 선정 등",
3378,수소차,1,2026-07-03 17:07:10,4일 전,뉴스핌,"8조 KDDX 잡은 한화오션, '60조 캐나다 잠수함'까지 거머쥐나",https://www.newspim.com/news/view/20260703000825,https://mimgnews.pstatic.net/image/upload/office_logo/5002/2024/05/30/logo_5002_18_20240530160715.png,지난달 캐나다를 방문한 강훈식 청와대 비서실장은 '팀 코리아'를 강조하며 현대자동차의 수소차 제조 공장과 충전소 인프라 건설 등 '프로젝트 비버'를 추가로 약속한 바 있다. 독일 TKMS는 막판 NATO 동맹 네트워크와 지휘통제·무장체계의 상호운용성 측면에서 '정치·군사적 안전한 선택'을 내세우고...,
3378,수소차,2,2026-06-30 13:34:40,2026-06-30,정책브리핑,2025년 공공부문 전기·수소차 전환 실적 공개,http://www.korea.kr/briefing/pressReleaseView.do?newsId=156768833&pageIndex=1&repCodeType=&repCode=&startDate=2025-06-30&endDate=2026-06-30&srchWord=&period=,,"2025년 공공부문 전기·수소차 전환 실적 공개- 공공부문 의무구매·임차제도 실효성 제고 위해 실적 산정기준 지속 강화- 2025년 공공기관 구매·임차 차량 중 전기·수소차 전년보다 5.5%p 증가 산업통상부(장관 김정관)와 기후에너지환경부(장관 김성환)는 2025년도 공공부문*의 전기·수소차 구매·임차 실적을 공개한다고 밝혔다. * 국가기관·지자체·공공기관 중 차량 6대 이상을 보유한 781개 기관(2025년 기준) 산업통상부와 기후에너지환경부는 ｢환경친화적 자동차의 개발 및 보급 촉진에 관한 법률｣ 제10조의2 및 ｢대기환경보전법｣ 제58조의5에 따라 국가기관, 지자체, 공공기관 등이 매년 신규로 구매·임차하는 차량의 차종별 환산 비율* 100% 이상 전기·수소차로 도입하도록 의무화하고 있다. * (예) 수소승용차 1대 구매·임차 시 1.5대로 환산하여 실적으로 인정 2025년에 차량을 신규로 구매·임차한 실적이 있는 632개 기관의 전기·수소차 구매·임차 현황을 확인한 결과, 해당 기관들은 전환 대상 차량으로 총 8,271대를 신규로 도입했으며, 이 가운데 전기·수소차는 약 94.6%(7,826대)로 전년 대비 5.5%p 증가한 것으로 나타났다. 반면, 632개 기관 중 전기·수소차 구매·임차 의무 기준을 달성한 기관은 575곳(91%)으로 전년(95.4%) 대비 약 4.4%p 하락한 것으로 확인됐는데, 이는 2025년부터 전기차 환산 비율*을 낮춘 결과이다. * 2024년에 전기승용차 1대 구매·임차시 1.5대, 전기승합·화물차 1대는 1.7대로 환산하여 실적으로 인정했으나, 2025년부터는 전기 승용·승합·화물 모두 1대로 실적 인정 ※ 2025년 실적을 2024년 환산비율대로 산정하면 의무 기준 달성 기관은 총 601곳(95.1%)임 기후에너지환경부는 공공부문이 계속하여 전기·수소차 전환을 견인해 나가도록 유도하기 위해 2025년 전기차 실적 환산 기준을 강화한 데 이어, '저공해자동차 의무 구매·임차제 업무편람'을 개편(2026년 4월)하여 의무 구매·임차 예외 차량에 대한 인정 여부도 보다 엄격히 검토하고 있다. 기존에는 의무 이행 대상 공공기관이 전기·수소차 구매·임차가 어려운 사유를 기후에너지환경부 산하기관인 한국환경공단에 제출하면 한국환경공단 차원에서 예외 여부를 판단했는데, 4월부터는 한국환경공단 주관의 민간위원회를 개최해 예외 인정 여부를 검토하고 있다. 정부는 올해 4월 기준으로 우리나라도 전기차 100만 대 시대에 진입했으며 신차 판매 대수 중 전기·수소차 비율이 20%를 넘어서는 등 전기·수소차 보급이 상승세를 보이고 있는 상황에서 공공부문이 앞장서 이러한 추세를 보다 가속화할 수 있도록 관련 제도를 체계적으로 운영하고 맞춤형 지원도 확대해 나갈 계획이다. 붙임 1. 2025년 공공부문 의무구매·임차 실적.2. 2025년 의무구매·임차 의무비율 달성 기관. 3. 2025년 의무구매·임차 의무비율 미달성 기관. 끝.",
3378,수소차,3,2026-06-29 14:37:14,2026-06-29,한국경제 TV,"중동 전쟁에도...정부 ""하반기 수소차 충전용 수소 공급 이상 없어""",http://www.wowtv.co.kr/NewsCenter/News/Read?articleId=A202606290138&t=NN,https://mimgnews.pstatic.net/image/upload/office_logo/215/2025/03/07/logo_215_100_20250307145651.png,"수소차 보급 확대로 올해 5월까지 수송용 수소 소비량이 1년 전보다 50% 넘게 증가한 것으로 나타났다. 중동전쟁 여파로 일부 부생수소 공급이 줄었지만... 기후부에 따르면 올해 5월까지(누적 기준) 수소버스 3,237대를 포함해 4만 7,718대의 수소차가 보급됐고, 이에 따라 수송용 수소 소비량은 지난해 같은...",
3378,수소차,4,2026-06-08 12:00:20,2026-06-08,연합뉴스,400억원 들여 수소차 안전해체·핵심부품 재사용 기술 개발,https://www.yna.co.kr/view/AKR20260608067500530?input=1195m,https://mimgnews.pstatic.net/image/upload/office_logo/001/2025/03/07/logo_001_100_20250307145612.png,"정부가 수소차를 폐차할 때 안전하게 해체하고 수소 저장 용기와 연료전지, 모터 등 고부가가치 부품을 회수해 재사용·활용할 수 있게 기술을... 폐수소차 해체와 부품 재사용·활용 기술을 개발한다고 8일 밝혔다. 기후부에 따르면 누적 수소차 보급 대수는 2021년 1만9천대, 2023년 3만4천대, 2025년...",
3378,수소차,5,2026-06-05 23:37:02,2026-06-05,YTN,"""한국, 3.4조 원 수소 트럭 투자""...캐나다 잠수함 막판 수주전",https://www.ytn.co.kr/_ln/0104_202606052249568594,https://mimgnews.pstatic.net/image/upload/office_logo/052/2025/03/07/logo_052_100_20250307145633.png,"한국이 캐나다 차세대 잠수함 사업 수주를 위해 3조 원 이상을 현지에 투자하는 수소차 개발 프로젝트를 제안한 것으로 나타났습니다. 강훈식 대통령... 액화 수소 플랜트와 수소차 제조 공장, 충전소 약 200곳 등이 이 계획에 따라 건설됩니다. 일반 소비자용 전기차 대신 수소 트럭을 택한 건 중국 전기차와의...",
165042,반도체 HBM,1,2026-06-29 11:02:47,2026-06-29,연합인포맥스,"미래에셋 ""하이닉스 ADR, 7조원 수급 호재…TSMC처럼 본주 재평가""",https://news.einfomax.co.kr/news/articleView.html?idxno=4422305,https://mimgnews.pstatic.net/image/upload/office_logo/5227/2024/05/31/logo_5227_18_20240531135613.png,"미래에셋 ""하이닉스 ADR, 7조 원 수급 호재…TSMC처럼 본주 재평가"" 정 본부장은 메모리 반도체 산업이 구조적인 성장 국면에 진입하고 있다고 진단했다. 이 가운데 SK하이닉스는 삼성전자와 함께 차세대 HBM4E 경쟁을 본격화하는 등 글로벌 AI 메모리 시장을 주도하고 있다고 평가했다. 구체적인 투자...",
165042,반도체 HBM,2,2026-06-26 17:36:41,2026-06-26,아이뉴스24,"삼성전자, HBM4·저전력 기술로 AI 인프라 대응",http://www.inews24.com/view/1980178,https://mimgnews.pstatic.net/image/upload/office_logo/031/2025/03/07/logo_031_100_20250307145552.png,"삼성전자는 AI 확산에 따른 에너지 수요 증가에 대응하기 위해 저전력 반도체 기술 경쟁력을 강화하고 있다고 밝혔다. 디바이스솔루션(DS)부문은 이전 세대보다 전력 효율을 높인 고대역폭메모리(HBM) HBM4와 서버용 솔리드스테이트드라이브(SSD) PM1763 등을 적기에 공급하고 있으며, 오는...",
165042,반도체 HBM,3,2026-06-26 16:24:48,2026-06-26,디지털데일리,"""韓 어항 좁다""…나스닥 직행한 SK하이닉스 '글로벌 펀딩' 셈법",https://www.ddaily.co.kr/page/view/2026062614020902194,https://mimgnews.pstatic.net/image/upload/office_logo/138/2026/05/21/logo_138_100_20260521134112.png,증권신고서에 명시된 대로 대형 프로젝트인 용인 반도체 클러스터 1기 팹 건설을 비롯해 청주 P&T7 어드밴스드패키징 공장의 차세대 극자외선(EUV) 노광장비 도입 등 고대역폭메모리(HBM) 생산능력(CAPA) 확대를 위한 핵심 재원으로 쓰이게 된다. 천문학적인 비용이 소요되는 선단 공정 전환 수요를 외부 차입 없이...,
165042,반도체 HBM,4,2026-06-22 04:05:32,2026-06-22,,메모리 가격에 팀 쿡도 절레절레… 날개 편 'D램',https://www.mt.co.kr/industry/2026/06/22/2026062119420448104,https://mimgnews.pstatic.net/image/upload/office_logo/008/2025/03/07/logo_008_100_20250307145621.png,AI(인공지능) 수요확대로 촉발된 메모리반도체(이하 메모리) 가격 상승세가 제품 전반으로 확산한다. HBM(고대역폭메모리)을 비롯해 일반 D램과 낸드플래시 가격까지 동반 강세를 보이면서 삼성전자와 SK하이닉스의 실적 전망치도 잇따라 상향조정됐다. 21일 금융정보업체 에프앤가이드에 따르면...,
165042,반도체 HBM,5,2026-06-20 08:42:30,2026-06-20,,"""100년에 한번 있을 법"" 애플도 두 손 든 D램값...삼전닉스 웃는다",https://www.mt.co.kr/industry/2026/06/20/2026061913492448928,https://mimgnews.pstatic.net/image/upload/office_logo/008/2025/03/07/logo_008_100_20250307145621.png,HBM(고대역폭메모리)을 비롯해 일반 D램과 낸드플래시 가격까지 동반 강세를 보이면서 삼성전자와 SK하이닉스의 실적 전망치도 잇따라 상향 조정됐다.... 메모리 반도체 전반의 가격 강세가 이어지면서 양사 실적 전망치가 큰 폭으로 높아졌다. 컨센서스가 현실화할 경우 삼성전자와 SK하이닉스는 올해...,
155286,LED 장비,1,2026-07-01 11:10:52,6일 전,정책브리핑,"7월의 수산물, 어촌여행지, 해양생물, 등대, 무인도서 선정",http://www.korea.kr/briefing/pressReleaseView.do?newsId=156769039&pageIndex=1&repCodeType=&repCode=&startDate=2025-07-01&endDate=2026-07-01&srchWord=&period=,,"7월의 수산물, 어촌여행지, 해양생물, 등대, 무인도서 선정- 이달의 수산물로 민어·전복, 어촌여행지로 경기 안산 종현마을·경북 울진 구산마을, 해양생물로 산호해마, 등대로 인천항갑문 북방파제등대, 무인도서로 먹도를 선정 ① 이달의 수산물 - 민어, 전복 해양수산부(장관 황종우)는 7월 이달의 수산물로 민어와 전복을 선정했다. 민어는 농어목 민어과에 속하는 난류성 어류로, '복더위에는 민어탕이 일품'이라는 말이 있을 만큼 여름철 보양식으로 오랜 사랑을 받아 왔다. 민어는 비린내가 적고 살이 부드러우면서도 탄력이 있어 회·구이 ·조림 등 다양한 요리로 즐길 수 있다. 특히, 냉장 상태에서 2~3일 숙성하면 감칠맛과 식감이 더 살아나 회로 즐기기 좋으며, 민어 부레는 얇게 썰어 소금에 찍어 먹으면 별미로 즐길 수 있다. 예로부터 귀하게 대접받아 온 전복은 대표적인 보양 수산물 중 하나로, 중국에서는 상어지느러미, 해삼과 함께 '바다의 삼보'로 불리기도 한다. 전복은 마그네슘이 풍부해 신경 안정에 도움이 되고, 타우린 함량이 높아 심혈관계 질환 예방에 효과적이다. 구이·찜·볶음 등이 다 어울리지만, 특히 전복죽은 부드럽게 퍼진 쌀알에 쫄깃한 전복살과 고소한 내장의 풍미가 어우러진 대표적인 전복 요리다. 이달의 수산물 민어, 전복을 비롯한 수산물 관련 정보는 어식백세(https://blog.naver.com/korfish01)에서 자세히 확인할 수 있다. ② 이달의 어촌 여행지 - 경기 안산 종현마을, 경북 울진 구산마을 해양수산부는 7월 이달의 어촌 여행지로 경기 안산시 종현마을과 경북 울진군 구산마을을 선정했다. 경기 안산시 종현마을은 수도권에서 가까운 서해안 어촌마을로, 드넓은 갯벌과 해안 경관을 함께 즐길 수 있는 곳이다. 이곳에서는 갯벌 조개 캐기, 갯벌 썰매 타기, 맨손으로 물고기를 잡는 체험 등 다양한 어촌 체험 프로그램을 운영한다. 또한 해안선을 따라 조성된 대부해솔길 트레킹 코스와 구봉도 낙조 전망대가 자리 잡고 있어 도보 여행과 낙조 관람이 가능하다. 이와 함께 대부도 포도와 서해안 대표 수산물인 바지락 등 지역 특산물을 현지에서 맛볼 수 있다. 경북 울진군 구산마을은 동해 바다와 울창한 해안 경관이 어우러진 어촌마을이다. 마을에서는 투명 보트 체험, 통발 체험, 조개잡이 체험, 낚시 체험 등을 운영한다. 또한 구산해수욕장과 구산 어촌체험마을, 대풍헌, 수토 문화 체험관이 인접해 있어 역사·문화 탐방을 함께 즐길 수 있다. 특히 마을에서 직접 채취한 신선한 미역과 문어 등 풍성한 제철 해산물 먹거리는 식도락 여행의 즐거움을 더해준다. 이달의 어촌 여행지에 관한 자세한 마을소개, 체험 프로그램, 숙박 및 음식점, 주변 관광지 및 교통편 등 여행에 필요한 정보는 「바다여행 누리집(www.seantour.kr)」에서 확인할 수 있다. ③ 이달의 해양생물 - 산호해마 해양수산부는 7월 이달의 해양생물로 산호해마(Hippocampus mohnikei)를 선정하였다. 산호해마는 주로 서·남해 연안에서 발견되며, 우리나라 전 연안에 서식하고 있다. 성체가 약 8cm로 국내에 서식하는 해마 중 크기가 가장 작고, 짧은 주둥이와 얼룩무늬가 섞인 짙은 갈색이 특징이다. 산호해마는 수온이 상승하는 여름철인 7월에 활발하게 번식한다. 산호해마를 비롯한 해마류는 유영 능력이 약해서 생애 대부분을 해조류와 산호 등에 꼬리를 감고 생활하며, 수컷이 암컷으로부터 알을 받아 새끼를 낳는 독특한 번식 특성을 가진다. 서식지 의존도가 높은 정착성 어종으로 최근 연안 개발에 따른 서식지 훼손과 혼획 등의 위협을 받고 있어 체계적인 보호와 관리가 필요하며, 세계자연보전연맹(IUCN)은 산호해마의 멸종위기 등급을 취약(Vulnerable, VU)으로 분류하고 있다. 9월부터 열리는 여수 세계 섬박람회에서는 여수 인근 섬 해역에서 발견할 수 있는 산호해마를 비롯한 다양한 해양생물을 국민들에게 소개할 계획이다. 산호해마를 비롯한 다양한 해양생물과 이달의 해양생물에 관한 정보는 해양생명자원통합정보시스템(https://www.mbris.kr)과 해양환경정보포털(https://www.meis.go.kr)에서 확인할 수 있다. ④ 이달의 등대 - 인천항갑문 북방파제등대(월미빛등대) 해양수산부는 7월 이달의 등대로 인천광역시 중구 개항동(월미도)에 위치한 인천항갑문 북방파제등대를 선정했다. 이 등대는 시민 공모로 정해진 '월미빛등대'라는 애칭을 갖고 있으며, 5초에 한 번씩 초록색 불빛을 깜빡이며 인천항 갑문을 입출항하는 선박의 안전 길잡이 역할을 하고 있다. 인천항 갑문은 수위가 다른 두 개의 수면 사이를 선박이 안전하게 통항할 수 있도록 만든 시설인데, 인천항갑문 북방파제등대는 갑문 입구에 설치되어 갑문을 통항하는 선박의 안전 항해를 지원해 왔다. 등대는 1977년 최초로 세워졌으나, 시설물 노후로 올해 5월 '국립인천해양박물관' 전경과 조화를 이루는 지금의 돛단배 모양으로 재탄생되었으며, 귀신고래를 주제로 한 미디어 파사드 영상 상영 등 방문객들에게 새로운 볼거리를 제공하고 있다. 월미도에는 다채로운 전시와 체험을 통해 바다를 즐기는 '국립인천해양박물관', 월미도를 순환하는 도심형 관광 모노레일인 '월미바다열차', 다양한 놀이기구와 LED 조명이 어우러진 '월미테마파크', 조선시대 양식을 재현한 전통공원인 '월미공원' 등 다양한 관광 명소가 있어 함께 즐길 수 있다. 인천지역의 여름 별미인 병어는 이 시기에 살이 가장 두툼하고 기름기가 적당해 맛이 가장 좋다. 비린내가 거의 없고 뼈가 연하기 때문에 뼈째 회로 먹거나 무와 함께 조림으로 즐기는데, 무가 소화 흡수를 도와 부담이 적다. 병어는 오메가 3가 풍부하여 두뇌와 혈관 건강에 좋고, 단백질과 비타민 A가 풍부하여 성장기 어린이와 면역 기능에 좋다고 알려져 있다. 이달의 등대에 대한 자세한 내용은 '등대와 바다' 누리집(lighthouse- museum.or.kr/sea)에서 확인할 수 있으며, 등대 주변 관광정보는 '인천투어' 누리집(itour.incheon.go.kr)에 소개되어 있다. ⑤ 이달의 무인도서 - 먹도 해양수산부는 7월 이달의 무인도서로 인천광역시 옹진군 덕적면에 위치한 준보전무인도서*인 '먹도'를 선정했다. * 보전 가치가 높아 일정한 행위를 제한(건축물·인공구조물 설치, 동·식물의 포획·채취, 취사·야영 등)하거나 필요한 경우 출입제한 조치를 할 수 있는 무인도서 먹도는 인근의 유인도인 덕적도에서 남쪽으로 약 1㎞ 정도 떨어져 있고, 면적은 약 22.5만㎡ 규모이다. 짙은 암석이 대부분인 먹도 해안가와 주변해역 바다색은 잿빛 또는 검은색을 띤다. 항해 장비가 발달하기 전, 예전 어부들은 먹도를 이정표로 삼아 위치를 확인하였다. 검은빛으로 길을 잡아주는 섬, 까맣고 단단한 섬이라고 해서 '먹통도', '묵섬' 또는 '흑도(黑島)' 등으로 불리기도 한다. 특히 잔잔한 바다에 안개가 드리울 때 보이는 먹도는 한 폭의 수묵화를 연상케 한다. 먹도에서는 다양한 지형과 지질학적 특성을 관찰할 수 있다. 섬 가장자리에는 파도에 침식된 절벽과 큰 돌이 흩어진 해안, 모래해안, 해안동굴 등이 발달해 있어 작은 규모의 해양지질공원이라고 불러도 손색이 없다. 섬 상부는 소나무와 소사나무 군락이 울창한 숲을 이루고 있다. 해양수산부의 무인도서 실태조사에 따르면, 먹도에는 30여 종의 식물이 자생하고, 검은머리물떼새, 가마우지, 괭이갈매기 등의 조류가 서식하고 있다. 먹도를 포함한 무인도서 정보와 인근 관광정보는 해양수산부 무인도서 종합정보제공 누리집(http://uii.mof.go.kr) 및 옹진군 관광문화 누리집(https://www.ongjin.go.kr/open_content/tour/)에서 확인할 수 있다.",
155286,LED 장비,2,2026-04-22 08:08:02,2026-04-22,아시아경제,"[클릭 e종목]""넥사다이내믹스, 'OLED 초격차' 정책 수혜 기대…신성장 동...",https://view.asiae.co.kr/article/2026042207584652556,https://imgnews.pstatic.net/image/origin/277/2026/04/22/5752891.jpg,"독립리서치 밸류파인더는 22일 넥사다이내믹스에 대해 유기발광다이오드(OLED) 장비 경쟁력과 콘텐츠 커머스 신사업을 양축으로 성장 전략을 본격화하고 있다고 분석했다. 이충헌 밸류파인더 연구원은 ""넥사다이내믹스는 OLED 장비와 K콘텐츠 커머스 신사업으로 양날개 전략을 추진 중""이라며 ""본업...",
155286,LED 장비,3,2026-04-21 14:02:07,2026-04-21,이데일리,국민성장펀드 ‘OLED 초격차’ 메가프로젝트 가동…넥사다이내믹스 주목,http://www.edaily.co.kr/news/newspath.asp?newsid=03939286645418416,https://imgnews.pstatic.net/image/origin/018/2026/04/21/6262620.jpg,"금융위원회가 국민성장펀드 2차 메가프로젝트에 ‘디스플레이 OLED 초격차 확보’를 공식 포함하면서, 국내 OLED 장비 밸류체인 전반에 대한 재평가 기대가 커지고 있다. 21일 업계에 따르면 금융위원회는 최근 국민성장펀드 2차 메가프로젝트에 ‘디스플레이 초격차 확보’를 포함하고, 향후 5년간...",
155286,LED 장비,4,2026-04-21 09:44:22,2026-04-21,,"APS이노베이션, 레이저 기술력 앞세워 OLED·Micro-LED 공략 가속",https://www.pinpointnews.co.kr/news/articleView.html?idxno=447199,https://imgnews.pstatic.net/image/origin/5829/2026/04/21/408608.jpg,"최근에는 연구개발(R&D) 역량을 OLED와 Micro-LED 장비 개발에 집중하며 사업 영토를 확장 중이다. 계열사 간 기술 시너지를 통해 이차전지 장비군까지 경쟁력을 강화하고 있다. 업계 관계자는 ""APS이노베이션은 기존 디스플레이 기술을 기반으로 배터리 시장에서도 유의미한 성과를 거둘 것으로 기대된다""고...",
155286,LED 장비,5,2026-04-06 10:04:46,2026-04-06,정책브리핑,유연 인쇄전자 평가법 국제표준으로 제안,http://www.korea.kr/briefing/pressReleaseView.do?newsId=156753030&pageIndex=1&repCodeType=&repCode=&startDate=2025-04-06&endDate=2026-04-06&srchWord=&period=,,"유연 인쇄전자 평가법 국제표준으로 제안- 인쇄전자 국제표준화 총회 개최(4.6.~10.), 잉크젯 인쇄 측정법 등 표준안 2종 제안 플라스틱 필름, 섬유와 같은 유연한 기판 위에 전도성 잉크를 인쇄하여 전자회로와 소자를 만드는 인쇄전자 국제표준화가 한국 주도로 진행된다. 산업통상부 국가기술표준원(원장 김대자, 이하 국표원)은 한국, 미국, 일본, 중국, 영국 등 11개국 표준전문가 50여 명이 참석하는 「인쇄전자 국제표준화(IEC/TC119) 총회」를 4월 6일(월)부터 10일(금)까지 서울에서 개최한다고 밝혔다. 인쇄전자 기술은 잉크젯·스크린·롤투롤(회전롤) 등의 방식으로 전자소자를 인쇄하여 전자기기의 유연화와 경량화가 가능하다. 자동차 내부의 곡면 디스플레이, 피부에 부착하는 심박수 센서, 스마트 의류 등에 적용된다. IEC 인쇄전자 표준화위원회는 우리나라가 설립을 제안하여 2011년 출범하였고, 한국이 현재 운영 간사국을 맡고 있다. 우리나라는 2018년 이후 8년 만에 이번 총회를 개최하며, 신규 국제표준 측정법 2건을 제안했다. 먼저 잉크젯 인쇄 균일도 측정법은 차량용 OLED 디스플레이, 이차전치 등 제조 공정에 적용되는 복수 노즐 잉크액적의 부피와 속도, 직진도 평가법이다. 대량 생산 공정에서 소자의 정밀도와 회로의 연결성을 높일 수 있도록 지원한다. 또한 스크린 인쇄 전극의 염화물 민감도 측정법은 웨어러블 헬스케어와 스마트 워치 등의 센서에 적용되는 땀이나 혈액 등 생체 시료의 농도 평가법이다. 센서의 신뢰성을 높임으로써 성능이 검증된 다양한 전극 제품이 공급되는 데 기여할 수 있다. 김대자 국표원장은""인쇄전자 기술은 제조 공정 단계가 적고, 대량생산 등의 강점이 있어 자동차, 디스플레이, 헬스케어 등 다양한 산업으로 확대되고 있다""면서, ""인쇄전자의 안정성 및 신뢰성을 확보할 수 있도록 표준화 활동을 지속적으로 지원해 나가겠다""고 밝혔다.",
166306,초전도체,1,2026-06-30 09:36:55,2026-06-30,NEWS1,차세대 초전도체 개발 단서…전자들의 '숨은 질서' 확인,https://www.news1.kr/local/daejeon-chungnam/6212322,https://mimgnews.pstatic.net/image/upload/office_logo/421/2025/03/07/logo_421_100_20250307145710.png,"이 같은 성질을 가진 물질인 초전도체는 전기저항이 없고 외부 자기장에 반자성을 띠어 에너지를 비롯한 교통, 산업 혁신을 부를 꿈의 물질로 꼽힌다. 그러나 상온·상압 초전도체 상용화는 난제로 남아 있다. 카고메 금속은 일본 전통 바구니 문양처럼 삼각형이 반복되는 원자 구조를 가진 물질이다. 독특한...",
166306,초전도체,2,2026-06-04 08:26:51,2026-06-04,전자신문,"한·미 공동연구팀, 저에너지 광자 검출 위한 초고감도 센서 기술 개발",https://www.etnews.com/20260604000036,https://mimgnews.pstatic.net/image/upload/office_logo/030/2025/03/07/logo_030_100_20250307145551.png,"기존의 단일 광자 검출 기술은 반도체 전자 구조나 초전도체의 에너지 틈을 이용하는데, 이 방식은 안정적이지만, 비교적 높은 에너지를 가진 빛에만 반응한다는 한계가 있다. 특히, 적외선이나 마이크로파처럼 에너지가 낮은 빛은 검출이 어려워 새로운 방식의 센서 기술이 필요했다. 연구팀이 주목한 것은...",
166306,초전도체,3,2026-06-04 05:39:10,2026-06-04,SBS Biz,"MS, 차세대 양자칩 공개…""양자컴 2029년 상용화""",https://biz.sbs.co.kr/article_hub/20000314255?division=NAVER,https://mimgnews.pstatic.net/image/upload/office_logo/374/2025/03/07/logo_374_100_20250307145639.png,"경쟁사인 IBM은 알루미늄 기반 초전도체 배선을 사용하는 반면, MS는 납을 활용했습니다. MS는 자체 개발한 AI 과학 도구의 도움을 받아 새로운 소재를 적용했고, 그 결과 마요라나 2의 안정성이 이전 세대 대비 1000배 향상됐다고 설명했습니다. MS 관계자는 ""그동안 납을 소재로 칩을 만들지 않았던 이유는...",
166306,초전도체,4,2026-06-03 18:07:02,2026-06-03,뉴시스,"MS, 양자칩 '마요라나2' 공개…""양자컴 2029년 상용화""",https://www.newsis.com/view/NISX20260603_0003654719,https://mimgnews.pstatic.net/image/upload/office_logo/003/2025/03/07/logo_003_100_20250307145615.png,"마요라나2는 기존 알루미늄 대신 납(Pb)을 초전도체로 사용했다. 납은 병원·산업현장에서 방사선 차폐에 쓰이는 물질로, 양자칩에서는 큐비트를 교란하는 우주선(cosmic ray) 등 외부 간섭으로부터 보호하는 역할을 한다. 여기에 1마이크로초 수준의 빠른 연산 속도와 100분의 1㎜에 불과한 작은 큐비트...",
166306,초전도체,5,2026-06-03 11:39:31,2026-06-03,조선비즈,"MS, 차세대 양자칩 ‘마요라나 2′ 공개",https://biz.chosun.com/it-science/ict/2026/06/03/XTPDB5UHKZHXPHIT4CJQYINESE/?utm_source=naver&utm_medium=original&utm_campaign=biz,https://mimgnews.pstatic.net/image/upload/office_logo/366/2025/03/07/logo_366_100_20250307145615.png,"쟁사인 IBM은 알루미늄 기반 초전도체 배선을 사용하는 반면, MS는 납을 활용했다. MS는 자체 개발한 AI 과학 도구의 도움을 받아 새로운 소재를 적용했고, 그 결과 마요라나 2의 안정성이 이전 세대 대비 1000배 향상됐다고 설명했다. MS 관계자는 “그동안 납을 소재로 칩을 만들지 않았던 이유는 이를...",
167410,SOFC(고체산화물연료전지),1,2026-06-18 09:32:12,2026-06-18,이데일리,"'고속 터보기계 전문' 티앤이코리아, 상장예비심사 신청서 제출",https://www.edaily.co.kr/news/newspath.asp?newsid=03237366645483032,https://mimgnews.pstatic.net/image/upload/office_logo/018/2025/03/07/logo_018_100_20250307145653.png,"아울러 최근에는 글로벌 고체산화물 연료전지(SOFC) 분야의 글로벌 선도기업과 공급계약을 체결하고 양산을 준비하는 등 다각도 사업 확장을 진행 중이다. 티앤이코리아는 핵심 부품인 고속회전체와 공기포일베어링의 설계·제조·조립을 내재화해 해외 기술 의존도를 낮추고, 국내외 특허 포트폴리오를 통해...",
167410,SOFC(고체산화물연료전지),2,2026-05-12 17:32:22,2026-05-12,이데일리,"서진시스템 전동규 대표, 회사 자금 대여 위해 250만주 매각 결정",http://www.edaily.co.kr/news/newspath.asp?newsid=05582566645448264,https://mimgnews.pstatic.net/image/upload/office_logo/018/2025/03/07/logo_018_100_20250307145653.png,"투자 대상은 에너지저장장치(ESS), 반도체, 블룸에너지 고체산화물연료전지(SOFC), 데이터센터, 우주항공, 로봇파운드리 등이다. 서진시스템은 최근 글로벌 ESS 주요 고객 3사와 5~10년 장기 공급계약을 체결하며 미국 ESS 공장 투자 확대에 나서고 있다. 또한 반도체, SOFC, 데이터센터, 우주항공, 로봇파운드리...",
167410,SOFC(고체산화물연료전지),3,2026-05-07 18:02:10,2026-05-07,서울경제,[글로벌 핫스톡] AI 전력 병목 풀 대안으로 떠오른 블룸에너지,https://www.sedaily.com/article/20041423?ref=naver,https://mimgnews.pstatic.net/image/upload/office_logo/011/2025/03/07/logo_011_100_20250307145637.png,블룸에너지는 고체산화물 연료전지(SOFC)를 기반으로 현장형 전력 솔루션을 제공하는 미국 기업이다. SOFC는 산소와 연료의 화학반응으로 전기를 생산하는 장치다. 데이터센터 부지 안팎에 설치할 수 있어 대규모 송전망 증설을 기다리지 않고 전력을 공급할 수 있다는 점이 특징이다. 현재 미국 데이터센터...,
167410,SOFC(고체산화물연료전지),4,2026-04-22 10:07:55,2026-04-22,SBS Biz,"SK이터닉스, '약 5천평' 세계 최대 고효율 연료전지 발전단지 구축",https://biz.sbs.co.kr/article_hub/20000305881?division=NAVER,https://mimgnews.pstatic.net/image/upload/office_logo/374/2025/03/07/logo_374_100_20250307145639.png,"대소원에코파크는 설비 용량 40MW 규모의 고효율 SOFC(고체산화물연료전지) 발전소로, 1만6천423㎡(약 4천968평) 규모 부지에 조성됐습니다. 이곳에서는 330kW급 연료전지 120기로 연간 약 330GWh의 전력을 생산할 수 있다. 이는 약 9만4천가구가 1년간 사용할 수 있는 전력량입니다. 이번 상업운전은 지난해 12월...",
167410,SOFC(고체산화물연료전지),5,2026-04-03 04:14:58,2026-04-03,데일리한국,"SOEC·수소저장합금·LOHC…동서발전, 차세대 그린수소기술 개발 '열중'",https://daily.hankooki.com/news/articleView.html?idxno=1353270,https://imgnews.pstatic.net/image/origin/5358/2026/03/30/776330.jpg,김 부장은 동서발전 동해발전본부에서 강원도 동해시와 협력해 그린수소 저장수송·고체산화물 연료전지(SOFC)을 벌였다. 김 부장에 따르면 동서발전은 2027년부터 당진·동해·울산발전본부에서 기존 석탄·LNG발전을 단계적으로 수소·암모니아 혼소 발전으로 전환한다. 궁극적으로 노후발전을 대체해...,
154257,전력설비,1,2026-07-07 17:12:14,7시간 전,정책브리핑,국가 열에너지 혁신… 공동주택 냉·난방 전기화로 실현한다,http://www.korea.kr/briefing/pressReleaseView.do?newsId=156769885&pageIndex=1&repCodeType=&repCode=&startDate=2025-07-07&endDate=2026-07-07&srchWord=&period=,,"▷ 기후에너지환경부장관 주재 열에너지 혁신 토론회(포럼) 개최 【관련 국정과제】 38. 경제성장 대동맥, 에너지 고속도로의 구축기후에너지환경부(장관 김성환)는 7월 7일 오후 한국전력공사 경인건설본부(서울 중구 소재)에서 '공동주택 히트펌프 보급 방안'을 주제로 열에너지 혁신 토론회(포럼)를 개최한다고 밝혔다.우리나라의 주거형태는 아파트, 연립주택 등 공동주택이 약 80%를 차지하고 있어 건물부문 탈탄소화를 위해서는 공동주택의 냉·난방의 전기화가 핵심 과제다. 최근에는 하나의 설비로 냉방과 난방을 모두 제공하면서도 탄소 배출이 없고 에너지 효율이 높은 히트펌프 기술이 발전함에 따라, 공동주택 냉·난방 전기화를 견인할 핵심 설비로 기대를 모으고 있다.* 주거형태(총 19,873천호) 구성비 : [공동주택] 아파트 65.3%, 연립·다세대 14.3%, [단독주택] 19.3%, [비주거용] 1.1%(출처 : 2024년 인구주택총조사, 통계청)이번 토론회는 지난 4월에 발표된 열에너지 혁신 전략(안)의 후속조치로 산업계, 학계, 연구기관 등과 함께 기존 도시가스 중심의 공동주택 냉·난방 구조를 전기화 체계로 전환하기 위한 방안에 대해 논의하기 위해 마련됐다. 참석자들은 공동주택 히트펌프 보급을 위한 제도 개선 사항과 보급 촉진을 위한 지원방안, 실증사업 추진 방안 등을 논의하고 현장의 애로사항과 정책적 보완 과제에 대해서도 의견을 나눌 예정이다.기후에너지환경부는 이번 토론회에서 제시된 현장의 의견과 전문가 제언을 바탕으로 공동주택 히트펌프 보급 방안을 구체화하고, 관계 부처와 협력하여 제도 개선과 정책 지원을 단계적으로 추진할 예정이다.아울러 공동주택 냉·난방 전기화를 통해 국민이 체감할 수 있는 에너지 비용 절감과 쾌적한 주거환경 조성은 물론, 국가 열에너지 혁신과 탄소중립 실현을 위한 정책 기반을 지속적으로 강화할 계획이다.김성환 기후에너지환경부 장관은 ""국민이 가장 많이 거주하는 공동주택부터 열에너지 이용 방식을 바꿔야 국가 열에너지 혁신도 실현할 수 있다""라며, ""가스 없는 아파트가 새로운 주거 표준으로 자리 잡을 수 있도록 공동주택 히트펌프 실증과 보급 확대를 적극적으로 추진해 나가겠다""라고 밝혔다.붙임 열에너지 혁신 토론회 개요. 끝.",
154257,전력설비,2,2026-07-06 10:01:00,1일 전,프레스9,"한독, AI 지능형 공장 구축 나서...국비 포함 42억 투입",http://www.press9.kr/news/articleView.html?idxno=78936,http://www.press9.kr/news/thumbnail/202607/78936_91561_5247_v150.jpg,"[프레스나인] 한독(대표이사 김영진·백진기)이 정부 지원을 받아 AI 기반 지능형 공장 구축에 나선다. 한독은 6일 중소벤처기업부가 주관하는 '2026년 제조분야 AI 응용제품 신속 상용화 지원사업'에 국내 제약·바이오 기업 가운데 유일하게 최종 선정됐다고 밝혔다.한독은 2년간 국비 지원을 포함해 총 42억원 규모를 투입, AI 오케스트레이션 플랫폼 기반 지능형 공장을 구축한다. 제약·바이오 산업은 GMP 규제와 엄격한 품질관리 요구사항으로 AI 기반 자율 생산체계 구현이 쉽지 않은 분야다. 한독은 이번 사업을 통해 단순 설비 자동",
154257,전력설비,3,2026-07-03 16:11:24,4일 전,정책브리핑,[보도참고자료] (공동) 후쿠시마 오염수 방류 대응 브리핑(329차),http://www.korea.kr/briefing/pressReleaseView.do?newsId=156769510&pageIndex=1&repCodeType=&repCode=&startDate=2025-07-03&endDate=2026-07-03&srchWord=&period=,,"오염수 방류 대응 전반브리퍼 : 국무조정실 김영수 국무1차장 - 1. 인사말씀 □ 국무조정실 국무1차장입니다. 2. 21차 오염수 방류계획 □ 도쿄전력은 어제(7.2) 17시경에 21차 방류 일정 등 방류계획을 발표하였습니다. ○ 발표에 따르면, 오염수의 삼중수소 농도는 리터당 17만 베크렐(Bq)이며, 향후 리터당 1,500베크렐(Bq) 미만으로 해수와 희석하여 방류할 계획입니다. ○ 도쿄전력은 오염수 분석 결과가 배출기준 미만으로 확인됨에 따라, 월요일(7.6)부터 21차 방류를 진행할 예정이라고 밝혔습니다. □ 정부는 방류 계획과 운영 현황을 지속적으로 확인하고 있으며, 앞으로도 방류 동향을 계속 모니터링하고 대응하여 국민의 우려가 없도록 최선을 다하겠습니다. □ 이어서 우리 해역·수산물 안전관리 등은 해양수산부에서, 오염수 분석 결과 및 전문가 활동 등은 원자력안전위원회에서 말씀드리겠습니다. □ 이상입니다.우리 해역 수산물 안전관리 현황브리퍼 : 해양수산부 남재헌 차관 - 1. 인사말씀 □ 해양수산부 차관입니다. 2. 우리 해역·수산물 안전관리 현황 □ 7월 1일 기준, 우리 수산물에 대한 안전관리 상황을 말씀드리겠습니다. ○ 지난 브리핑 이후 추가된 생산단계와 유통단계 수산물 방사능 검사 결과는 453건과 512건으로 모두 적합입니다. □ '국민신청 방사능 검사 게시판' 운영 결과입니다. ○ 지난 브리핑 이후 국내 수산물 중 검사가 완료된 전복, 고등어 등 8건을 포함해 국민신청 방사능 검사 게시판 운영을 시작한 23년 4월 24일 이후 총 1,099건을 선정하였고, 1,092건을 완료하였으며, 모두 적합이었습니다. * (진행중) 국내산 전복, 고등어, 오징어 등 7개 품목 ○ 수입 수산물 국민신청 방사능 검사 게시판 운영을 시작한 24년 1월 26일 이후 총 341건을 선정하였고, 338건을 완료하였으며, 모두 적합이었습니다. * (진행중) 중국 해조류, 노르웨이 연어, 중국 바지락 3개 품목□ 수입 수산물 방사능 검사 현황입니다. ○ 지난 브리핑 이후 추가된 일본산 수입 수산물 방사능 검사는 168건이고, 방사능이 검출된 수산물은 없었습니다. □ 수산물 삼중수소 모니터링 현황입니다. ○ 지난 브리핑 이후 국내산 고등어, 방어 등 22건, 러시아 명태·가자미, 미국 가자미, 중국 다랑어 등 14건을 대상으로 삼중수소를 모니터링하였고 그 결과 불검출이었습니다. * 기준 : 영유아용 식품 1,000Bq/kg, 기타식품 10,000Bq/kg 이하(검출한계치 : 10Bq/kg) □ 선박평형수 안전관리 현황입니다. ○ 지난 브리핑 이후 치바현 치바항 등에서 입항한 선박 11척에 대한 조사가 있었고 방사능이 검출되지 않았습니다. ○ 23년 1월부터 현재까지 후쿠시마 등 6개 현에서 입항한 선박 796척에 대한 선박평형수 방사능 조사 결과, 모두 적합이었습니다. □ 해수욕장에 대한 조사 현황입니다. ○ 지난 브리핑 이후 강원 경포·속초, 경남 상주은모래비치·학동흑진주몽돌, 경북 장사·영일대, 부산 해운대·광안리, 울산 일산·진하, 인천 을왕리·장경리, 전남 신지명사십리·율포솔밭, 전북 변산·선유도, 제주 중문색달·함덕, 충남 대천·만리포 등 20개 해수욕장 모두 안전한 수준으로 확인되었습니다.□ 해양방사능 조사 현황입니다. ○ 지난 브리핑 이후 남서해역 9개 지점, 서남해역 15개 지점, 남중해역 15개 지점, 제주해역 3개 지점, 원근해 28개 지점의 시료분석 결과가 추가로 도출되었습니다. ○ 세슘134는 리터(ℓ)당 0.067베크렐(Bq) 미만에서 0.088 베크렐(Bq) 미만이고, 세슘137은 리터(ℓ)당 0.072베크렐(Bq) 미만에서 0.092베크렐(Bq) 미만이며, 삼중수소는 리터(ℓ)당 6.1베크렐(Bq) 미만에서 7.0베크렐(Bq) 미만이었습니다. * (134Cs) 0.067~0.088Bq/L, (137Cs) 0.072~0.092Bq/L, (3H) 6.1~7.0Bq/L ○ 이는 WHO 먹는 물 기준 대비 훨씬 낮은 수준으로, 방류 이후에도 우리 바다는 안전한 것으로 확인되고 있습니다. 3. 후쿠시마 원전 항만 내 어류 분석 결과 □ 참고로, 도쿄전력은 후쿠시마 제1원전 항만 내 어류 11개체를 포획·검사한 결과 2개체(노래미 2건)에서 기준치를 넘는 세슘(810Bq/kg, 560Bq/kg)이 검출되었다고 발표(6.22) 하였습니다. * 세슘 기준치 : (우리나라·일본) 100Bq/kg 이하, (호주·뉴질랜드·싱가포르) 1,000Bq/kg 이하, (미국) 1,200Bq/kg 이하 ※ 도쿄전력은 원전 항만 내 어류 이동을 제한･관리하기 위해 항만 내에 방지막을 설치･운영하고 있으며, 금번 건 포함 항만 내 어류의 세슘 분석 결과를 매월 홈페이지에 공개 중 □ 노래미는 얕은 바다의 일정한 장소에서 사는 연안 정착성 어종으로 국내 해역으로 이동할 가능성은 낮습니다. 또한, 우리나라는 후쿠시마를 포함한 8개현의 수산물 수입을 전면 금지하고 있으며, 그 외 지역 수산물에 대해서도 통관 시마다 방사능 검사를 실시하는 등 국민 건강과 안전을 지키기 위해 엄격하고 철저히 관리하고 있습니다. ○ 정부는 앞으로도 국민 건강과 안전을 최우선으로 두고 관리해 나가겠습니다. □ 이상입니다.후쿠시마 오염수 방류 모니터링브리퍼 : 원자력안전위원회 조정아 사무처장 - 1. 인사말씀 □ 원자력안전위원회 사무처장입니다. 2. 21차 방류 오염수 분석 결과 □ 도쿄전력이 어제(7.2) 17시경에 발표한 21차 대상 오염수의 핵종 분석 결과에 따르면, ○ 오염수의 삼중수소 농도는 리터당 17만 베크렐(Bq)이고, 삼중수소 이외 측정·평가 대상 29개 핵종의 고시농도비 총합*은 0.48로 배출기준 미만이며, 자체적으로 분석한 39개 핵종에서도 유의미한 농도가 확인되지 않았다고 설명했습니다. * 도쿄전력:0.48, 화연:0.46, JAEA:0.45 (배출기준 : 고시농도비 총합 1미만) 3. IAEA 9차 확충모니터링 □ IAEA는 지난 6월 24일부터 25일까지 아홉 번째 확충 모니터링*을 진행하였습니다. * IAEA 주관하에 제3국의 분석기관이 시료를 직접 채취하도록 하여 IAEA 모니터링 체계의 투명성을 강화한 조치 ○ 이번 확충모니터링에는 한국, 중국, 스위스 및 IAEA의 분석기관이 참여하여 후쿠시마 인근 해역의 해수 및 어류 시료를 직접 채취하였습니다. ○ 향후 각국 분석기관은 직접 채취한 시료들을 각각 분석하여 결과를 IAEA에 제출합니다. ○ 이후 IAEA는 일본과 각국 기관의 분석 결과를 비교하여 유의미한 차이가 있는지 확인할 예정입니다. □ 우리 정부는 IAEA의 모니터링 활동에 앞으로도 지속적으로 참여하여, 오염수 방류가 우리 국민의 건강과 안전에 영향이 없도록 빈틈없이 검증해 나가겠습니다. 4. 전문가 현지 파견 활동 결과 □ 우리 정부는 2023년 8월 오염수 방류 이후 한국원자력안전기술원 소속 전문가를 후쿠시마 현지에 파견해 오고 있습니다. ○ 우리 전문가들은 7월 1일 IAEA 현장사무소를 방문하여, 방류 상황 등 정보를 공유받았습니다. ○ IAEA는 현장점검을 통해 방류설비의 이상 유무를 확인한 결과 특이사항은 없었으며, ○ 도쿄전력이 22차 방류 대상 오염수 시료를 6월 22일에 채취하여 방사능 분석 중이라고 설명했습니다. 5. 전문가 현지 파견 일정 □ 우리 정부는 21차 방류 기간(7.6~7.24) 중에 한국원자력안전기술원 소속 전문가를 후쿠시마 현지로 파견합니다. ○ 우리 전문가들은 IAEA 현장사무소와 원전 시설을 방문하여, IAEA 및 일본 측으로부터 21차 방류 상황 등을 파악할 예정입니다. □ 주요 결과는 추후 브리핑을 통해 전달해 드리겠습니다. 6. 후쿠시마 원전 인근 해역 삼중수소 농도 분석 결과 □ 지난 브리핑 이후 도쿄전력이 공개한 후쿠시마 원전 인근 해역의 삼중수소 농도 분석 결과를 말씀드리겠습니다. □ 후쿠시마 원전 인근 3km 이내 해역 10개 지점 및 10km 이내 해역 1개 지점에서 시료를 채취해 분석한 결과, ○ 각각 이상치 판단 기준인 리터(ℓ)당 700베크렐(Bq)* 및 30베크렐(Bq)** 미만으로 기록되었습니다. * 3km 이내 총 10개 정점 삼중수소 농도 : 5.6~9.1(검출하한치 미만) ** 3~10km 이내 1개 정점 삼중수소 농도 : 6.6~7.8(검출하한치 미만) □ 이상입니다.",
154257,전력설비,4,2026-07-03 10:11:31,4일 전,약업닷컴,"일양약품, '원비-디'앞세워 중국 사업 재건 속도",http://www.yakup.com/news/index.html?mode=view&pmode=&cat=all&cat2=&cat3=&nid=329361&num_start=0,https://www.yakup.com/data/editor/news/202607/oHH9zGwI_s2.jpg,"일양약품이 중국 사업 확대를 위해 현지 자회사에 첫 출자를 집행하며 총 8,000만 위안(약 176억 원) 규모 투자 계획을 본격화했다. 이와 함께 대표 제품인 ‘원비-디’ 첫 수출을 시작으로 중국 사업 재건에도 속도를 내고 있다.이번 출자는 지난 5월 결정한 총 8,000만 위안 규모 투자 계획 첫 집행으로, 일양약품은 현지 사업 추진 일정에 맞춰 투자금을 단계적으로 출자할 계획이다.일양약품은 중국 자회사인 ‘일양약품(길림)유한공사’를 중심으로 건강기능식품 생산공장을 구축하고 생산·판매·개발 기술을 이전하는 한편, 원비-디를 비롯한 완제품과 원·부자재의 중국 판매를 확대해 현지 사업 경쟁력을 강화할 방침이다.투자는 두 단계로 추진된다. 우선 4,500만 위안을 현금 출자해 공장 임대, 생산설비 구매 및 설치, 제품 등록 등 현지 생산 기반을 구축한다. 이후 3,500만 위안은 현지 사업에서 발생하는 수익을 활용한 재투자를 우선 검토해 생산라인 확충과 연구개발(R&D), 마케팅 확대 등에 투입할 계획이다.현재 일양약품은 원비-디 완제품을 일양약품(길림)유한공사를 통해 중국에 첫 수출하며 본격적인 중국 사업 재건에 나섰다. 이번 수출은 중국 청산실업과 미배당이익금 및 경영권 분쟁 소송에서 최종 승소한 이후 이뤄진 첫 번째 사업 성과라는 점에서 의미가 크다는 평가다.특히 일양약품(길림)유한공사 경영권과 사업 주도권을 완전히 회복한 이후 진행된 첫 사업으로, 중국 사업 정상화의 출발점이자 안정적 경영 기반 구축과 기업가치 제고를 위한 중요한 전환점으로 평가된다.또 원비-디 중국 상표권을 확보함에 따라 중국 시장 재진출에 필요한 비용을 크게 절감할 수 있게 됐으며, 브랜드를 활용한 영업 및 마케팅을 신속하게 추진할 수 있는 기반도 마련했다. 이를 통해 중국 사업 재건 속도를 한층 높이고 시장 확대에도 긍정적 효과가 기대된다.일양약품은 현재 원비-디를 일반식품 형태로 중국에 수출·판매하며 시장 진입과 유통망 확대를 추진하고 있으며, 중장기적으로는 현지 생산체계를 구축해 중국 현지 생산으로 전환할 계획이다. 이를 통해 가격 경쟁력과 공급 안정성을 확보하고 중국 건강기능식품 시장 공략을 더욱 강화해 나갈 방침이다.한편, 중국은 세계 최대 규모 건강기능식품 및 제약시장 가운데 하나로 지속적인 성장세를 이어가고 있으며, 한국산 의약품과 건강기능식품에 대한 신뢰도 꾸준히 높아지고 있다. 일양약품은 원비-디를 중심으로 중국 시장 내 사업을 지속적으로 확대해 중장기적인 매출 성장과 글로벌 경쟁력 강화의 발판을 마련할 것으로 기대하고 있다.",
154257,전력설비,5,2026-07-03 09:11:22,4일 전,이데일리,"신하연 엠엑스로보틱스, 195억 규모 인도向 태양광 패널 설비 사업 추가 수주",https://www.edaily.co.kr/Jroom/Main?jid=summer1,,,
150775,제약/바이오,1,2026-06-20 09:05:42,2026-06-20,헤럴드경제,“타슈켄트 신공항에 더해 물류·주거 복합 스마트 에어로시티 투자 검...,https://biz.heraldcorp.com/article/10782399?ref=naver,https://mimgnews.pstatic.net/image/upload/office_logo/016/2025/03/07/logo_016_100_20250307145646.png,"이어 “제약·바이오, 의료기기 산업을 육성하는 타슈켄트 스마트 바이오 클러스터 사업도 진행 중”이라며 “마스터플랜을 수립했고, 올해 타당성조사를 수행하고 내년 하반기 착공을 목표로 하고 있다”고 덧붙였다. KIND는 우즈벡 뿐 아니라 전 세계에서 국내 건설사·투자자들의 인프라·플랜트 개발...",
150775,제약/바이오,2,2026-06-19 18:35:38,2026-06-19,NEWS1,"알테오젠, 아일리아 바이오시밀러 사우디 품목허가…중동 공략",https://www.news1.kr/bio/pharmaceutical-bio/6203001,https://mimgnews.pstatic.net/image/upload/office_logo/421/2025/03/07/logo_421_100_20250307145710.png,"한편 알테오젠은 하이브로자임 플랫폼을 사용한 피하주사 제형 개발을 원하는 8개 파트너와 라이선스 계약을 체결했다. 지난 1월 글로벌 제약사 GSK와 기술이전 계약을 체결한 데 이어, 3월에는 바이오젠(Biogen)과 파트너십을 체결하는 등 플랫폼 확대를 이어가고 있다.",
150775,제약/바이오,3,2026-05-05 16:05:37,2026-05-05,전자신문,230억원 '듀오다트' 내년 5월 개방…제약 4사 제네릭 경쟁,https://www.etnews.com/20260505000059,https://mimgnews.pstatic.net/image/upload/office_logo/030/2025/03/07/logo_030_100_20250307145551.png,유유제약과 에이프로젠바이오로직스도 각각 2024년 10월과 4월 생동성 시험 승인을 받아 개발을 진행 중이다. 두 회사 모두 PMS 만료 시점에 맞춘 출시가 목표다. PMS는 신약 시판 후 안전성을 관찰하는 제도다. 이 기간 타사 제네릭 허가가 제한돼 사실상 오리지널 의약품 독점권으로 작용한다. 제약사들이...,
150775,제약/바이오,4,2026-04-22 15:16:08,2026-04-22,베리타스알파,강원대 대학일자리플러스센터 맞춤형 취업 지원 'K-밀크; 밀착마크' 프로...,https://www.veritas-a.com/news/articleView.html?idxno=606952,https://imgnews.pstatic.net/image/origin/5258/2026/04/22/393791.jpg,"이어지는 심화 과정 '도약두리'는 반도체 공정, 생산기술 및 관리, 제약/바이오, 기획 및 광고 마케팅, PM 등 직무별 맞춤형 심화 교육으로 구성돼 실무 이해도를 높이고 취업 경쟁력을 극대화하는 데 초점을 맞추고 있다. 교육 일정은 4월 27일 기초 과정(3시간)을 시작으로, 4월 28일부터 29일까지 심화 과정(6시간)...",
150775,제약/바이오,5,2026-04-18 13:48:03,2026-04-18,뉴스웨어,"""전쟁 끝 보인다""…코스피, '110만닉스' 앞세워 칠천피 도전",https://www.newsway.co.kr/news/view?ud=2026041709174374897,https://imgnews.pstatic.net/image/origin/5270/2026/04/18/864549.jpg,"이어 ""단기 급반등 이후 종전협상 과정에서 노이즈와 경제지표, 실적 결과에 따른 단기 과열해소, 매물소화 과정은 비중 확대 기회""라며 ""수출주(반도체, 자동차, 조선 등)와 성장주(2차전지, 인터넷, 제약/바이오)에 집중하는 전략을 유지할 필요가 있다""고 부연했다.",
